frame,t_ms,status,num_detections,detected_ids,target_id,x_m,y_m,z_m,distance_m,rx,ry,rz,R_rowmajor,pose_err,corner_reproj_px,serial_line
0,100,valid,1,0,0,-0.041199,-0.004886,0.153437,0.158947,-0.127203,0.120158,-1.612173,-0.044357 0.986769 0.155947 -0.998984 -0.045053 0.000932 0.007946 -0.155747 0.987765,4.203e-07,1.672,"$CV1,0,100,1,0,-41.2,-4.9,153.4,-0.127203,0.120158,-1.612173*26"
1,164,valid,1,0,0,-0.041260,-0.004707,0.154482,0.159966,-0.126922,0.121632,-1.611924,-0.044226 0.986660 0.156673 -0.998998 -0.044752 -0.000174 0.006839 -0.156524 0.987651,3.942e-07,1.605,
2,195,valid,1,0,0,-0.040627,-0.004336,0.152901,0.158266,-0.130786,0.125311,-1.611832,-0.044324 0.985896 0.161385 -0.998992 -0.044885 -0.000174 0.007072 -0.161231 0.986891,3.042e-07,1.430,
3,225,valid,1,0,0,-0.040378,-0.003866,0.154148,0.159395,-0.131684,0.126923,-1.612614,-0.045206 0.985603 0.162923 -0.998955 -0.045698 -0.000730 0.006726 -0.162786 0.986638,2.348e-07,1.245,"$CV1,1,225,1,0,-40.4,-3.9,154.1,-0.131684,0.126923,-1.612614*29"
4,258,valid,1,0,0,-0.040470,-0.003301,0.156245,0.161435,-0.133376,0.128622,-1.613095,-0.045777 0.985226 0.165026 -0.998928 -0.046274 -0.000831 0.006817 -0.164888 0.986289,1.987e-07,1.117,
5,293,valid,1,0,0,-0.040687,-0.002607,0.158408,0.163571,-0.135121,0.130407,-1.614726,-0.047497 0.984780 0.167187 -0.998847 -0.047997 -0.001054 0.006987 -0.167045 0.985925,1.610e-07,1.000,
6,331,valid,1,0,0,-0.040777,-0.001802,0.160730,0.165832,-0.141045,0.129262,-1.617853,-0.050364 0.984122 0.170200 -0.998661 -0.051634 0.003041 0.011781 -0.169819 0.985405,1.827e-07,1.045,"$CV1,2,331,1,0,-40.8,-1.8,160.7,-0.141045,0.129262,-1.617853*25"
7,368,valid,1,0,0,-0.040553,-0.000987,0.162502,0.167489,-0.141795,0.132656,-1.620253,-0.053001 0.983551 0.172680 -0.998540 -0.054001 0.001092 0.010398 -0.172370 0.984977,2.167e-07,1.123,
8,405,valid,1,0,0,-0.040580,-0.000311,0.163779,0.168732,-0.142698,0.133340,-1.621755,-0.054526 0.983300 0.173634 -0.998455 -0.055554 0.001066 0.010695 -0.173308 0.984810,2.369e-07,1.168,
9,439,valid,1,0,0,-0.040517,0.000299,0.164757,0.169666,-0.142056,0.132999,-1.622065,-0.054822 0.983393 0.173010 -0.998441 -0.055814 0.000870 0.010512 -0.172693 0.984920,2.673e-07,1.229,"$CV1,3,439,1,0,-40.5,0.3,164.8,-0.142056,0.132999,-1.622065*05"
10,473,valid,1,0,0,-0.040302,0.000731,0.165407,0.170248,-0.141008,0.133089,-1.621036,-0.053834 0.983551 0.172420 -0.998503 -0.054699 0.000264 0.009691 -0.172147 0.985024,3.179e-07,1.323,
11,514,valid,1,0,0,-0.040040,0.001007,0.166000,0.170763,-0.141166,0.132876,-1.619596,-0.052383 0.983629 0.172426 -0.998579 -0.053288 0.000623 0.009801 -0.172149 0.985022,3.041e-07,1.294,
12,551,valid,1,0,0,-0.039865,0.001242,0.166881,0.171581,-0.141493,0.132726,-1.619474,-0.052241 0.983615 0.172547 -0.998583 -0.053199 0.000929 0.010093 -0.172254 0.985001,2.671e-07,1.199,"$CV1,4,551,1,0,-39.9,1.2,166.9,-0.141493,0.132726,-1.619474*04"
13,592,valid,1,0,0,-0.039757,0.001353,0.168013,0.172658,-0.141350,0.131425,-1.619371,-0.052037 0.983779 0.171671 -0.998587 -0.053116 0.001695 0.010786 -0.171340 0.985153,2.361e-07,1.104,
14,636,valid,1,0,0,-0.039654,0.001329,0.169034,0.173628,-0.140972,0.131111,-1.619040,-0.051693 0.983871 0.171247 -0.998606 -0.052762 0.001697 0.010705 -0.170920 0.985227,2.291e-07,1.066,
15,679,valid,1,0,0,-0.039528,0.001241,0.170063,0.174601,-0.140821,0.130845,-1.618885,-0.051521 0.983924 0.170993 -0.998614 -0.052601 0.001790 0.010756 -0.170664 0.985271,2.295e-07,1.059,"$CV1,5,679,1,0,-39.5,1.2,170.1,-0.140821,0.130845,-1.618885*00"
16,717,valid,1,0,0,-0.039326,0.001001,0.170833,0.175304,-0.141338,0.129441,-1.618135,-0.050651 0.984057 0.170489 -0.998646 -0.051935 0.003080 0.011885 -0.170102 0.985355,2.712e-07,1.158,
17,763,valid,1,0,0,-0.039078,0.000676,0.171299,0.175701,-0.142382,0.127829,-1.617016,-0.049384 0.984171 0.170202 -0.998689 -0.050952 0.004857 0.013452 -0.169739 0.985397,2.952e-07,1.213,
18,808,valid,1,0,0,-0.038799,0.000218,0.171482,0.175816,-0.143102,0.126818,-1.615286,-0.047567 0.984281 0.170084 -0.998764 -0.049321 0.006099 0.014392 -0.169584 0.985411,3.212e-07,1.261,"$CV1,6,808,1,0,-38.8,0.2,171.5,-0.143102,0.126818,-1.615286*03"
19,852,valid,1,0,0,-0.038397,-0.000295,0.171493,0.175739,-0.142408,0.128043,-1.613746,-0.046151 0.984290 0.170418 -0.998849 -0.047702 0.005015 0.013065 -0.169991 0.985359,3.293e-07,1.264,
20,894,valid,1,0,0,-0.037926,-0.000906,0.171455,0.175602,-0.144254,0.126748,-1.611938,-0.044204 0.984306 0.170843 -0.998911 -0.046099 0.007138 0.014902 -0.170342 0.985272,3.351e-07,1.291,
21,944,valid,1,0,0,-0.037421,-0.001409,0.171160,0.175209,-0.144430,0.127388,-1.610074,-0.042396 0.984292 0.171383 -0.998996 -0.044247 0.006994 0.014467 -0.170915 0.985180,3.354e-07,1.308,"$CV1,7,944,1,0,-37.4,-1.4,171.2,-0.144430,0.127388,-1.610074*2F"
22,986,valid,1,0,0,-0.036941,-0.001841,0.170729,0.174690,-0.146855,0.126477,-1.608545,-0.040741 0.984184 0.172401 -0.999034 -0.042968 0.009202 0.016464 -0.171859 0.984984,3.395e-07,1.325,
23,1029,valid,1,0,0,-0.036494,-0.002030,0.170441,0.174316,-0.145640,0.128883,-1.608755,-0.041172 0.984045 0.173092 -0.999051 -0.043011 0.006884 0.014219 -0.172645 0.984882,3.386e-07,1.333,
24,1067,valid,1,0,0,-0.036057,-0.002146,0.170061,0.173855,-0.146080,0.127860,-1.608688,-0.041013 0.984112 0.172749 -0.999044 -0.043008 0.007821 0.015126 -0.172263 0.984935,3.661e-07,1.398,"$CV1,8,1067,1,0,-36.1,-2.1,170.1,-0.146080,0.127860,-1.608688*15"
25,1109,valid,1,0,0,-0.035602,-0.002236,0.169395,0.173110,-0.146263,0.128309,-1.607826,-0.040187 0.984074 0.173157 -0.999081 -0.042158 0.007719 0.014896 -0.172688 0.984864,4.019e-07,1.477,
26,1147,valid,1,0,0,-0.035165,-0.002189,0.168601,0.172243,-0.145902,0.128862,-1.607227,-0.039645 0.984075 0.173277 -0.999112 -0.041517 0.007192 0.014272 -0.172838 0.984847,4.253e-07,1.531,
27,1184,valid,1,0,0,-0.034862,-0.001945,0.167749,0.171345,-0.146876,0.125397,-1.608451,-0.040563 0.984304 0.171757 -0.999030 -0.042901 0.009921 0.017133 -0.171188 0.985089,4.163e-07,1.527,"$CV1,9,1184,1,0,-34.9,-1.9,167.7,-0.146876,0.125397,-1.608451*1F"
28,1220,valid,1,0,0,-0.035163,-0.001559,0.166660,0.170336,-0.146876,0.122804,-1.610345,-0.042247 0.984514 0.170140 -0.998929 -0.044842 0.011432 0.018884 -0.169474 0.985354,4.375e-07,1.572,
29,1256,valid,1,0,0,-0.036361,-0.001184,0.165526,0.169477,-0.141419,0.117807,-1.611676,-0.043342 0.985576 0.163591 -0.998888 -0.045788 0.011206 0.018535 -0.162924 0.986465,4.139e-07,1.538,
30,1291,valid,1,0,0,-0.037575,-0.000765,0.164464,0.168704,-0.134636,0.113446,-1.612088,-0.043612 0.986700 0.156595 -0.998906 -0.045713 0.009836 0.016864 -0.155994 0.987614,4.620e-07,1.631,"$CV1,10,1291,1,0,-37.6,-0.8,164.5,-0.134636,0.113446,-1.612088*27"
31,1326,valid,1,0,0,-0.038856,-0.000453,0.163211,0.167774,-0.129770,0.106362,-1.611153,-0.042317 0.987906 0.149171 -0.998942 -0.044527 0.011504 0.018007 -0.148526 0.988745,4.844e-07,1.676,
32,1360,valid,1,0,0,-0.040587,-0.000229,0.161603,0.166622,-0.123634,0.096957,-1.608854,-0.039579 0.989429 0.139515 -0.999023 -0.041934 0.013979 0.019681 -0.138825 0.990121,4.835e-07,1.682,
33,1395,valid,1,0,0,-0.042337,-0.000079,0.160034,0.165539,-0.112731,0.090930,-1.606747,-0.037362 0.990958 0.128863 -0.999170 -0.039140 0.011295 0.016237 -0.128334 0.991598,5.945e-07,1.866,"$CV1,11,1395,1,0,-42.3,-0.1,160.0,-0.112731,0.090930,-1.606747*29"
34,1430,valid,1,0,0,-0.043867,-0.000186,0.158870,0.164815,-0.106605,0.080340,-1.603640,-0.033823 0.992385 0.118443 -0.999254 -0.035792 0.014536 0.018664 -0.117863 0.992854,6.262e-07,1.924,
35,1469,valid,1,0,0,-0.044883,-0.000408,0.157828,0.164086,-0.103397,0.071613,-1.599298,-0.029140 0.993391 0.111017 -0.999338 -0.031374 0.018426 0.021787 -0.110407 0.993648,6.518e-07,1.968,
36,1518,valid,1,0,0,-0.045181,-0.000715,0.157271,0.163634,-0.099365,0.068477,-1.595731,-0.025518 0.993984 0.106513 -0.999454 -0.027602 0.018138 0.020969 -0.105992 0.994146,6.402e-07,1.960,"$CV1,12,1518,1,0,-45.2,-0.7,157.3,-0.099365,0.068477,-1.595731*28"
37,1554,valid,1,0,0,-0.045122,-0.001206,0.157048,0.163407,-0.100434,0.065383,-1.592318,-0.021963 0.994200 0.105282 -0.999484 -0.024302 0.020982 0.023419 -0.104767 0.994221,5.831e-07,1.878,
38,1595,valid,1,0,0,-0.044986,-0.001439,0.157143,0.163461,-0.099425,0.065798,-1.590531,-0.020215 0.994277 0.104906 -0.999544 -0.022452 0.020185 0.022425 -0.104450 0.994277,5.500e-07,1.831,
39,1629,valid,1,0,0,-0.045073,-0.001473,0.157320,0.163656,-0.102527,0.063630,-1.589741,-0.019283 0.994229 0.105530 -0.999483 -0.021885 0.023558 0.025732 -0.105022 0.994137,5.273e-07,1.803,"$CV1,13,1629,1,0,-45.1,-1.5,157.3,-0.102527,0.063630,-1.589741*2B"
40,1668,valid,1,0,0,-0.045449,-0.001220,0.157354,0.163790,-0.102500,0.062428,-1.590386,-0.019879 0.994299 0.104761 -0.999451 -0.022540 0.024276 0.026499 -0.104221 0.994201,5.336e-07,1.814,
41,1705,valid,1,0,0,-0.045957,-0.000720,0.157460,0.164031,-0.101740,0.061852,-1.592181,-0.021662 0.994351 0.103912 -0.999415 -0.024288 0.024072 0.026459 -0.103329 0.994295,4.601e-07,1.682,
42,1740,valid,1,0,0,-0.046512,-0.000141,0.157524,0.164247,-0.100583,0.060392,-1.594296,-0.023738 0.994475 0.102258 -0.999361 -0.026340 0.024171 0.026731 -0.101619 0.994464,5.302e-07,1.801,"$CV1,14,1740,1,0,-46.5,-0.1,157.5,-0.100583,0.060392,-1.594296*27"
43,1780,valid,1,0,0,-0.047046,0.000374,0.157461,0.164339,-0.100464,0.057902,-1.595314,-0.024664 0.994618 0.100628 -0.999296 -0.027375 0.025641 0.028258 -0.099924 0.994594,5.182e-07,1.782,
44,1818,valid,1,0,0,-0.047416,0.000807,0.157409,0.164398,-0.100326,0.057807,-1.596282,-0.025630 0.994609 0.100479 -0.999272 -0.028332 0.025565 0.028274 -0.099750 0.994611,5.153e-07,1.773,
45,1855,valid,1,0,0,-0.047842,0.001227,0.157350,0.164466,-0.098484,0.057019,-1.598293,-0.027641 0.994723 0.098808 -0.999235 -0.030232 0.024818 0.027674 -0.098046 0.994797,4.909e-07,1.725,"$CV1,15,1855,1,0,-47.8,1.2,157.3,-0.098484,0.057019,-1.598293*03"
46,1891,valid,1,0,0,-0.048256,0.001564,0.157142,0.164392,-0.097910,0.055799,-1.599853,-0.029164 0.994790 0.097680 -0.999179 -0.031764 0.025164 0.028135 -0.096866 0.994900,5.437e-07,1.812,
47,1926,valid,1,0,0,-0.048610,0.001756,0.157035,0.164396,-0.095740,0.055753,-1.601019,-0.030365 0.994893 0.096261 -0.999179 -0.032797 0.023785 0.026820 -0.095460 0.995072,5.273e-07,1.773,
48,1965,valid,1,0,0,-0.048974,0.001785,0.156797,0.164277,-0.095047,0.053348,-1.601498,-0.030773 0.995066 0.094322 -0.999137 -0.033257 0.024878 0.027892 -0.093475 0.995231,6.021e-07,1.905,"$CV1,16,1965,1,0,-49.0,1.8,156.8,-0.095047,0.053348,-1.601498*0F"
49,2006,valid,1,0,0,-0.049276,0.001640,0.156624,0.164201,-0.093861,0.052002,-1.600844,-0.030096 0.995237 0.092726 -0.999156 -0.032547 0.025042 0.027940 -0.091894 0.995377,6.077e-07,1.912,
50,2050,valid,1,0,0,-0.049256,0.001443,0.156616,0.164185,-0.092171,0.053019,-1.599382,-0.028698 0.995320 0.092277 -0.999246 -0.030981 0.023409 0.026159 -0.091536 0.995458,6.324e-07,1.952,
51,2092,valid,1,0,0,-0.049085,0.001211,0.156608,0.164124,-0.092330,0.052289,-1.598067,-0.027359 0.995390 0.091926 -0.999270 -0.029686 0.024043 0.026661 -0.091201 0.995476,6.362e-07,1.966,"$CV1,17,2092,1,0,-49.1,1.2,156.6,-0.092330,0.052289,-1.598067*07"
52,2134,valid,1,0,0,-0.049160,0.001065,0.156510,0.164052,-0.092398,0.051662,-1.596943,-0.026215 0.995453 0.091579 -0.999290 -0.028574 0.024543 0.027049 -0.090871 0.995495,6.620e-07,2.007,
53,2173,valid,1,0,0,-0.049145,0.001026,0.156479,0.164018,-0.091846,0.051261,-1.596142,-0.025412 0.995529 0.090977 -0.999315 -0.027747 0.024497 0.026911 -0.090292 0.995552,6.645e-07,2.014,
54,2208,valid,1,0,0,-0.049011,0.001031,0.156584,0.164078,-0.093459,0.050439,-1.596390,-0.025607 0.995476 0.091496 -0.999267 -0.028096 0.026018 0.028471 -0.090762 0.995466,6.372e-07,1.972,"$CV1,18,2208,1,0,-49.0,1.0,156.6,-0.093459,0.050439,-1.596390*09"
55,2246,valid,1,0,0,-0.049005,0.001080,0.156567,0.164061,-0.093932,0.050246,-1.597165,-0.026366 0.995440 0.091679 -0.999234 -0.028898 0.026398 0.028927 -0.090913 0.995439,6.389e-07,1.971,
56,2287,valid,1,0,0,-0.048965,0.001044,0.156536,0.164019,-0.093714,0.049893,-1.597756,-0.026949 0.995457 0.091319 -0.999215 -0.029478 0.026460 0.029032 -0.090534 0.995470,6.737e-07,2.024,
57,2328,valid,1,0,0,-0.048819,0.000914,0.156454,0.163896,-0.093734,0.049601,-1.596831,-0.026016 0.995497 0.091149 -0.999235 -0.028559 0.026706 0.029189 -0.090385 0.995479,6.866e-07,2.046,"$CV1,19,2328,1,0,-48.8,0.9,156.5,-0.093734,0.049601,-1.596831*00"
58,2369,valid,1,0,0,-0.048638,0.000708,0.156401,0.163791,-0.094018,0.049797,-1.596287,-0.025474 0.995484 0.091453 -0.999248 -0.028031 0.026784 0.029226 -0.090702 0.995449,6.320e-07,1.965,
59,2417,valid,1,0,0,-0.048520,0.000545,0.156423,0.163776,-0.092970,0.050490,-1.595708,-0.024936 0.995519 0.091215 -0.999294 -0.027386 0.025714 0.028097 -0.090509 0.995499,6.106e-07,1.932,
60,2469,valid,1,0,0,-0.048450,0.000314,0.156492,0.163820,-0.093439,0.049435,-1.594705,-0.023893 0.995577 0.090856 -0.999293 -0.026422 0.026733 0.029016 -0.090153 0.995505,5.886e-07,1.901,"$CV1,20,2469,1,0,-48.4,0.3,156.5,-0.093439,0.049435,-1.594705*0F"
61,2544,valid,1,0,0,-0.048399,0.000162,0.156511,0.163824,-0.094333,0.049116,-1.593605,-0.022771 0.995570 0.091227 -0.999298 -0.025380 0.027550 0.029744 -0.090536 0.995449,6.039e-07,1.928,
62,2924,valid,1,0,0,-0.048387,0.000115,0.156438,0.163750,-0.095095,0.048645,-1.593426,-0.022564 0.995557 0.091419 -0.999279 -0.025250 0.028337 0.030519 -0.090714 0.995409,5.997e-07,1.924,"$CV1,21,2924,1,0,-48.4,0.1,156.4,-0.095095,0.048645,-1.593426*0C"
63,3145,valid,1,0,0,-0.048426,0.000149,0.156439,0.163763,-0.096104,0.048051,-1.594104,-0.023206 0.995517 0.091694 -0.999232 -0.025993 0.029315 0.031566 -0.090943 0.995356,5.801e-07,1.892,"$CV1,22,3145,1,0,-48.4,0.1,156.4,-0.096104,0.048051,-1.594104*0A"
64,3358,valid,1,0,0,-0.048416,0.000258,0.156360,0.163685,-0.097628,0.047425,-1.594660,-0.023716 0.995451 0.092278 -0.999175 -0.026645 0.030639 0.032959 -0.091475 0.995262,5.835e-07,1.901,"$CV1,23,3358,1,0,-48.4,0.3,156.4,-0.097628,0.047425,-1.594660*02"
65,3583,valid,1,0,0,-0.048425,0.000484,0.156227,0.163561,-0.095363,0.049270,-1.595491,-0.024641 0.995456 0.091983 -0.999234 -0.027322 0.028000 0.030386 -0.091223 0.995367,5.404e-07,1.826,"$CV1,24,3583,1,0,-48.4,0.5,156.2,-0.095363,0.049270,-1.595491*08"
66,3776,valid,1,0,0,-0.048507,0.000715,0.156212,0.163571,-0.095374,0.050350,-1.596547,-0.025728 0.995365 0.092665 -0.999226 -0.028366 0.027260 0.029762 -0.091892 0.995324,5.528e-07,1.841,"$CV1,25,3776,1,0,-48.5,0.7,156.2,-0.095374,0.050350,-1.596547*06"
67,4008,valid,1,0,0,-0.048674,0.000860,0.156386,0.163788,-0.093959,0.049960,-1.597731,-0.026922 0.995439 0.091518 -0.999213 -0.029466 0.026570 0.029146 -0.090730 0.995449,5.093e-07,1.758,"$CV1,26,4008,1,0,-48.7,0.9,156.4,-0.093959,0.049960,-1.597731*06"
68,4258,valid,1,0,0,-0.048801,0.000807,0.156602,0.164031,-0.097493,0.048094,-1.597731,-0.026804 0.995341 0.092617 -0.999110 -0.029694 0.029970 0.032580 -0.091731 0.995251,5.452e-07,1.823,"$CV1,27,4258,1,0,-48.8,0.8,156.6,-0.097493,0.048094,-1.597731*00"
69,4570,valid,1,0,0,-0.048826,0.000776,0.156752,0.164182,-0.095742,0.049345,-1.597415,-0.026557 0.995379 0.092275 -0.999177 -0.029262 0.028092 0.030662 -0.091453 0.995337,5.623e-07,1.848,"$CV1,28,4570,1,0,-48.8,0.8,156.8,-0.095742,0.049345,-1.597415*0A"
70,4767,valid,1,0,0,-0.048804,0.000737,0.156810,0.164231,-0.096150,0.049415,-1.596975,-0.026113 0.995363 0.092579 -0.999182 -0.028848 0.028323 0.030862 -0.091764 0.995302,5.632e-07,1.851,"$CV1,29,4767,1,0,-48.8,0.7,156.8,-0.096150,0.049415,-1.596975*0E"
71,4961,valid,1,0,0,-0.048813,0.000735,0.156933,0.164351,-0.096652,0.049805,-1.597374,-0.026514 0.995300 0.093144 -0.999169 -0.029272 0.028364 0.030958 -0.092315 0.995249,5.582e-07,1.839,"$CV1,30,4961,1,0,-48.8,0.7,156.9,-0.096652,0.049805,-1.597374*0D"
72,5196,valid,1,0,0,-0.048830,0.000683,0.157052,0.164469,-0.095999,0.049120,-1.597345,-0.026475 0.995379 0.092299 -0.999170 -0.029210 0.028400 0.030965 -0.091471 0.995326,5.702e-07,1.844,"$CV1,31,5196,1,0,-48.8,0.7,157.1,-0.095999,0.049120,-1.597345*03"
73,5854,valid,1,0,0,-0.048831,0.000648,0.157185,0.164596,-0.095587,0.050300,-1.597231,-0.026405 0.995337 0.092771 -0.999202 -0.029061 0.027390 0.029959 -0.091974 0.995311,5.674e-07,1.843,"$CV1,32,5854,1,0,-48.8,0.6,157.2,-0.095587,0.050300,-1.597231*0C"
74,6345,valid,1,0,0,-0.048793,0.000638,0.157282,0.164677,-0.097252,0.050347,-1.597575,-0.026722 0.995226 0.093866 -0.999162 -0.029504 0.028379 0.031013 -0.093029 0.995180,5.854e-07,1.884,"$CV1,33,6345,1,0,-48.8,0.6,157.3,-0.097252,0.050347,-1.597575*0D"
75,6534,valid,1,0,0,-0.048720,0.000640,0.157310,0.164683,-0.097043,0.051096,-1.597482,-0.026656 0.995197 0.094199 -0.999182 -0.029392 0.027772 0.030407 -0.093381 0.995166,5.697e-07,1.856,"$CV1,34,6534,1,0,-48.7,0.6,157.3,-0.097043,0.051096,-1.597482*00"
76,6735,valid,1,0,0,-0.048625,0.000657,0.157328,0.164672,-0.097787,0.050901,-1.597849,-0.027004 0.995153 0.094553 -0.999154 -0.029805 0.028342 0.031023 -0.093708 0.995116,5.793e-07,1.870,"$CV1,35,6735,1,0,-48.6,0.7,157.3,-0.097787,0.050901,-1.597849*00"
77,6939,valid,1,0,0,-0.048521,0.000670,0.157248,0.164565,-0.096091,0.051812,-1.597520,-0.026734 0.995210 0.094035 -0.999212 -0.029366 0.026718 0.029351 -0.093247 0.995210,5.720e-07,1.857,"$CV1,36,6939,1,0,-48.5,0.7,157.2,-0.096091,0.051812,-1.597520*02"
78,7134,valid,1,0,0,-0.048434,0.000693,0.157362,0.164649,-0.097241,0.051733,-1.597626,-0.026817 0.995143 0.094722 -0.999186 -0.029542 0.027478 0.030143 -0.093908 0.995124,5.653e-07,1.846,"$CV1,37,7134,1,0,-48.4,0.7,157.4,-0.097241,0.051733,-1.597626*07"
79,7333,valid,1,0,0,-0.048307,0.000758,0.157448,0.164694,-0.097738,0.052075,-1.597322,-0.026516 0.995100 0.095253 -0.999191 -0.029266 0.027583 0.030236 -0.094444 0.995071,5.838e-07,1.872,"$CV1,38,7333,1,0,-48.3,0.8,157.4,-0.097738,0.052075,-1.597322*09"
80,7524,valid,1,0,0,-0.048261,0.000884,0.157585,0.164812,-0.098408,0.051490,-1.598446,-0.027607 0.995064 0.095317 -0.999136 -0.030433 0.028319 0.031080 -0.094453 0.995044,5.315e-07,1.791,"$CV1,39,7524,1,0,-48.3,0.9,157.6,-0.098408,0.051490,-1.598446*02"
81,7726,valid,1,0,0,-0.048223,0.001063,0.157742,0.164952,-0.098207,0.052334,-1.599119,-0.028310 0.995006 0.095715 -0.999135 -0.031084 0.027616 0.030453 -0.094851 0.995026,5.504e-07,1.822,"$CV1,40,7726,1,0,-48.2,1.1,157.7,-0.098207,0.052334,-1.599119*08"
82,7920,valid,1,0,0,-0.048192,0.001108,0.157844,0.165041,-0.099547,0.052165,-1.599322,-0.028484 0.994928 0.096468 -0.999100 -0.031371 0.028548 0.031429 -0.095568 0.994927,5.328e-07,1.794,"$CV1,41,7920,1,0,-48.2,1.1,157.8,-0.099547,0.052165,-1.599322*00"
83,8097,valid,1,0,0,-0.048161,0.001135,0.157891,0.165076,-0.102314,0.050338,-1.599187,-0.028241 0.994874 0.097101 -0.999011 -0.031428 0.031449 0.034340 -0.096117 0.994778,5.437e-07,1.813,"$CV1,42,8097,1,0,-48.2,1.1,157.9,-0.102314,0.050338,-1.599187*0E"
84,8277,valid,1,0,0,-0.048150,0.001281,0.157810,0.164998,-0.099879,0.053157,-1.599357,-0.028546 0.994846 0.097298 -0.999111 -0.031417 0.028113 0.031025 -0.096409 0.994858,5.273e-07,1.785,"$CV1,43,8277,1,0,-48.2,1.3,157.8,-0.099879,0.053157,-1.599357*04"
85,8479,valid,1,0,0,-0.048171,0.001478,0.157748,0.164946,-0.099703,0.052876,-1.599995,-0.029176 0.994856 0.097010 -0.999090 -0.032045 0.028151 0.031115 -0.096100 0.994885,5.106e-07,1.753,"$CV1,44,8479,1,0,-48.2,1.5,157.7,-0.099703,0.052876,-1.599995*0F"
86,8661,valid,1,0,0,-0.048228,0.001725,0.157710,0.164928,-0.099585,0.054069,-1.601171,-0.030391 0.994754 0.097676 -0.999077 -0.033199 0.027249 0.030348 -0.096758 0.994845,5.329e-07,1.786,"$CV1,45,8661,1,0,-48.2,1.7,157.7,-0.099585,0.054069,-1.601171*0B"
87,8838,valid,1,0,0,-0.048256,0.001944,0.157610,0.164843,-0.099249,0.053655,-1.602423,-0.031633 0.994762 0.097204 -0.999036 -0.034430 0.027241 0.030445 -0.096249 0.994892,5.225e-07,1.770,"$CV1,46,8838,1,0,-48.3,1.9,157.6,-0.099249,0.053655,-1.602423*0C"
88,9005,valid,1,0,0,-0.048246,0.002078,0.157453,0.164692,-0.100790,0.052250,-1.602977,-0.032112 0.994735 0.097320 -0.998961 -0.035093 0.029072 0.032334 -0.096285 0.994828,5.307e-07,1.789,"$CV1,47,9005,1,0,-48.2,2.1,157.5,-0.100790,0.052250,-1.602977*0F"
89,9172,valid,1,0,0,-0.048169,0.002169,0.157259,0.164485,-0.101785,0.051240,-1.603044,-0.032128 0.994733 0.097330 -0.998919 -0.035231 0.030336 0.033605 -0.096251 0.994790,5.439e-07,1.817,"$CV1,48,9172,1,0,-48.2,2.2,157.3,-0.101785,0.051240,-1.603044*0B"
90,9360,valid,1,0,0,-0.048085,0.002287,0.156990,0.164205,-0.099477,0.053752,-1.602762,-0.031971 0.994731 0.097411 -0.999022 -0.034782 0.027302 0.030546 -0.096443 0.994870,5.426e-07,1.810,"$CV1,49,9360,1,0,-48.1,2.3,157.0,-0.099477,0.053752,-1.602762*02"
91,9537,valid,1,0,0,-0.048099,0.002360,0.156915,0.164138,-0.100539,0.052397,-1.602477,-0.031622 0.994758 0.097250 -0.998986 -0.034577 0.028849 0.032060 -0.096239 0.994842,5.153e-07,1.767,"$CV1,50,9537,1,0,-48.1,2.4,156.9,-0.100539,0.052397,-1.602477*00"
92,9716,valid,1,0,0,-0.048206,0.002485,0.156973,0.164227,-0.100546,0.052328,-1.603087,-0.032228 0.994742 0.097212 -0.998964 -0.035186 0.028864 0.032133 -0.096181 0.994845,4.744e-07,1.696,"$CV1,51,9716,1,0,-48.2,2.5,157.0,-0.100546,0.052328,-1.603087*0C"
93,9894,valid,1,0,0,-0.048368,0.002620,0.157023,0.164324,-0.101238,0.051871,-1.603696,-0.032809 0.994707 0.097373 -0.998920 -0.035841 0.029556 0.032889 -0.096298 0.994809,4.719e-07,1.691,"$CV1,52,9894,1,0,-48.4,2.6,157.0,-0.101238,0.051871,-1.603696*02"
94,10079,valid,1,0,0,-0.048535,0.002775,0.157107,0.164456,-0.099163,0.053646,-1.604129,-0.033337 0.994712 0.097144 -0.998980 -0.036127 0.027103 0.030469 -0.096141 0.994901,4.516e-07,1.650,"$CV1,53,10079,1,0,-48.5,2.8,157.1,-0.099163,0.053646,-1.604129*3F"
95,10273,valid,1,0,0,-0.048654,0.002885,0.157313,0.164691,-0.099788,0.053096,-1.605190,-0.034366 0.994671 0.097204 -0.998920 -0.037228 0.027789 0.031260 -0.096144 0.994876,4.735e-07,1.689,"$CV1,54,10273,1,0,-48.7,2.9,157.3,-0.099788,0.053096,-1.605190*3A"
96,10453,valid,1,0,0,-0.048711,0.002882,0.157443,0.164831,-0.099648,0.052627,-1.605423,-0.034585 0.994701 0.096823 -0.998906 -0.037456 0.027993 0.031472 -0.095749 0.994908,5.066e-07,1.741,"$CV1,55,10453,1,0,-48.7,2.9,157.4,-0.099648,0.052627,-1.605423*35"
97,10633,valid,1,0,0,-0.048705,0.002771,0.157513,0.164895,-0.099135,0.052198,-1.604985,-0.034144 0.994774 0.096228 -0.998924 -0.036992 0.027975 0.031389 -0.095169 0.994966,5.349e-07,1.793,"$CV1,56,10633,1,0,-48.7,2.8,157.5,-0.099135,0.052198,-1.604985*3C"
98,10823,valid,1,0,0,-0.048647,0.002567,0.157447,0.164811,-0.101123,0.051477,-1.603893,-0.032995 0.994732 0.097055 -0.998908 -0.036034 0.029728 0.033069 -0.095968 0.994835,5.590e-07,1.836,"$CV1,57,10823,1,0,-48.6,2.6,157.4,-0.101123,0.051477,-1.603893*3D"
99,11007,valid,1,0,0,-0.048550,0.002435,0.157371,0.164708,-0.099476,0.052640,-1.603317,-0.032488 0.994781 0.096720 -0.998983 -0.035346 0.027988 0.031261 -0.095712 0.994918,5.833e-07,1.870,"$CV1,58,11007,1,0,-48.6,2.4,157.4,-0.099476,0.052640,-1.603317*38"
100,11202,valid,1,0,0,-0.048416,0.002284,0.157191,0.164494,-0.099732,0.053112,-1.602168,-0.031351 0.994773 0.097176 -0.999025 -0.034211 0.027903 0.031082 -0.096207 0.994876,6.015e-07,1.898,"$CV1,59,11202,1,0,-48.4,2.3,157.2,-0.099732,0.053112,-1.602168*34"
101,11386,valid,1,0,0,-0.048296,0.002213,0.157031,0.164305,-0.098448,0.054162,-1.601715,-0.030958 0.994802 0.097006 -0.999083 -0.033671 0.026454 0.029583 -0.096098 0.994932,5.764e-07,1.865,"$CV1,60,11386,1,0,-48.3,2.2,157.0,-0.098448,0.054162,-1.601715*37"
102,11560,valid,1,0,0,-0.048219,0.002191,0.156927,0.164182,-0.101712,0.051935,-1.601663,-0.030774 0.994739 0.097713 -0.998979 -0.033844 0.029916 0.033065 -0.096693 0.994765,5.739e-07,1.870,"$CV1,61,11560,1,0,-48.2,2.2,156.9,-0.101712,0.051935,-1.601663*33"
103,11724,valid,1,0,0,-0.048219,0.002354,0.156872,0.164132,-0.099673,0.053927,-1.602122,-0.031334 0.994728 0.097645 -0.999042 -0.034154 0.027344 0.030535 -0.096695 0.994846,5.172e-07,1.769,"$CV1,62,11724,1,0,-48.2,2.4,156.9,-0.099673,0.053927,-1.602122*32"
104,11875,valid,1,0,0,-0.048248,0.002578,0.156885,0.164157,-0.100663,0.053303,-1.602674,-0.031846 0.994687 0.097891 -0.998994 -0.034772 0.028331 0.031584 -0.096891 0.994794,5.275e-07,1.791,"$CV1,63,11875,1,0,-48.2,2.6,156.9,-0.100663,0.053303,-1.602674*32"
105,12044,valid,1,0,0,-0.048321,0.002906,0.156951,0.164247,-0.099880,0.054613,-1.604186,-0.033414 0.994605 0.098203 -0.998981 -0.036219 0.026922 0.030333 -0.097203 0.994802,4.838e-07,1.711,"$CV1,64,12044,1,0,-48.3,2.9,157.0,-0.099880,0.054613,-1.604186*37"
106,12218,valid,1,0,0,-0.048374,0.003250,0.157063,0.164376,-0.100230,0.053401,-1.605522,-0.034699 0.994613 0.097676 -0.998905 -0.037584 0.027849 0.031370 -0.096602 0.994829,5.370e-07,1.803,"$CV1,65,12218,1,0,-48.4,3.2,157.1,-0.100230,0.053401,-1.605522*3C"
107,12382,valid,1,0,0,-0.048386,0.003510,0.157020,0.164344,-0.100279,0.053662,-1.606515,-0.035699 0.994559 0.097870 -0.998873 -0.038575 0.027659 0.031284 -0.096772 0.994815,5.223e-07,1.778,"$CV1,66,12382,1,0,-48.4,3.5,157.0,-0.100279,0.053662,-1.606515*36"
108,12540,valid,1,0,0,-0.048389,0.003689,0.157020,0.164348,-0.100949,0.053183,-1.607147,-0.036301 0.994524 0.098003 -0.998827 -0.039252 0.028349 0.032040 -0.096859 0.994782,5.098e-07,1.752,"$CV1,67,12540,1,0,-48.4,3.7,157.0,-0.100949,0.053183,-1.607147*3F"
109,12716,valid,1,0,0,-0.048407,0.003820,0.157049,0.164384,-0.100776,0.052639,-1.607703,-0.036841 0.994548 0.097556 -0.998799 -0.039800 0.028563 0.032290 -0.096386 0.994820,4.901e-07,1.716,"$CV1,68,12716,1,0,-48.4,3.8,157.0,-0.100776,0.052639,-1.607703*3D"
110,12894,valid,1,0,0,-0.048423,0.003931,0.157108,0.164448,-0.099373,0.053415,-1.607933,-0.037121 0.994579 0.097136 -0.998832 -0.039935 0.027183 0.030915 -0.096013 0.994900,4.926e-07,1.706,"$CV1,69,12894,1,0,-48.4,3.9,157.1,-0.099373,0.053415,-1.607933*39"
111,13060,valid,1,0,0,-0.048413,0.003980,0.157063,0.164404,-0.100092,0.052871,-1.607821,-0.036979 0.994572 0.097260 -0.998813 -0.039873 0.027984 0.031711 -0.096110 0.994866,4.930e-07,1.718,"$CV1,70,13060,1,0,-48.4,4.0,157.1,-0.100092,0.052871,-1.607821*3D"
112,13223,valid,1,0,0,-0.048430,0.004049,0.157014,0.164363,-0.100108,0.053046,-1.608428,-0.037590 0.994537 0.097379 -0.998792 -0.040478 0.027849 0.031639 -0.096215 0.994858,4.674e-07,1.671,"$CV1,71,13223,1,0,-48.4,4.0,157.0,-0.100108,0.053046,-1.608428*3D"
113,13405,valid,1,0,0,-0.048463,0.004113,0.156998,0.164360,-0.100539,0.052454,-1.609402,-0.038534 0.994510 0.097290 -0.998734 -0.041481 0.028446 0.032326 -0.096071 0.994849,4.715e-07,1.682,"$CV1,72,13405,1,0,-48.5,4.1,157.0,-0.100539,0.052454,-1.609402*35"
114,13595,valid,1,0,0,-0.048498,0.004064,0.156983,0.164354,-0.100901,0.051704,-1.608694,-0.037797 0.994561 0.097059 -0.998741 -0.040805 0.029192 0.032993 -0.095833 0.994850,4.787e-07,1.692,"$CV1,73,13595,1,0,-48.5,4.1,157.0,-0.100901,0.051704,-1.608694*32"
115,13788,valid,1,0,0,-0.048599,0.004050,0.157020,0.164418,-0.099569,0.053141,-1.608583,-0.037757 0.994559 0.097092 -0.998799 -0.040597 0.027447 0.031239 -0.095939 0.994897,4.733e-07,1.671,"$CV1,74,13788,1,0,-48.6,4.1,157.0,-0.099569,0.053141,-1.608583*3B"
116,13969,valid,1,0,0,-0.048712,0.004014,0.157142,0.164568,-0.100165,0.052430,-1.609636,-0.038774 0.994525 0.097036 -0.998732 -0.041691 0.028219 0.032110 -0.095819 0.994881,4.746e-07,1.683,"$CV1,75,13969,1,0,-48.7,4.0,157.1,-0.100165,0.052430,-1.609636*3D"
117,14139,valid,1,0,0,-0.048786,0.003932,0.157188,0.164632,-0.098616,0.053983,-1.609572,-0.038789 0.994528 0.097000 -0.998793 -0.041517 0.026263 0.030147 -0.095864 0.994938,5.106e-07,1.740,"$CV1,76,14139,1,0,-48.8,3.9,157.2,-0.098616,0.053983,-1.609572*32"
118,14319,valid,1,0,0,-0.048769,0.003771,0.157280,0.164711,-0.099357,0.052541,-1.609251,-0.038408 0.994583 0.096585 -0.998765 -0.041256 0.027669 0.031504 -0.095403 0.994940,5.267e-07,1.775,"$CV1,77,14319,1,0,-48.8,3.8,157.3,-0.099357,0.052541,-1.609251*37"
119,14498,valid,1,0,0,-0.048691,0.003671,0.157185,0.164595,-0.099736,0.052958,-1.608873,-0.038037 0.994549 0.097086 -0.998781 -0.040899 0.027653 0.031473 -0.095916 0.994892,5.472e-07,1.812,"$CV1,78,14498,1,0,-48.7,3.7,157.2,-0.099736,0.052958,-1.608873*3B"
120,14685,valid,1,0,0,-0.048573,0.003632,0.157126,0.164503,-0.097784,0.055003,-1.608598,-0.037867 0.994554 0.097097 -0.998864 -0.040485 0.025142 0.028936 -0.096034 0.994957,5.646e-07,1.841,"$CV1,79,14685,1,0,-48.6,3.6,157.1,-0.097784,0.055003,-1.608598*38"
121,14869,valid,1,0,0,-0.048435,0.003592,0.157061,0.164399,-0.098941,0.054196,-1.608526,-0.037747 0.994535 0.097341 -0.998832 -0.040492 0.026381 0.030178 -0.096231 0.994901,5.358e-07,1.793,"$CV1,80,14869,1,0,-48.4,3.6,157.1,-0.098941,0.054196,-1.608526*31"
122,15046,valid,1,0,0,-0.048295,0.003612,0.157027,0.164326,-0.099924,0.053600,-1.608944,-0.038126 0.994495 0.097603 -0.998786 -0.040975 0.027351 0.031200 -0.096442 0.994849,5.251e-07,1.782,"$CV1,81,15046,1,0,-48.3,3.6,157.0,-0.099924,0.053600,-1.608944*37"
123,15230,valid,1,0,0,-0.048252,0.003642,0.156983,0.164271,-0.099450,0.053936,-1.608995,-0.038197 0.994502 0.097507 -0.998799 -0.040993 0.026839 0.030689 -0.096365 0.994873,5.085e-07,1.749,"$CV1,82,15230,1,0,-48.3,3.6,157.0,-0.099450,0.053936,-1.608995*3F"
124,15423,valid,1,0,0,-0.048249,0.003644,0.157051,0.164336,-0.099299,0.053936,-1.608985,-0.038190 0.994511 0.097410 -0.998802 -0.040975 0.026746 0.030591 -0.096272 0.994885,4.815e-07,1.699,"$CV1,83,15423,1,0,-48.2,3.6,157.1,-0.099299,0.053936,-1.608985*38"
125,15613,valid,1,0,0,-0.048308,0.003578,0.157061,0.164362,-0.099773,0.053287,-1.608591,-0.037766 0.994537 0.097313 -0.998797 -0.040617 0.027478 0.031281 -0.096158 0.994874,4.867e-07,1.709,"$CV1,84,15613,1,0,-48.3,3.6,157.1,-0.099773,0.053287,-1.608591*36"
126,15787,valid,1,0,0,-0.048419,0.003506,0.157103,0.164432,-0.100070,0.053743,-1.608480,-0.037665 0.994494 0.097786 -0.998804 -0.040520 0.027373 0.031185 -0.096638 0.994831,4.911e-07,1.709,"$CV1,85,15787,1,0,-48.4,3.5,157.1,-0.100070,0.053743,-1.608480*36"
127,15955,valid,1,0,0,-0.048429,0.003516,0.157218,0.164545,-0.097692,0.055799,-1.608977,-0.038274 0.994496 0.097530 -0.998864 -0.040850 0.024552 0.028401 -0.096479 0.994930,4.820e-07,1.692,"$CV1,86,15955,1,0,-48.4,3.5,157.2,-0.097692,0.055799,-1.608977*36"
128,16133,valid,1,0,0,-0.048338,0.003373,0.157175,0.164475,-0.099626,0.054660,-1.608421,-0.037645 0.994468 0.098067 -0.998831 -0.040424 0.026510 0.030328 -0.096955 0.994827,5.374e-07,1.792,"$CV1,87,16133,1,0,-48.3,3.4,157.2,-0.099626,0.054660,-1.608421*33"
129,16329,valid,1,0,0,-0.048259,0.003259,0.157120,0.164397,-0.100300,0.054675,-1.607384,-0.036599 0.994463 0.098510 -0.998858 -0.039433 0.026972 0.030707 -0.097410 0.994770,5.425e-07,1.807,"$CV1,88,16329,1,0,-48.3,3.3,157.1,-0.100300,0.054675,-1.607384*32"
130,16520,valid,1,0,0,-0.048186,0.003231,0.157139,0.164393,-0.099977,0.055498,-1.606941,-0.036191 0.994448 0.098812 -0.998895 -0.038962 0.026265 0.029969 -0.097752 0.994759,5.034e-07,1.743,"$CV1,89,16520,1,0,-48.2,3.2,157.1,-0.099977,0.055498,-1.606941*35"
131,16698,valid,1,0,0,-0.048172,0.003273,0.157094,0.164347,-0.100057,0.055640,-1.606843,-0.036096 0.994437 0.098951 -0.998900 -0.038868 0.026228 0.029928 -0.097896 0.994747,4.868e-07,1.713,"$CV1,90,16698,1,0,-48.2,3.3,157.1,-0.100057,0.055640,-1.606843*32"
132,16865,valid,1,0,0,-0.048287,0.003397,0.157073,0.164363,-0.101526,0.054836,-1.607025,-0.036224 0.994388 0.099396 -0.998851 -0.039149 0.027645 0.031381 -0.098280 0.994664,4.630e-07,1.670,"$CV1,91,16865,1,0,-48.3,3.4,157.1,-0.101526,0.054836,-1.607025*3C"
133,17182,valid,1,0,0,-0.048444,0.003632,0.157133,0.164471,-0.101634,0.054664,-1.608492,-0.037680 0.994338 0.099359 -0.998789 -0.040621 0.027744 0.031623 -0.098193 0.994665,4.086e-07,1.572,"$CV1,92,17182,1,0,-48.4,3.6,157.1,-0.101634,0.054664,-1.608492*35"
134,17438,valid,1,0,0,-0.048596,0.003872,0.157117,0.164506,-0.102212,0.054348,-1.609776,-0.038939 0.994272 0.099535 -0.998721 -0.041940 0.028236 0.032249 -0.098309 0.994633,4.622e-07,1.662,"$CV1,93,17438,1,0,-48.6,3.9,157.1,-0.102212,0.054348,-1.609776*3D"
135,17610,valid,1,0,0,-0.048692,0.003994,0.157122,0.164542,-0.100814,0.054639,-1.610906,-0.040103 0.994297 0.098817 -0.998708 -0.042976 0.027125 0.031217 -0.097601 0.994736,4.685e-07,1.667,"$CV1,94,17610,1,0,-48.7,4.0,157.1,-0.100814,0.054639,-1.610906*31"
136,17776,valid,1,0,0,-0.048733,0.003918,0.157134,0.164564,-0.099327,0.055196,-1.610084,-0.039328 0.994389 0.098206 -0.998780 -0.042059 0.025892 0.029877 -0.097067 0.994829,5.031e-07,1.713,"$CV1,95,17776,1,0,-48.7,3.9,157.1,-0.099327,0.055196,-1.610084*35"
137,17958,valid,1,0,0,-0.048718,0.003728,0.157199,0.164618,-0.099768,0.054698,-1.609124,-0.038345 0.994429 0.098182 -0.998801 -0.041134 0.026536 0.030427 -0.097047 0.994815,5.147e-07,1.748,"$CV1,96,17958,1,0,-48.7,3.7,157.2,-0.099768,0.054698,-1.609124*3D"
138,18145,valid,1,0,0,-0.048643,0.003500,0.157327,0.164712,-0.099176,0.055173,-1.607903,-0.037154 0.994483 0.098096 -0.998868 -0.039876 0.025929 0.029698 -0.097022 0.994839,5.159e-07,1.745,"$CV1,97,18145,1,0,-48.6,3.5,157.3,-0.099176,0.055173,-1.607903*3C"
139,18323,valid,1,0,0,-0.048516,0.003245,0.157327,0.164670,-0.100151,0.053892,-1.606480,-0.035673 0.994554 0.097930 -0.998881 -0.038530 0.027433 0.031057 -0.096842 0.994815,5.429e-07,1.795,"$CV1,98,18323,1,0,-48.5,3.2,157.3,-0.100151,0.053892,-1.606480*36"
140,18503,valid,1,0,0,-0.048466,0.002979,0.157211,0.164539,-0.101508,0.054050,-1.604869,-0.034046 0.994515 0.098897 -0.998915 -0.037007 0.028256 0.031761 -0.097828 0.994696,5.089e-07,1.740,"$CV1,99,18503,1,0,-48.5,3.0,157.2,-0.101508,0.054050,-1.604869*31"
141,18681,valid,1,0,0,-0.048453,0.002874,0.157221,0.164543,-0.100786,0.054997,-1.604383,-0.033606 0.994518 0.099021 -0.998964 -0.036467 0.027225 0.030687 -0.098004 0.994713,4.996e-07,1.725,"$CV1,100,18681,1,0,-48.5,2.9,157.2,-0.100786,0.054997,-1.604383*09"
142,18856,valid,1,0,0,-0.048446,0.002830,0.157248,0.164566,-0.100655,0.055312,-1.604399,-0.033635 0.994506 0.099133 -0.998971 -0.036472 0.026940 0.030407 -0.098125 0.994709,5.087e-07,1.742,"$CV1,101,18856,1,0,-48.4,2.8,157.2,-0.100655,0.055312,-1.604399*0E"
143,19042,valid,1,0,0,-0.048445,0.002823,0.157245,0.164563,-0.100386,0.056083,-1.604876,-0.034143 0.994458 0.099438 -0.998973 -0.036923 0.026251 0.029777 -0.098439 0.994697,5.065e-07,1.739,"$CV1,102,19042,1,0,-48.4,2.8,157.2,-0.100386,0.056083,-1.604876*08"
144,19224,valid,1,0,0,-0.048445,0.002758,0.157367,0.164678,-0.099704,0.055740,-1.605108,-0.034376 0.994515 0.098788 -0.998972 -0.037116 0.026037 0.029561 -0.097792 0.994768,4.758e-07,1.690,"$CV1,103,19224,1,0,-48.4,2.8,157.4,-0.099704,0.055740,-1.605108*08"
145,19412,valid,1,0,0,-0.048374,0.002675,0.157476,0.164760,-0.099671,0.056400,-1.604732,-0.034023 0.994488 0.099177 -0.998997 -0.036732 0.025611 0.029113 -0.098206 0.994740,5.216e-07,1.766,"$CV1,104,19412,1,0,-48.4,2.7,157.5,-0.099671,0.056400,-1.604732*0B"
146,19589,valid,1,0,0,-0.048269,0.002619,0.157358,0.164615,-0.099537,0.056844,-1.604367,-0.033678 0.994481 0.099366 -0.999020 -0.036355 0.025261 0.028734 -0.098418 0.994730,5.256e-07,1.776,"$CV1,105,19589,1,0,-48.3,2.6,157.4,-0.099537,0.056844,-1.604367*07"
147,19769,valid,1,0,0,-0.048234,0.002603,0.157340,0.164587,-0.099563,0.057238,-1.604679,-0.034002 0.994444 0.099626 -0.999015 -0.036664 0.025007 0.028521 -0.098678 0.994711,4.993e-07,1.730,"$CV1,106,19769,1,0,-48.2,2.6,157.3,-0.099563,0.057238,-1.604679*05"
148,19946,valid,1,0,0,-0.048184,0.002581,0.157350,0.164583,-0.101125,0.056030,-1.604692,-0.033944 0.994420 0.099879 -0.998965 -0.036787 0.026752 0.030277 -0.098867 0.994640,5.159e-07,1.759,"$CV1,107,19946,1,0,-48.2,2.6,157.4,-0.101125,0.056030,-1.604692*08"
149,20143,valid,1,0,0,-0.048164,0.002590,0.157347,0.164574,-0.100834,0.056767,-1.604322,-0.033606 0.994405 0.100149 -0.998996 -0.036392 0.026117 0.029616 -0.099171 0.994630,4.917e-07,1.718,"$CV1,108,20143,1,0,-48.2,2.6,157.3,-0.100834,0.056767,-1.604322*04"
150,20340,valid,1,0,0,-0.048180,0.002766,0.157454,0.164683,-0.100591,0.057380,-1.605395,-0.034703 0.994345 0.100372 -0.998973 -0.037440 0.025513 0.029127 -0.099384 0.994623,4.534e-07,1.655,"$CV1,109,20340,1,0,-48.2,2.8,157.5,-0.100591,0.057380,-1.605395*0F"
151,20469,valid,1,0,0,-0.048230,0.003021,0.157490,0.164737,-0.099954,0.058287,-1.607054,-0.036402 0.994269 0.100523 -0.998938 -0.039045 0.024446 0.028231 -0.099526 0.994634,4.874e-07,1.700,"$CV1,110,20469,1,0,-48.2,3.0,157.5,-0.099954,0.058287,-1.607054*03"
152,20528,valid,1,0,0,-0.048234,0.003163,0.157435,0.164689,-0.100608,0.057907,-1.607965,-0.037286 0.994217 0.100706 -0.998886 -0.039998 0.025046 0.028929 -0.099660 0.994601,4.768e-07,1.680,
153,20589,valid,1,0,0,-0.048255,0.003201,0.157547,0.164802,-0.100132,0.057820,-1.607970,-0.037296 0.994253 0.100347 -0.998893 -0.039974 0.024808 0.028677 -0.099310 0.994643,4.647e-07,1.655,"$CV1,111,20589,1,0,-48.3,3.2,157.5,-0.100132,0.057820,-1.607970*00"
154,20650,valid,1,0,0,-0.048250,0.003178,0.157714,0.164960,-0.100361,0.057523,-1.607895,-0.037207 0.994260 0.100310 -0.998887 -0.039917 0.025145 0.029005 -0.099263 0.994638,4.778e-07,1.679,
155,20714,valid,1,0,0,-0.048249,0.003120,0.157841,0.165080,-0.100356,0.057844,-1.607645,-0.036969 0.994249 0.100506 -0.998902 -0.039664 0.024948 0.028791 -0.099473 0.994624,4.921e-07,1.699,"$CV1,112,20714,1,0,-48.2,3.1,157.8,-0.100356,0.057844,-1.607645*01"
156,20777,valid,1,0,0,-0.048219,0.003007,0.158014,0.165235,-0.100291,0.058095,-1.607033,-0.036368 0.994260 0.100620 -0.998930 -0.039047 0.024779 0.028566 -0.099611 0.994616,4.952e-07,1.711,
157,20843,valid,1,0,0,-0.048163,0.002859,0.158114,0.165312,-0.101299,0.057602,-1.606092,-0.035393 0.994260 0.100963 -0.998939 -0.038177 0.025771 0.029477 -0.099944 0.994556,4.989e-07,1.722,"$CV1,113,20843,1,0,-48.2,2.9,158.1,-0.101299,0.057602,-1.606092*00"
158,20902,valid,1,0,0,-0.048128,0.002806,0.158185,0.165368,-0.101543,0.058062,-1.606370,-0.035683 0.994205 0.101404 -0.998932 -0.038465 0.025610 0.029362 -0.100382 0.994516,4.850e-07,1.697,
159,20971,valid,1,0,0,-0.048062,0.002821,0.158208,0.165372,-0.102941,0.058144,-1.606998,-0.036286 0.994086 0.102350 -0.998884 -0.039178 0.026387 0.030241 -0.101279 0.994398,5.140e-07,1.751,"$CV1,114,20971,1,0,-48.1,2.8,158.2,-0.102941,0.058144,-1.606998*02"
160,21047,valid,1,0,0,-0.047937,0.002868,0.158177,0.165306,-0.102023,0.059242,-1.607171,-0.036517 0.994069 0.102440 -0.998913 -0.039281 0.025102 0.028977 -0.101412 0.994422,5.324e-07,1.775,
161,21116,valid,1,0,0,-0.047833,0.002805,0.158038,0.165141,-0.102643,0.058281,-1.606429,-0.035730 0.994117 0.102244 -0.998913 -0.038591 0.026146 0.029938 -0.101199 0.994416,5.446e-07,1.798,"$CV1,115,21116,1,0,-47.8,2.8,158.0,-0.102643,0.058281,-1.606429*0F"
162,21178,valid,1,0,0,-0.047805,0.002767,0.158026,0.165121,-0.103349,0.057449,-1.605988,-0.035247 0.994141 0.102182 -0.998901 -0.038205 0.027143 0.030888 -0.101113 0.994395,5.036e-07,1.737,
163,21245,valid,1,0,0,-0.047806,0.002886,0.158137,0.165231,-0.102696,0.058004,-1.606663,-0.035953 0.994124 0.102106 -0.998898 -0.038831 0.026344 0.030154 -0.101047 0.994425,4.750e-07,1.671,"$CV1,116,21245,1,0,-47.8,2.9,158.1,-0.102696,0.058004,-1.606663*02"
164,21321,valid,1,0,0,-0.047796,0.002989,0.158128,0.165221,-0.103253,0.057815,-1.607662,-0.036932 0.994063 0.102347 -0.998847 -0.039864 0.026756 0.030677 -0.101240 0.994389,4.523e-07,1.637,
165,21401,valid,1,0,0,-0.047833,0.002998,0.158203,0.165303,-0.103043,0.057478,-1.607464,-0.036726 0.994106 0.102003 -0.998852 -0.039657 0.026854 0.030741 -0.100900 0.994422,4.351e-07,1.605,"$CV1,117,21401,1,0,-47.8,3.0,158.2,-0.103043,0.057478,-1.607464*05"
166,21486,valid,1,0,0,-0.047833,0.003010,0.158420,0.165511,-0.103049,0.057686,-1.607019,-0.036289 0.994108 0.102136 -0.998873 -0.039211 0.026748 0.030596 -0.101050 0.994411,4.552e-07,1.641,
167,21560,valid,1,0,0,-0.047826,0.003049,0.158459,0.165547,-0.103364,0.058206,-1.606823,-0.036107 0.994061 0.102660 -0.998883 -0.039031 0.026618 0.030467 -0.101584 0.994360,4.624e-07,1.648,"$CV1,118,21560,1,0,-47.8,3.0,158.5,-0.103364,0.058206,-1.606823*03"
168,21628,valid,1,0,0,-0.047845,0.003144,0.158572,0.165662,-0.103168,0.058768,-1.607649,-0.036955 0.994007 0.102881 -0.998866 -0.039836 0.026089 0.030031 -0.101800 0.994351,4.240e-07,1.578,
169,21690,valid,1,0,0,-0.047827,0.003190,0.158650,0.165733,-0.103559,0.058687,-1.608020,-0.037315 0.993973 0.103082 -0.998843 -0.040232 0.026362 0.030351 -0.101979 0.994323,4.660e-07,1.645,"$CV1,119,21690,1,0,-47.8,3.2,158.7,-0.103559,0.058687,-1.608020*0E"
170,21765,valid,1,0,0,-0.047699,0.003161,0.158514,0.165565,-0.103709,0.058024,-1.607501,-0.036770 0.994026 0.102768 -0.998848 -0.039730 0.026911 0.030834 -0.101660 0.994341,4.959e-07,1.703,
171,21850,valid,1,0,0,-0.047583,0.003174,0.158309,0.165336,-0.104522,0.058087,-1.607001,-0.036258 0.993986 0.103329 -0.998852 -0.039284 0.027401 0.031295 -0.102217 0.994270,5.000e-07,1.719,"$CV1,120,21850,1,0,-47.6,3.2,158.3,-0.104522,0.058087,-1.607001*0D"
172,21939,valid,1,0,0,-0.047523,0.003247,0.158119,0.165138,-0.104189,0.059503,-1.606864,-0.036180 0.993920 0.103992 -0.998889 -0.039111 0.026289 0.030197 -0.102925 0.994231,5.011e-07,1.719,
173,22039,valid,1,0,0,-0.047559,0.003303,0.158116,0.165147,-0.104288,0.059302,-1.607482,-0.036786 0.993904 0.103930 -0.998860 -0.039735 0.026445 0.030414 -0.102838 0.994233,4.578e-07,1.638,"$CV1,121,22039,1,0,-47.6,3.3,158.1,-0.104288,0.059302,-1.607482*0C"
174,22138,valid,1,0,0,-0.047632,0.003358,0.158244,0.165291,-0.104289,0.059074,-1.608231,-0.037526 0.993891 0.103788 -0.998827 -0.040485 0.026552 0.030592 -0.102670 0.994245,4.448e-07,1.613,
175,22226,valid,1,0,0,-0.047744,0.003371,0.158447,0.165518,-0.103908,0.059563,-1.608099,-0.037419 0.993889 0.103846 -0.998848 -0.040323 0.026008 0.030036 -0.102753 0.994253,4.508e-07,1.616,"$CV1,122,22226,1,0,-47.7,3.4,158.4,-0.103908,0.059563,-1.608099*04"
176,22312,valid,1,0,0,-0.047830,0.003317,0.158761,0.165843,-0.103098,0.059522,-1.608060,-0.037394 0.993947 0.103301 -0.998864 -0.040233 0.025536 0.029537 -0.102229 0.994322,4.404e-07,1.613,
177,22388,valid,1,0,0,-0.047930,0.003250,0.158987,0.166087,-0.103206,0.059085,-1.607999,-0.037315 0.993971 0.103101 -0.998857 -0.040184 0.025888 0.029875 -0.102017 0.994334,4.433e-07,1.604,"$CV1,123,22388,1,0,-47.9,3.3,159.0,-0.103206,0.059085,-1.607999*02"
178,22458,valid,1,0,0,-0.047958,0.003225,0.159044,0.166149,-0.104491,0.058640,-1.607998,-0.037273 0.993915 0.103650 -0.998825 -0.040270 0.026970 0.030979 -0.102523 0.994248,4.794e-07,1.677,
179,22528,valid,1,0,0,-0.047983,0.003253,0.159090,0.166201,-0.104038,0.059013,-1.607987,-0.037285 0.993921 0.103590 -0.998840 -0.040226 0.026450 0.030456 -0.102484 0.994268,4.699e-07,1.652,"$CV1,124,22528,1,0,-48.0,3.3,159.1,-0.104038,0.059013,-1.607987*06"
180,22593,valid,1,0,0,-0.047957,0.003319,0.158998,0.166106,-0.105600,0.058577,-1.608240,-0.037491 0.993837 0.104322 -0.998793 -0.040584 0.027681 0.031745 -0.103158 0.994158,4.826e-07,1.685,
181,22663,valid,1,0,0,-0.047972,0.003432,0.158754,0.165879,-0.103674,0.060185,-1.608434,-0.037781 0.993851 0.104080 -0.998850 -0.040635 0.025443 0.029516 -0.102999 0.994243,4.730e-07,1.654,"$CV1,125,22663,1,0,-48.0,3.4,158.8,-0.103674,0.060185,-1.608434*03"
182,22724,valid,1,0,0,-0.048005,0.003487,0.158640,0.165781,-0.104601,0.059723,-1.609763,-0.039072 0.993769 0.104387 -0.998772 -0.042025 0.026240 0.030463 -0.103234 0.994190,4.514e-07,1.626,
183,22786,valid,1,0,0,-0.048022,0.003411,0.158563,0.165711,-0.105059,0.058866,-1.609788,-0.039057 0.993794 0.104152 -0.998747 -0.042089 0.027074 0.031290 -0.102964 0.994193,4.892e-07,1.689,"$CV1,126,22786,1,0,-48.0,3.4,158.6,-0.105059,0.058866,-1.609788*01"
184,22847,valid,1,0,0,-0.047992,0.003212,0.158498,0.165635,-0.105538,0.058184,-1.608941,-0.038177 0.993840 0.104039 -0.998759 -0.041282 0.027858 0.031981 -0.102846 0.994183,5.038e-07,1.719,
185,22920,valid,1,0,0,-0.047947,0.003052,0.158438,0.165562,-0.104007,0.059656,-1.608137,-0.037458 0.993875 0.103967 -0.998846 -0.040366 0.026007 0.030045 -0.102873 0.994241,5.023e-07,1.714,"$CV1,127,22920,1,0,-47.9,3.1,158.4,-0.104007,0.059656,-1.608137*06"
186,22989,valid,1,0,0,-0.047873,0.002871,0.158437,0.165537,-0.105550,0.058237,-1.606820,-0.036064 0.993915 0.104081 -0.998842 -0.039169 0.027949 0.031856 -0.102953 0.994176,4.973e-07,1.714,
187,23053,valid,1,0,0,-0.047850,0.002859,0.158420,0.165513,-0.104708,0.059735,-1.605773,-0.035090 0.993909 0.104469 -0.998924 -0.038054 0.026522 0.030336 -0.103426 0.994174,5.001e-07,1.715,"$CV1,128,23053,1,0,-47.8,2.9,158.4,-0.104708,0.059735,-1.605773*0A"
188,23121,valid,1,0,0,-0.047921,0.003001,0.158451,0.165566,-0.106335,0.058971,-1.605893,-0.035151 0.993847 0.105039 -0.998874 -0.038289 0.028013 0.031862 -0.103936 0.994074,4.346e-07,1.602,
189,23217,valid,1,0,0,-0.048102,0.003427,0.158563,0.165734,-0.105460,0.060805,-1.606929,-0.036269 0.993746 0.105612 -0.998885 -0.039245 0.026231 0.030212 -0.104543 0.994061,4.206e-07,1.572,"$CV1,129,23217,1,0,-48.1,3.4,158.6,-0.105460,0.060805,-1.606929*09"
190,23291,valid,1,0,0,-0.048398,0.003952,0.158627,0.165893,-0.106684,0.060696,-1.608918,-0.038226 0.993596 0.106326 -0.998783 -0.041309 0.026944 0.031164 -0.105167 0.993966,3.767e-07,1.491,
191,23361,valid,1,0,0,-0.048811,0.004518,0.158880,0.166270,-0.107403,0.059660,-1.612554,-0.041799 0.993472 0.106144 -0.998599 -0.044990 0.027849 0.032443 -0.104831 0.993961,3.798e-07,1.473,"$CV1,130,23361,1,0,-48.8,4.5,158.9,-0.107403,0.059660,-1.612554*02"
192,23421,valid,1,0,0,-0.049154,0.004955,0.159144,0.166636,-0.105688,0.060053,-1.616087,-0.045371 0.993407 0.105279 -0.998481 -0.048394 0.026341 0.031262 -0.103924 0.994094,4.067e-07,1.503,
193,23478,valid,1,0,0,-0.049354,0.005008,0.159236,0.166784,-0.105776,0.059459,-1.617011,-0.046269 0.993399 0.104970 -0.998425 -0.049327 0.026727 0.031728 -0.103568 0.994116,4.523e-07,1.574,"$CV1,131,23478,1,0,-49.4,5.0,159.2,-0.105776,0.059459,-1.617011*05"
194,23537,valid,1,0,0,-0.049430,0.004814,0.159366,0.166925,-0.104950,0.059853,-1.616420,-0.045709 0.993455 0.104681 -0.998476 -0.048679 0.025998 0.030923 -0.103333 0.994166,4.828e-07,1.635,
195,23603,valid,1,0,0,-0.049312,0.004370,0.159444,0.166952,-0.105175,0.057986,-1.614493,-0.043715 0.993650 0.103680 -0.998527 -0.046794 0.027452 0.032129 -0.102327 0.994232,5.444e-07,1.743,"$CV1,132,23603,1,0,-49.3,4.4,159.4,-0.105175,0.057986,-1.614493*05"
196,23685,valid,1,0,0,-0.049093,0.003895,0.159357,0.166793,-0.103536,0.059482,-1.611639,-0.040954 0.993780 0.103552 -0.998710 -0.043829 0.025635 0.030014 -0.102369 0.994294,6.102e-07,1.849,
197,23863,valid,1,0,0,-0.048789,0.003431,0.159186,0.166531,-0.104872,0.059562,-1.609098,-0.038397 0.993787 0.104463 -0.998791 -0.041381 0.026548 0.030706 -0.103318 0.994174,6.438e-07,1.906,"$CV1,133,23863,1,0,-48.8,3.4,159.2,-0.104872,0.059562,-1.609098*03"
198,24062,valid,1,0,0,-0.048503,0.003118,0.158987,0.166250,-0.105030,0.060050,-1.606405,-0.035726 0.993844 0.104869 -0.998900 -0.038702 0.026481 0.030377 -0.103808 0.994133,6.180e-07,1.883,"$CV1,134,24062,1,0,-48.5,3.1,159.0,-0.105030,0.060050,-1.606405*0E"
199,24230,valid,1,0,0,-0.048364,0.002952,0.158947,0.166168,-0.105724,0.059760,-1.604773,-0.034074 0.993874 0.105136 -0.998941 -0.037124 0.027190 0.030926 -0.104099 0.994086,5.530e-07,1.787,"$CV1,135,24230,1,0,-48.4,3.0,158.9,-0.105724,0.059760,-1.604773*0E"
200,24398,valid,1,0,0,-0.048408,0.002975,0.158981,0.166214,-0.106804,0.059215,-1.605396,-0.034655 0.993816 0.105491 -0.998887 -0.037822 0.028174 0.031989 -0.104397 0.994021,5.040e-07,1.708,"$CV1,136,24398,1,0,-48.4,3.0,159.0,-0.106804,0.059215,-1.605396*01"
201,24578,valid,1,0,0,-0.048495,0.003103,0.159032,0.166291,-0.107553,0.058946,-1.607179,-0.036409 0.993720 0.105803 -0.998801 -0.039651 0.028709 0.032724 -0.104631 0.993973,5.209e-07,1.742,"$CV1,137,24578,1,0,-48.5,3.1,159.0,-0.107553,0.058946,-1.607179*0B"
202,24763,valid,1,0,0,-0.048559,0.003130,0.158929,0.166211,-0.106377,0.059031,-1.607656,-0.036911 0.993776 0.105101 -0.998808 -0.040049 0.027901 0.031937 -0.103946 0.994070,5.437e-07,1.767,"$CV1,138,24763,1,0,-48.6,3.1,158.9,-0.106377,0.059031,-1.607656*04"
203,24941,valid,1,0,0,-0.048573,0.003016,0.158970,0.166252,-0.106105,0.058489,-1.608198,-0.037436 0.993810 0.104591 -0.998783 -0.040576 0.028052 0.032122 -0.103414 0.994120,5.321e-07,1.743,"$CV1,139,24941,1,0,-48.6,3.0,159.0,-0.106105,0.058489,-1.608198*09"
204,25148,valid,1,0,0,-0.048501,0.002778,0.158980,0.166237,-0.104865,0.058679,-1.607240,-0.036512 0.993916 0.103914 -0.998847 -0.039539 0.027218 0.031161 -0.102801 0.994214,5.648e-07,1.797,"$CV1,140,25148,1,0,-48.5,2.8,159.0,-0.104865,0.058679,-1.607240*04"
205,25336,valid,1,0,0,-0.048318,0.002459,0.158960,0.166159,-0.105495,0.058178,-1.606013,-0.035257 0.993951 0.104009 -0.998872 -0.038362 0.027998 0.031819 -0.102905 0.994182,6.188e-07,1.892,"$CV1,141,25336,1,0,-48.3,2.5,159.0,-0.105495,0.058178,-1.606013*04"
206,25511,valid,1,0,0,-0.048031,0.002248,0.158827,0.165946,-0.105091,0.059092,-1.604796,-0.034085 0.993960 0.104317 -0.998940 -0.037113 0.027227 0.030934 -0.103278 0.994171,6.457e-07,1.938,"$CV1,142,25511,1,0,-48.0,2.2,158.8,-0.105091,0.059092,-1.604796*05"
207,25688,valid,1,0,0,-0.047725,0.002075,0.158591,0.165630,-0.105219,0.060141,-1.602677,-0.032006 0.993952 0.105052 -0.999029 -0.034997 0.026750 0.030264 -0.104093 0.994107,6.271e-07,1.918,"$CV1,143,25688,1,0,-47.7,2.1,158.6,-0.105219,0.060141,-1.602677*0D"
208,25851,valid,1,0,0,-0.047644,0.002089,0.158551,0.165568,-0.106869,0.059402,-1.601948,-0.031221 0.993913 0.105650 -0.999008 -0.034388 0.028290 0.031751 -0.104662 0.994001,5.257e-07,1.754,"$CV1,144,25851,1,0,-47.6,2.1,158.6,-0.106869,0.059402,-1.601948*07"
209,26004,valid,1,0,0,-0.047780,0.002345,0.158637,0.165693,-0.108060,0.059158,-1.603622,-0.032858 0.993795 0.106261 -0.998923 -0.036138 0.029089 0.032749 -0.105190 0.993913,4.626e-07,1.647,"$CV1,145,26004,1,0,-47.8,2.3,158.6,-0.108060,0.059158,-1.603622*05"
210,26192,valid,1,0,0,-0.048004,0.002658,0.158792,0.165911,-0.107671,0.059502,-1.606311,-0.035561 0.993706 0.106223 -0.998842 -0.038789 0.028473 0.032414 -0.105088 0.993935,4.563e-07,1.632,"$CV1,146,26192,1,0,-48.0,2.7,158.8,-0.107671,0.059502,-1.606311*07"
211,26377,valid,1,0,0,-0.048109,0.002896,0.158806,0.165958,-0.107258,0.059616,-1.607820,-0.037079 0.993672 0.106028 -0.998795 -0.040264 0.028058 0.032149 -0.104860 0.993967,4.949e-07,1.690,"$CV1,147,26377,1,0,-48.1,2.9,158.8,-0.107258,0.059616,-1.607820*01"
212,26549,valid,1,0,0,-0.048129,0.002988,0.158857,0.166015,-0.106636,0.059335,-1.608360,-0.037619 0.993712 0.105455 -0.998781 -0.040764 0.027825 0.031949 -0.104279 0.994035,5.026e-07,1.700,"$CV1,148,26549,1,0,-48.1,3.0,158.9,-0.106636,0.059335,-1.608360*05"
213,26729,valid,1,0,0,-0.048108,0.002924,0.158953,0.166099,-0.105601,0.059291,-1.608325,-0.037602 0.993786 0.104764 -0.998802 -0.040661 0.027216 0.031307 -0.103615 0.994125,5.028e-07,1.695,"$CV1,149,26729,1,0,-48.1,2.9,159.0,-0.105601,0.059291,-1.608325*09"
214,26885,valid,1,0,0,-0.048033,0.002704,0.158994,0.166113,-0.106806,0.058141,-1.607057,-0.036273 0.993829 0.104827 -0.998806 -0.039489 0.028774 0.032736 -0.103658 0.994074,5.472e-07,1.767,"$CV1,150,26885,1,0,-48.0,2.7,159.0,-0.106806,0.058141,-1.607057*0B"
215,27042,valid,1,0,0,-0.047942,0.002422,0.159032,0.166119,-0.107640,0.057050,-1.605243,-0.034407 0.993910 0.104686 -0.998834 -0.037748 0.030096 0.033864 -0.103528 0.994050,5.448e-07,1.768,"$CV1,151,27042,1,0,-47.9,2.4,159.0,-0.107640,0.057050,-1.605243*0B"
216,27200,valid,1,0,0,-0.047907,0.002251,0.158999,0.166075,-0.105890,0.058816,-1.604087,-0.033352 0.993949 0.104658 -0.998944 -0.036462 0.027940 0.031587 -0.103616 0.994116,5.412e-07,1.758,"$CV1,152,27200,1,0,-47.9,2.3,159.0,-0.105890,0.058816,-1.604087*04"
217,27344,valid,1,0,0,-0.047900,0.002141,0.158980,0.166053,-0.108497,0.057361,-1.604210,-0.033372 0.993867 0.105427 -0.998859 -0.036773 0.030484 0.034174 -0.104290 0.993960,5.412e-07,1.771,"$CV1,153,27344,1,0,-47.9,2.1,159.0,-0.108497,0.057361,-1.604210*08"
218,27544,valid,1,0,0,-0.047861,0.002155,0.158896,0.165962,-0.107607,0.057634,-1.604842,-0.034028 0.993887 0.105026 -0.998861 -0.037339 0.029722 0.033462 -0.103895 0.994025,5.711e-07,1.821,"$CV1,154,27544,1,0,-47.9,2.2,158.9,-0.107607,0.057634,-1.604842*0E"
219,27748,valid,1,0,0,-0.047766,0.002131,0.158671,0.165719,-0.107019,0.058312,-1.604367,-0.033591 0.993897 0.105069 -0.998903 -0.036821 0.028947 0.032639 -0.103982 0.994044,5.649e-07,1.820,"$CV1,155,27748,1,0,-47.8,2.1,158.7,-0.107019,0.058312,-1.604367*06"
220,27942,valid,1,0,0,-0.047734,0.002174,0.158602,0.165644,-0.107059,0.058654,-1.604510,-0.033745 0.993867 0.105307 -0.998903 -0.036962 0.028744 0.032460 -0.104221 0.994024,5.113e-07,1.730,"$CV1,156,27942,1,0,-47.7,2.2,158.6,-0.107059,0.058654,-1.604510*09"
221,28131,valid,1,0,0,-0.047780,0.002235,0.158674,0.165726,-0.107920,0.057656,-1.605300,-0.034480 0.993849 0.105240 -0.998838 -0.037817 0.029875 0.033671 -0.104088 0.993998,4.812e-07,1.680,"$CV1,157,28131,1,0,-47.8,2.2,158.7,-0.107920,0.057656,-1.605300*09"
222,28328,valid,1,0,0,-0.047839,0.002286,0.158811,0.165875,-0.107936,0.057945,-1.605842,-0.035031 0.993810 0.105430 -0.998824 -0.038356 0.029667 0.033527 -0.104266 0.993984,4.969e-07,1.694,"$CV1,158,28328,1,0,-47.8,2.3,158.8,-0.107936,0.057945,-1.605842*05"
223,28519,valid,1,0,0,-0.047894,0.002270,0.158841,0.165920,-0.109000,0.057252,-1.605751,-0.034894 0.993787 0.105683 -0.998791 -0.038343 0.030777 0.034638 -0.104481 0.993923,5.196e-07,1.744,"$CV1,159,28519,1,0,-47.9,2.3,158.8,-0.109000,0.057252,-1.605751*03"
224,28682,valid,1,0,0,-0.047951,0.002242,0.158971,0.166061,-0.107413,0.058433,-1.605718,-0.034936 0.993816 0.105396 -0.998848 -0.038192 0.029037 0.032883 -0.104260 0.994006,5.297e-07,1.749,"$CV1,160,28682,1,0,-48.0,2.2,159.0,-0.107413,0.058433,-1.605718*0D"
225,28880,valid,1,0,0,-0.047960,0.002145,0.159126,0.166211,-0.107659,0.058364,-1.604847,-0.034059 0.993835 0.105511 -0.998873 -0.037341 0.029282 0.033042 -0.104395 0.993987,5.565e-07,1.786,"$CV1,161,28880,1,0,-48.0,2.1,159.1,-0.107659,0.058364,-1.604847*0F"
226,29040,valid,1,0,0,-0.047991,0.002080,0.159323,0.166407,-0.107286,0.058257,-1.604715,-0.033931 0.993871 0.105206 -0.998884 -0.037185 0.029128 0.032862 -0.104101 0.994024,5.231e-07,1.726,"$CV1,162,29040,1,0,-48.0,2.1,159.3,-0.107286,0.058257,-1.604715*04"
227,29207,valid,1,0,0,-0.048065,0.002030,0.159466,0.166564,-0.107429,0.057933,-1.605414,-0.034614 0.993859 0.105098 -0.998850 -0.037896 0.029387 0.033189 -0.103960 0.994028,5.295e-07,1.741,"$CV1,163,29207,1,0,-48.1,2.0,159.5,-0.107429,0.057933,-1.605414*04"
228,29373,valid,1,0,0,-0.048090,0.001895,0.159506,0.166609,-0.107103,0.058299,-1.605046,-0.034266 0.993869 0.105115 -0.998877 -0.037503 0.028969 0.032734 -0.104005 0.994038,5.661e-07,1.801,"$CV1,164,29373,1,0,-48.1,1.9,159.5,-0.107103,0.058299,-1.605046*01"
229,29522,valid,1,0,0,-0.048045,0.001691,0.159423,0.166514,-0.107499,0.057715,-1.604192,-0.033386 0.993911 0.105007 -0.998887 -0.036684 0.029639 0.033310 -0.103901 0.994030,5.930e-07,1.846,"$CV1,165,29522,1,0,-48.0,1.7,159.4,-0.107499,0.057715,-1.604192*0D"
230,29696,valid,1,0,0,-0.047900,0.001461,0.159163,0.166221,-0.110842,0.056189,-1.603135,-0.032211 0.993823 0.106201 -0.998820 -0.035873 0.032752 0.036360 -0.105021 0.993805,6.348e-07,1.915,"$CV1,166,29696,1,0,-47.9,1.5,159.2,-0.110842,0.056189,-1.603135*04"
231,29873,valid,1,0,0,-0.047787,0.001400,0.158954,0.165988,-0.108590,0.057580,-1.602609,-0.031780 0.993898 0.105621 -0.998916 -0.035180 0.030492 0.034022 -0.104538 0.993939,6.162e-07,1.889,"$CV1,167,29873,1,0,-47.8,1.4,159.0,-0.108590,0.057580,-1.602609*0C"
232,30042,valid,1,0,0,-0.047716,0.001370,0.158805,0.165824,-0.107168,0.058096,-1.601986,-0.031204 0.993979 0.105031 -0.998976 -0.034459 0.029314 0.032757 -0.104009 0.994037,5.727e-07,1.827,"$CV1,168,30042,1,0,-47.7,1.4,158.8,-0.107168,0.058096,-1.601986*0D"
233,30202,valid,1,0,0,-0.047709,0.001385,0.158663,0.165687,-0.108420,0.057573,-1.601963,-0.031138 0.993931 0.105508 -0.998941 -0.034525 0.030428 0.033886 -0.104449 0.993953,5.695e-07,1.829,"$CV1,169,30202,1,0,-47.7,1.4,158.7,-0.108420,0.057573,-1.601963*09"
234,30376,valid,1,0,0,-0.047772,0.001518,0.158668,0.165711,-0.109672,0.056926,-1.602700,-0.031826 0.993866 0.105908 -0.998876 -0.035351 0.031578 0.035128 -0.104784 0.993874,5.446e-07,1.791,"$CV1,170,30376,1,0,-47.8,1.5,158.7,-0.109672,0.056926,-1.602700*0C"
235,30552,valid,1,0,0,-0.047886,0.001698,0.158792,0.165864,-0.107353,0.058102,-1.603532,-0.032744 0.993917 0.105153 -0.998921 -0.036012 0.029337 0.032945 -0.104079 0.994023,5.099e-07,1.724,"$CV1,171,30552,1,0,-47.9,1.7,158.8,-0.107353,0.058102,-1.603532*0B"
236,30725,valid,1,0,0,-0.047993,0.001850,0.159008,0.166103,-0.108181,0.057588,-1.604447,-0.033622 0.993865 0.105365 -0.998862 -0.036985 0.030129 0.033841 -0.104232 0.993977,4.935e-07,1.705,"$CV1,172,30725,1,0,-48.0,1.8,159.0,-0.108181,0.057588,-1.604447*05"
237,30894,valid,1,0,0,-0.048068,0.002010,0.159245,0.166354,-0.107316,0.057871,-1.605367,-0.034567 0.993873 0.104987 -0.998852 -0.037841 0.029359 0.033152 -0.103851 0.994040,5.195e-07,1.738,"$CV1,173,30894,1,0,-48.1,2.0,159.2,-0.107316,0.057871,-1.605367*05"
238,31063,valid,1,0,0,-0.048035,0.002067,0.159411,0.166504,-0.107595,0.057960,-1.605654,-0.034851 0.993838 0.105220 -0.998838 -0.038145 0.029458 0.033290 -0.104071 0.994013,5.522e-07,1.788,"$CV1,174,31063,1,0,-48.0,2.1,159.4,-0.107595,0.057960,-1.605654*0C"
239,31194,valid,1,0,0,-0.047902,0.001967,0.159446,0.166498,-0.107928,0.057167,-1.604433,-0.033598 0.993911 0.104943 -0.998859 -0.036958 0.030244 0.033938 -0.103807 0.994018,5.810e-07,1.835,"$CV1,175,31194,1,0,-47.9,2.0,159.4,-0.107928,0.057167,-1.604433*04"
240,31361,valid,1,0,0,-0.047765,0.001825,0.159365,0.166379,-0.109566,0.056187,-1.603132,-0.032233 0.993909 0.105383 -0.998848 -0.035783 0.031964 0.035540 -0.104231 0.993918,5.944e-07,1.865,"$CV1,176,31361,1,0,-47.8,1.8,159.4,-0.109566,0.056187,-1.603132*01"
241,31475,valid,1,0,0,-0.047693,0.001800,0.159257,0.166255,-0.108527,0.057063,-1.602695,-0.031848 0.993935 0.105260 -0.998904 -0.035267 0.030782 0.034307 -0.104165 0.993968,5.591e-07,1.810,"$CV1,177,31475,1,0,-47.7,1.8,159.3,-0.108527,0.057063,-1.602695*0F"
242,31579,valid,1,0,0,-0.047645,0.001764,0.159204,0.166190,-0.109783,0.056135,-1.602731,-0.031827 0.993911 0.105489 -0.998856 -0.035399 0.032155 0.035693 -0.104345 0.993901,5.697e-07,1.829,"$CV1,178,31579,1,0,-47.6,1.8,159.2,-0.109783,0.056135,-1.602731*0C"
243,31658,valid,1,0,0,-0.047586,0.001798,0.159167,0.166138,-0.108149,0.057276,-1.602722,-0.031891 0.993945 0.105151 -0.998915 -0.035267 0.030408 0.033932 -0.104067 0.993991,5.609e-07,1.811,
244,31796,valid,1,0,0,-0.047544,0.001837,0.159132,0.166093,-0.109412,0.056385,-1.602783,-0.031896 0.993918 0.105407 -0.998868 -0.035423 0.031761 0.035302 -0.104274 0.993922,5.652e-07,1.814,"$CV1,179,31796,1,0,-47.5,1.8,159.1,-0.109412,0.056385,-1.602783*05"
245,31990,valid,1,0,0,-0.047572,0.001848,0.159031,0.166004,-0.109573,0.055974,-1.602799,-0.031894 0.993934 0.105255 -0.998855 -0.035453 0.032124 0.035661 -0.104110 0.993926,5.215e-07,1.744,"$CV1,180,31990,1,0,-47.6,1.8,159.0,-0.109573,0.055974,-1.602799*03"
246,32174,valid,1,0,0,-0.047624,0.001943,0.159122,0.166107,-0.109278,0.056671,-1.603424,-0.032547 0.993887 0.105499 -0.998855 -0.036049 0.031457 0.035068 -0.104354 0.993922,5.012e-07,1.707,"$CV1,181,32174,1,0,-47.6,1.9,159.1,-0.109278,0.056671,-1.603424*02"
247,32350,valid,1,0,0,-0.047651,0.002009,0.159194,0.166185,-0.109616,0.056095,-1.603937,-0.033032 0.993886 0.105359 -0.998818 -0.036589 0.032008 0.035668 -0.104177 0.993919,5.101e-07,1.719,"$CV1,182,32350,1,0,-47.7,2.0,159.2,-0.109616,0.056095,-1.603937*02"
248,32527,valid,1,0,0,-0.047695,0.002040,0.159267,0.166268,-0.110983,0.055195,-1.604632,-0.033668 0.993830 0.105678 -0.998743 -0.037385 0.033394 0.037138 -0.104421 0.993840,5.156e-07,1.721,"$CV1,183,32527,1,0,-47.7,2.0,159.3,-0.110983,0.055195,-1.604632*00"
249,32709,valid,1,0,0,-0.047700,0.002024,0.159337,0.166336,-0.108646,0.056517,-1.604648,-0.033776 0.993899 0.105000 -0.998823 -0.037228 0.031095 0.034814 -0.103826 0.993986,5.297e-07,1.737,"$CV1,184,32709,1,0,-47.7,2.0,159.3,-0.108646,0.056517,-1.604648*06"
250,32888,valid,1,0,0,-0.047562,0.001817,0.159315,0.166273,-0.108965,0.055822,-1.603568,-0.032667 0.993960 0.104772 -0.998839 -0.036180 0.031802 0.035401 -0.103611 0.993988,5.932e-07,1.846,"$CV1,185,32888,1,0,-47.6,1.8,159.3,-0.108965,0.055822,-1.603568*0B"
251,33066,valid,1,0,0,-0.047386,0.001554,0.159158,0.166070,-0.108777,0.056115,-1.602092,-0.031209 0.994000 0.104832 -0.998899 -0.034693 0.031581 0.035029 -0.103731 0.993988,5.919e-07,1.852,"$CV1,186,33066,1,0,-47.4,1.6,159.2,-0.108777,0.056115,-1.602092*0E"
252,33248,valid,1,0,0,-0.047278,0.001318,0.159149,0.166028,-0.108367,0.055541,-1.600881,-0.029989 0.994103 0.104211 -0.998935 -0.033464 0.031765 0.035065 -0.103148 0.994048,5.669e-07,1.813,"$CV1,187,33248,1,0,-47.3,1.3,159.1,-0.108367,0.055541,-1.600881*0B"
253,33409,valid,1,0,0,-0.047211,0.001125,0.159139,0.165998,-0.107897,0.055924,-1.599713,-0.028845 0.994144 0.104147 -0.998989 -0.032264 0.031293 0.034470 -0.103139 0.994069,5.487e-07,1.778,"$CV1,188,33409,1,0,-47.2,1.1,159.1,-0.107897,0.055924,-1.599713*07"
254,33569,valid,1,0,0,-0.047135,0.001038,0.159121,0.165959,-0.109544,0.055840,-1.599244,-0.028342 0.994053 0.105148 -0.998966 -0.031909 0.032396 0.035558 -0.104121 0.993929,5.533e-07,1.804,"$CV1,189,33569,1,0,-47.1,1.0,159.1,-0.109544,0.055840,-1.599244*0A"
255,33752,valid,1,0,0,-0.047069,0.001138,0.159087,0.165908,-0.109739,0.055599,-1.600358,-0.029442 0.994023 0.105125 -0.998922 -0.033035 0.032608 0.035886 -0.104051 0.993924,5.470e-07,1.797,"$CV1,190,33752,1,0,-47.1,1.1,159.1,-0.109739,0.055599,-1.600358*07"
256,33952,valid,1,0,0,-0.046921,0.001263,0.158894,0.165682,-0.110945,0.055594,-1.601272,-0.030330 0.993915 0.105895 -0.998866 -0.034029 0.033307 0.036708 -0.104764 0.993819,5.575e-07,1.811,"$CV1,191,33952,1,0,-46.9,1.3,158.9,-0.110945,0.055594,-1.601272*02"
257,34160,valid,1,0,0,-0.046802,0.001387,0.158707,0.165470,-0.109828,0.056314,-1.600975,-0.030080 0.993951 0.105626 -0.998916 -0.033649 0.032168 0.035528 -0.104544 0.993885,5.469e-07,1.790,"$CV1,192,34160,1,0,-46.8,1.4,158.7,-0.109828,0.056314,-1.600975*05"
258,34349,valid,1,0,0,-0.046739,0.001493,0.158612,0.165362,-0.112310,0.054419,-1.600730,-0.029721 0.993918 0.106036 -0.998825 -0.033595 0.034941 0.038291 -0.104873 0.993748,5.399e-07,1.794,"$CV1,193,34349,1,0,-46.7,1.5,158.6,-0.112310,0.054419,-1.600730*0F"
259,34537,valid,1,0,0,-0.046780,0.001740,0.158612,0.165376,-0.110545,0.055508,-1.602291,-0.031351 0.993916 0.105587 -0.998840 -0.035018 0.033055 0.036552 -0.104428 0.993861,4.996e-07,1.720,"$CV1,194,34537,1,0,-46.8,1.7,158.6,-0.110545,0.055508,-1.602291*02"
260,34728,valid,1,0,0,-0.046826,0.001851,0.158678,0.165453,-0.113058,0.053212,-1.603421,-0.032351 0.993864 0.105775 -0.998690 -0.036342 0.036026 0.039649 -0.104471 0.993737,5.223e-07,1.762,"$CV1,195,34728,1,0,-46.8,1.9,158.7,-0.113058,0.053212,-1.603421*0C"
261,34918,valid,1,0,0,-0.046877,0.001857,0.158743,0.165530,-0.108993,0.055350,-1.603088,-0.032172 0.994005 0.104497 -0.998845 -0.035708 0.032150 0.035689 -0.103342 0.994005,5.313e-07,1.759,"$CV1,196,34918,1,0,-46.9,1.9,158.7,-0.108993,0.055350,-1.603088*01"
262,35099,valid,1,0,0,-0.046847,0.001670,0.158770,0.165546,-0.109889,0.054840,-1.602207,-0.031258 0.994007 0.104753 -0.998843 -0.034896 0.033084 0.036541 -0.103597 0.993948,5.635e-07,1.818,"$CV1,197,35099,1,0,-46.8,1.7,158.8,-0.109889,0.054840,-1.602207*05"
263,35269,valid,1,0,0,-0.046795,0.001558,0.158821,0.165579,-0.108356,0.056381,-1.601781,-0.030916 0.994020 0.104727 -0.998924 -0.034352 0.031167 0.034578 -0.103651 0.994012,5.663e-07,1.818,"$CV1,198,35269,1,0,-46.8,1.6,158.8,-0.108356,0.056381,-1.601781*02"
264,35425,valid,1,0,0,-0.046769,0.001333,0.158945,0.165689,-0.109269,0.054714,-1.601107,-0.030168 0.994091 0.104275 -0.998890 -0.033759 0.032844 0.036170 -0.103169 0.994006,5.707e-07,1.841,"$CV1,199,35425,1,0,-46.8,1.3,158.9,-0.109269,0.054714,-1.601107*07"
265,35619,valid,1,0,0,-0.046822,0.001111,0.159194,0.165940,-0.107804,0.055552,-1.600367,-0.029487 0.994155 0.103858 -0.998964 -0.032914 0.031437 0.034672 -0.102823 0.994095,5.216e-07,1.744,"$CV1,200,35619,1,0,-46.8,1.1,159.2,-0.107804,0.055552,-1.600367*0A"
266,35795,valid,1,0,0,-0.046825,0.000804,0.159288,0.166030,-0.112315,0.052703,-1.599108,-0.028046 0.994080 0.104969 -0.998834 -0.031996 0.036142 0.039287 -0.103833 0.993819,5.796e-07,1.846,"$CV1,201,35795,1,0,-46.8,0.8,159.3,-0.112315,0.052703,-1.599108*01"
267,35967,valid,1,0,0,-0.046807,0.000680,0.159128,0.165870,-0.109941,0.054821,-1.598453,-0.027510 0.994116 0.104766 -0.998958 -0.031158 0.033343 0.036411 -0.103740 0.993938,5.841e-07,1.854,"$CV1,202,35967,1,0,-46.8,0.7,159.1,-0.109941,0.054821,-1.598453*0E"
268,36136,valid,1,0,0,-0.046767,0.000649,0.158965,0.165703,-0.110370,0.055152,-1.598445,-0.027504 0.994066 0.105246 -0.998956 -0.031176 0.033397 0.036480 -0.104218 0.993885,5.754e-07,1.847,"$CV1,203,36136,1,0,-46.8,0.6,159.0,-0.110370,0.055152,-1.598445*0B"
269,36322,valid,1,0,0,-0.046726,0.000670,0.158868,0.165599,-0.111009,0.054681,-1.598678,-0.027709 0.994048 0.105362 -0.998924 -0.031458 0.034083 0.037195 -0.104305 0.993850,5.708e-07,1.844,"$CV1,204,36322,1,0,-46.7,0.7,158.9,-0.111009,0.054681,-1.598678*05"
270,36508,valid,1,0,0,-0.046721,0.000706,0.158784,0.165517,-0.112298,0.054170,-1.598869,-0.027856 0.993990 0.105869 -0.998876 -0.031742 0.035201 0.038350 -0.104770 0.993757,5.461e-07,1.809,"$CV1,205,36508,1,0,-46.7,0.7,158.8,-0.112298,0.054170,-1.598869*05"
271,36688,valid,1,0,0,-0.046804,0.000799,0.158942,0.165692,-0.112236,0.054185,-1.599348,-0.028336 0.993979 0.105840 -0.998864 -0.032215 0.035126 0.038324 -0.104725 0.993763,5.238e-07,1.769,"$CV1,206,36688,1,0,-46.8,0.8,158.9,-0.112236,0.054185,-1.599348*0B"
272,36876,valid,1,0,0,-0.046933,0.000927,0.159155,0.165933,-0.112644,0.053326,-1.599873,-0.028823 0.993994 0.105568 -0.998818 -0.032775 0.035901 0.039145 -0.104409 0.993764,5.031e-07,1.730,"$CV1,207,36876,1,0,-46.9,0.9,159.2,-0.112644,0.053326,-1.599873*01"
273,37078,valid,1,0,0,-0.047101,0.001061,0.159290,0.166111,-0.111362,0.054149,-1.600339,-0.029341 0.994012 0.105261 -0.998853 -0.033143 0.034549 0.037831 -0.104127 0.993844,4.886e-07,1.694,"$CV1,208,37078,1,0,-47.1,1.1,159.3,-0.111362,0.054149,-1.600339*00"
274,37270,valid,1,0,0,-0.047256,0.001203,0.159501,0.166358,-0.109473,0.055475,-1.600710,-0.029793 0.994039 0.104878 -0.998914 -0.033369 0.032503 0.035809 -0.103796 0.993954,4.766e-07,1.668,"$CV1,209,37270,1,0,-47.3,1.2,159.5,-0.109473,0.055475,-1.600710*06"
275,37469,valid,1,0,0,-0.047384,0.001236,0.159540,0.166432,-0.111512,0.054764,-1.601061,-0.030080 0.993939 0.105741 -0.998841 -0.033867 0.034205 0.037578 -0.104590 0.993805,4.843e-07,1.678,"$CV1,210,37469,1,0,-47.4,1.2,159.5,-0.111512,0.054764,-1.601061*0A"
276,37663,valid,1,0,0,-0.047472,0.001276,0.159578,0.166495,-0.112099,0.053843,-1.601329,-0.030304 0.993953 0.105546 -0.998797 -0.034184 0.035146 0.038541 -0.104354 0.993793,5.103e-07,1.726,"$CV1,211,37663,1,0,-47.5,1.3,159.6,-0.112099,0.053843,-1.601329*07"
277,37837,valid,1,0,0,-0.047489,0.001296,0.159553,0.166475,-0.111590,0.054114,-1.601547,-0.030540 0.993962 0.105389 -0.998809 -0.034362 0.034644 0.038056 -0.104206 0.993827,5.314e-07,1.757,"$CV1,212,37837,1,0,-47.5,1.3,159.6,-0.111590,0.054114,-1.601547*06"
278,38024,valid,1,0,0,-0.047451,0.001260,0.159422,0.166339,-0.112962,0.053572,-1.601116,-0.030065 0.993919 0.105929 -0.998777 -0.034034 0.035868 0.039255 -0.104721 0.993727,5.528e-07,1.799,"$CV1,213,38024,1,0,-47.5,1.3,159.4,-0.112962,0.053572,-1.601116*01"
279,38193,valid,1,0,0,-0.047401,0.001260,0.159404,0.166307,-0.111109,0.054473,-1.600579,-0.029597 0.994000 0.105302 -0.998859 -0.033361 0.034170 0.037478 -0.104170 0.993853,5.491e-07,1.789,"$CV1,214,38193,1,0,-47.4,1.3,159.4,-0.111109,0.054473,-1.600579*07"
280,38382,valid,1,0,0,-0.047388,0.001233,0.159393,0.166293,-0.111497,0.054071,-1.600109,-0.029106 0.994015 0.105299 -0.998855 -0.032924 0.034697 0.037956 -0.104169 0.993835,5.623e-07,1.813,"$CV1,215,38382,1,0,-47.4,1.2,159.4,-0.111497,0.054071,-1.600109*02"
281,38557,valid,1,0,0,-0.047440,0.001240,0.159376,0.166292,-0.111128,0.054601,-1.599769,-0.028792 0.994014 0.105391 -0.998887 -0.032553 0.034146 0.037372 -0.104290 0.993844,5.218e-07,1.745,"$CV1,216,38557,1,0,-47.4,1.2,159.4,-0.111128,0.054601,-1.599769*0C"
282,38741,valid,1,0,0,-0.047539,0.001336,0.159400,0.166343,-0.110974,0.055137,-1.600258,-0.029301 0.993974 0.105627 -0.998887 -0.033025 0.033677 0.036963 -0.104522 0.993835,5.068e-07,1.717,"$CV1,217,38741,1,0,-47.5,1.3,159.4,-0.110974,0.055137,-1.600258*0F"
283,38903,valid,1,0,0,-0.047637,0.001485,0.159394,0.166367,-0.112578,0.054467,-1.600880,-0.029867 0.993892 0.106238 -0.998814 -0.033763 0.035067 0.038440 -0.105065 0.993722,5.315e-07,1.759,"$CV1,218,38903,1,0,-47.6,1.5,159.4,-0.112578,0.054467,-1.600880*01"
284,39071,valid,1,0,0,-0.047756,0.001712,0.159468,0.166474,-0.111542,0.056101,-1.601884,-0.030946 0.993821 0.106592 -0.998843 -0.034676 0.033315 0.036805 -0.105437 0.993745,5.331e-07,1.752,"$CV1,219,39071,1,0,-47.8,1.7,159.5,-0.111542,0.056101,-1.601884*08"
285,39258,valid,1,0,0,-0.047786,0.001868,0.159569,0.166582,-0.111923,0.054539,-1.602751,-0.031749 0.993873 0.105869 -0.998771 -0.035581 0.034507 0.038062 -0.104643 0.993781,5.522e-07,1.793,"$CV1,220,39258,1,0,-47.8,1.9,159.6,-0.111923,0.054539,-1.602751*04"
286,39426,valid,1,0,0,-0.047761,0.001970,0.159466,0.166476,-0.112400,0.055235,-1.602953,-0.031965 0.993787 0.106606 -0.998768 -0.035809 0.034342 0.037946 -0.105377 0.993708,5.590e-07,1.810,"$CV1,221,39426,1,0,-47.8,2.0,159.5,-0.112400,0.055235,-1.602953*0A"
287,39588,valid,1,0,0,-0.047742,0.001973,0.159383,0.166391,-0.112874,0.054238,-1.602686,-0.031655 0.993831 0.106290 -0.998743 -0.035586 0.035294 0.038858 -0.105040 0.993709,5.762e-07,1.833,"$CV1,222,39588,1,0,-47.7,2.0,159.4,-0.112874,0.054238,-1.602686*06"
288,39797,valid,1,0,0,-0.047771,0.001973,0.159399,0.166415,-0.112974,0.054126,-1.602823,-0.031786 0.993827 0.106285 -0.998734 -0.035731 0.035420 0.038999 -0.105025 0.993705,5.365e-07,1.765,"$CV1,223,39797,1,0,-47.8,2.0,159.4,-0.112974,0.054126,-1.602823*08"
289,39973,valid,1,0,0,-0.047808,0.002028,0.159500,0.166524,-0.111102,0.055305,-1.603629,-0.032668 0.993848 0.105820 -0.998777 -0.036392 0.033454 0.037099 -0.104598 0.993822,5.564e-07,1.788,"$CV1,224,39973,1,0,-47.8,2.0,159.5,-0.111102,0.055305,-1.603629*07"
290,40161,valid,1,0,0,-0.047778,0.001866,0.159512,0.166524,-0.110055,0.055624,-1.603557,-0.032628 0.993900 0.105348 -0.998811 -0.036245 0.032605 0.036224 -0.104158 0.993901,5.584e-07,1.782,"$CV1,225,40161,1,0,-47.8,1.9,159.5,-0.110055,0.055624,-1.603557*07"
291,40342,valid,1,0,0,-0.047742,0.001591,0.159677,0.166669,-0.110830,0.054476,-1.603677,-0.032694 0.993921 0.105132 -0.998764 -0.036430 0.033817 0.037442 -0.103896 0.993883,5.571e-07,1.779,"$CV1,226,40342,1,0,-47.7,1.6,159.7,-0.110830,0.054476,-1.603677*0B"
292,40520,valid,1,0,0,-0.047618,0.001199,0.159932,0.166875,-0.108470,0.054966,-1.603042,-0.032123 0.994066 0.103923 -0.998850 -0.035631 0.032077 0.035589 -0.102773 0.994068,6.131e-07,1.862,"$CV1,227,40520,1,0,-47.6,1.2,159.9,-0.108470,0.054966,-1.603042*0E"
293,40694,valid,1,0,0,-0.047533,0.000504,0.160181,0.167085,-0.109849,0.052733,-1.600792,-0.029776 0.994192 0.103416 -0.998843 -0.033503 0.034497 0.037761 -0.102269 0.994040,6.030e-07,1.833,"$CV1,228,40694,1,0,-47.5,0.5,160.2,-0.109849,0.052733,-1.600792*0F"
294,40857,valid,1,0,0,-0.047462,-0.000198,0.160373,0.167249,-0.112314,0.050882,-1.597915,-0.026795 0.994234 0.103830 -0.998826 -0.030823 0.037381 0.040366 -0.102707 0.993892,6.024e-07,1.844,"$CV1,229,40857,1,0,-47.5,-0.2,160.4,-0.112314,0.050882,-1.597915*21"
295,41030,valid,1,0,0,-0.047431,-0.000598,0.160431,0.167297,-0.110350,0.053591,-1.596282,-0.025294 0.994229 0.104256 -0.998982 -0.029034 0.034512 0.037340 -0.103277 0.993952,6.119e-07,1.849,"$CV1,230,41030,1,0,-47.4,-0.6,160.4,-0.110350,0.053591,-1.596282*2E"
296,41182,valid,1,0,0,-0.047481,-0.000854,0.160467,0.167346,-0.114596,0.051975,-1.596703,-0.025575 0.994041 0.105963 -0.998828 -0.029767 0.038166 0.041092 -0.104863 0.993637,6.188e-07,1.884,"$CV1,231,41182,1,0,-47.5,-0.9,160.5,-0.114596,0.051975,-1.596703*28"
297,41322,valid,1,0,0,-0.047576,-0.000905,0.160468,0.167375,-0.112798,0.053807,-1.597087,-0.026055 0.994029 0.105957 -0.998907 -0.030004 0.035849 0.038814 -0.104907 0.993724,5.889e-07,1.847,"$CV1,232,41322,1,0,-47.6,-0.9,160.5,-0.112798,0.053807,-1.597087*26"
298,41471,valid,1,0,0,-0.047712,-0.000957,0.160536,0.167479,-0.114766,0.052297,-1.597318,-0.026196 0.993992 0.106275 -0.998814 -0.030389 0.038029 0.041030 -0.105153 0.993609,5.831e-07,1.841,"$CV1,233,41471,1,0,-47.7,-1.0,160.5,-0.114766,0.052297,-1.597318*2F"
299,41651,valid,1,0,0,-0.047890,-0.000870,0.160476,0.167471,-0.111388,0.054775,-1.597420,-0.026449 0.994051 0.105660 -0.998953 -0.030229 0.034330 0.037320 -0.104641 0.993810,5.401e-07,1.757,"$CV1,234,41651,1,0,-47.9,-0.9,160.5,-0.111388,0.054775,-1.597420*2C"
300,41852,valid,1,0,0,-0.048124,-0.000731,0.160465,0.167528,-0.112693,0.054760,-1.597878,-0.026879 0.993951 0.106485 -0.998909 -0.030776 0.035124 0.038189 -0.105425 0.993694,5.202e-07,1.724,"$CV1,235,41852,1,0,-48.1,-0.7,160.5,-0.112693,0.054760,-1.597878*20"
301,42034,valid,1,0,0,-0.048419,-0.000437,0.160620,0.167760,-0.113359,0.055223,-1.599008,-0.028010 0.993843 0.107202 -0.998870 -0.031945 0.035174 0.038382 -0.106096 0.993615,5.634e-07,1.795,"$CV1,236,42034,1,0,-48.4,-0.4,160.6,-0.113359,0.055223,-1.599008*2D"
302,42221,valid,1,0,0,-0.048747,-0.000077,0.160786,0.168013,-0.114520,0.055214,-1.599930,-0.028905 0.993737 0.107941 -0.998814 -0.032947 0.035847 0.039178 -0.106777 0.993511,5.276e-07,1.738,"$CV1,237,42221,1,0,-48.7,-0.1,160.8,-0.114520,0.055214,-1.599930*2B"
303,42417,valid,1,0,0,-0.049075,0.000422,0.161079,0.168389,-0.114795,0.055262,-1.601703,-0.030670 0.993661 0.108152 -0.998752 -0.034732 0.035881 0.039410 -0.106917 0.993487,4.899e-07,1.678,"$CV1,238,42417,1,0,-49.1,0.4,161.1,-0.114795,0.055262,-1.601703*01"
304,42585,valid,1,0,0,-0.049429,0.001072,0.161427,0.168828,-0.113547,0.056695,-1.603528,-0.032566 0.993591 0.108246 -0.998754 -0.036448 0.034077 0.037804 -0.107002 0.993540,4.667e-07,1.627,"$CV1,239,42585,1,0,-49.4,1.1,161.4,-0.113547,0.056695,-1.603528*02"
305,42747,valid,1,0,0,-0.049751,0.001685,0.161856,0.169338,-0.114039,0.056663,-1.605316,-0.034339 0.993498 0.108545 -0.998679 -0.038265 0.034297 0.038227 -0.107224 0.993500,4.305e-07,1.558,"$CV1,240,42747,1,0,-49.8,1.7,161.9,-0.114039,0.056663,-1.605316*08"
306,42898,valid,1,0,0,-0.049921,0.002375,0.162232,0.169755,-0.114457,0.058129,-1.607146,-0.036208 0.993302 0.109723 -0.998634 -0.040103 0.033501 0.037677 -0.108360 0.993397,4.183e-07,1.537,"$CV1,241,42898,1,0,-49.9,2.4,162.2,-0.114457,0.058129,-1.607146*03"
307,43047,valid,1,0,0,-0.050061,0.003056,0.162523,0.170086,-0.115237,0.059799,-1.609250,-0.038351 0.993051 0.111256 -0.998570 -0.042236 0.032778 0.037249 -0.109840 0.993251,4.385e-07,1.559,"$CV1,242,43047,1,0,-50.1,3.1,162.5,-0.115237,0.059799,-1.609250*0F"
308,43192,valid,1,0,0,-0.050111,0.003679,0.162773,0.170352,-0.115095,0.061002,-1.611258,-0.040402 0.992897 0.111909 -0.998516 -0.044214 0.031792 0.036514 -0.110458 0.993210,4.627e-07,1.597,"$CV1,243,43192,1,0,-50.1,3.7,162.8,-0.115095,0.061002,-1.611258*09"
309,43348,valid,1,0,0,-0.050191,0.004092,0.162964,0.170567,-0.115229,0.061312,-1.612456,-0.041605 0.992816 0.112186 -0.998468 -0.045413 0.031602 0.036469 -0.110700 0.993185,4.772e-07,1.610,"$CV1,244,43348,1,0,-50.2,4.1,163.0,-0.115229,0.061312,-1.612456*0C"
310,43501,valid,1,0,0,-0.050199,0.004366,0.163176,0.170779,-0.114477,0.060697,-1.612812,-0.041953 0.992898 0.111325 -0.998457 -0.045721 0.031516 0.036382 -0.109831 0.993284,5.332e-07,1.683,"$CV1,245,43501,1,0,-50.2,4.4,163.2,-0.114477,0.060697,-1.612812*08"
311,43659,valid,1,0,0,-0.050115,0.004419,0.163258,0.170834,-0.114158,0.060148,-1.612315,-0.041443 0.992980 0.110782 -0.998474 -0.045210 0.031704 0.036490 -0.109299 0.993339,5.560e-07,1.715,"$CV1,246,43659,1,0,-50.1,4.4,163.3,-0.114158,0.060148,-1.612315*06"
312,43812,valid,1,0,0,-0.049952,0.004387,0.163264,0.170791,-0.114426,0.059614,-1.611561,-0.040666 0.993030 0.110625 -0.998489 -0.044483 0.032259 0.036955 -0.109146 0.993339,5.601e-07,1.720,"$CV1,247,43812,1,0,-50.0,4.4,163.3,-0.114426,0.059614,-1.611561*09"
313,43964,valid,1,0,0,-0.049774,0.004265,0.163232,0.170705,-0.114224,0.059923,-1.610586,-0.039710 0.993062 0.110684 -0.998541 -0.043495 0.031994 0.036586 -0.109253 0.993341,6.108e-07,1.800,"$CV1,248,43964,1,0,-49.8,4.3,163.2,-0.114224,0.059923,-1.610586*07"
314,44109,valid,1,0,0,-0.049651,0.004006,0.163002,0.170444,-0.115364,0.057787,-1.608711,-0.037737 0.993204 0.110096 -0.998544 -0.041730 0.034188 0.038549 -0.108645 0.993333,6.138e-07,1.814,"$CV1,249,44109,1,0,-49.7,4.0,163.0,-0.115364,0.057787,-1.608711*03"
315,44252,valid,1,0,0,-0.049594,0.003858,0.162764,0.170196,-0.114756,0.059341,-1.607420,-0.036519 0.993187 0.110664 -0.998643 -0.040384 0.032887 0.037132 -0.109313 0.993314,5.742e-07,1.744,"$CV1,250,44252,1,0,-49.6,3.9,162.8,-0.114756,0.059341,-1.607420*0A"
316,44399,valid,1,0,0,-0.049538,0.003796,0.162384,0.169815,-0.115091,0.058688,-1.607803,-0.036870 0.993195 0.110476 -0.998606 -0.040797 0.033492 0.037771 -0.109087 0.993314,5.820e-07,1.770,"$CV1,251,44399,1,0,-49.5,3.8,162.4,-0.115091,0.058688,-1.607803*02"
317,44573,valid,1,0,0,-0.049466,0.003677,0.161951,0.169377,-0.114820,0.058767,-1.607765,-0.036841 0.993210 0.110351 -0.998616 -0.040739 0.033276 0.037546 -0.108972 0.993335,5.746e-07,1.754,"$CV1,252,44573,1,0,-49.5,3.7,162.0,-0.114820,0.058767,-1.607765*04"
318,44717,valid,1,0,0,-0.049384,0.003477,0.161884,0.169284,-0.113928,0.058973,-1.607233,-0.036336 0.993278 0.109905 -0.998661 -0.040143 0.032624 0.036817 -0.108573 0.993406,5.832e-07,1.773,"$CV1,253,44717,1,0,-49.4,3.5,161.9,-0.113928,0.058973,-1.607233*0F"
319,44867,valid,1,0,0,-0.049200,0.003181,0.162061,0.169394,-0.113195,0.058273,-1.605629,-0.034726 0.993435 0.109002 -0.998723 -0.038501 0.032718 0.036700 -0.107726 0.993503,5.879e-07,1.783,"$CV1,254,44867,1,0,-49.2,3.2,162.1,-0.113195,0.058273,-1.605629*02"
320,45050,valid,1,0,0,-0.049023,0.002809,0.162127,0.169400,-0.115186,0.058160,-1.603567,-0.032624 0.993374 0.110203 -0.998747 -0.036588 0.034144 0.037950 -0.108951 0.993322,5.589e-07,1.737,"$CV1,255,45050,1,0,-49.0,2.8,162.1,-0.115186,0.058160,-1.603567*0D"
321,45223,valid,1,0,0,-0.048939,0.002551,0.162347,0.169582,-0.113641,0.059069,-1.602613,-0.031737 0.993449 0.109777 -0.998835 -0.035518 0.032660 0.036345 -0.108612 0.993420,5.155e-07,1.653,"$CV1,256,45223,1,0,-48.9,2.6,162.3,-0.113641,0.059069,-1.602613*0E"
322,45398,valid,1,0,0,-0.048863,0.002375,0.162587,0.169788,-0.114064,0.058583,-1.601928,-0.031027 0.993475 0.109745 -0.998838 -0.034870 0.033276 0.036886 -0.108585 0.993403,5.246e-07,1.690,"$CV1,257,45398,1,0,-48.9,2.4,162.6,-0.114064,0.058583,-1.601928*0B"
323,45559,valid,1,0,0,-0.048776,0.002263,0.162659,0.169829,-0.114221,0.058575,-1.600725,-0.029824 0.993502 0.109839 -0.998873 -0.033683 0.033450 0.036932 -0.108717 0.993386,5.505e-07,1.733,"$CV1,258,45559,1,0,-48.8,2.3,162.7,-0.114221,0.058575,-1.600725*00"
324,45726,valid,1,0,0,-0.048765,0.002381,0.162622,0.169793,-0.113596,0.059361,-1.599171,-0.028315 0.993536 0.109926 -0.998952 -0.032082 0.032650 0.035965 -0.108886 0.993403,5.371e-07,1.708,"$CV1,259,45726,1,0,-48.8,2.4,162.6,-0.113596,0.059361,-1.599171*07"
325,45897,valid,1,0,0,-0.048754,0.002640,0.162813,0.169977,-0.115408,0.056006,-1.598852,-0.027839 0.993652 0.108998 -0.998843 -0.031928 0.035951 0.039203 -0.107871 0.993392,6.012e-07,1.792,"$CV1,260,45897,1,0,-48.8,2.6,162.8,-0.115408,0.056006,-1.598852*00"
326,46062,valid,1,0,0,-0.048842,0.003091,0.163026,0.170214,-0.114325,0.053775,-1.598963,-0.027895 0.993876 0.106919 -0.998814 -0.031983 0.036708 0.039903 -0.105768 0.993590,6.150e-07,1.785,"$CV1,261,46062,1,0,-48.8,3.1,163.0,-0.114325,0.053775,-1.598963*03"
327,46216,valid,1,0,0,-0.049073,0.003408,0.163137,0.170392,-0.117182,0.048400,-1.598064,-0.026768 0.994070 0.105397 -0.998626 -0.031343 0.041991 0.045045 -0.104128 0.993543,7.094e-07,1.904,"$CV1,262,46216,1,0,-49.1,3.4,163.1,-0.117182,0.048400,-1.598064*04"
328,46367,valid,1,0,0,-0.049158,0.003510,0.163173,0.170453,-0.114359,0.048930,-1.598442,-0.027220 0.994213 0.103925 -0.998708 -0.031511 0.039876 0.042920 -0.102706 0.993785,6.642e-07,1.845,"$CV1,263,46367,1,0,-49.2,3.5,163.2,-0.114359,0.048930,-1.598442*0A"
329,46524,valid,1,0,0,-0.049163,0.003458,0.163127,0.170410,-0.115578,0.049592,-1.598765,-0.027537 0.994078 0.105118 -0.998682 -0.031914 0.040188 0.043304 -0.103873 0.993647,6.415e-07,1.810,"$CV1,264,46524,1,0,-49.2,3.5,163.1,-0.115578,0.049592,-1.598765*08"
330,46697,valid,1,0,0,-0.049138,0.003340,0.163192,0.170462,-0.114305,0.050425,-1.598164,-0.026990 0.994125 0.104820 -0.998756 -0.031217 0.038897 0.041940 -0.103639 0.993730,6.539e-07,1.828,"$CV1,265,46697,1,0,-49.1,3.3,163.2,-0.114305,0.050425,-1.598164*0B"
331,46866,valid,1,0,0,-0.049078,0.003164,0.163337,0.170580,-0.113967,0.050544,-1.597484,-0.026321 0.994158 0.104674 -0.998787 -0.030513 0.038650 0.041618 -0.103530 0.993755,6.516e-07,1.829,"$CV1,266,46866,1,0,-49.1,3.2,163.3,-0.113967,0.050544,-1.597484*03"
332,47172,valid,1,0,0,-0.048995,0.002881,0.163261,0.170479,-0.115822,0.050127,-1.596012,-0.024802 0.994100 0.105592 -0.998767 -0.029183 0.040156 0.043000 -0.104465 0.993598,6.821e-07,1.874,"$CV1,267,47172,1,0,-49.0,2.9,163.3,-0.115822,0.050127,-1.596012*09"
333,47412,valid,1,0,0,-0.048901,0.002722,0.163137,0.170330,-0.115214,0.051544,-1.594951,-0.023800 0.994073 0.106081 -0.998848 -0.028068 0.038930 0.041677 -0.105033 0.993595,6.998e-07,1.893,"$CV1,268,47412,1,0,-48.9,2.7,163.1,-0.115214,0.051544,-1.594951*02"
334,47570,valid,1,0,0,-0.048802,0.002675,0.163041,0.170209,-0.116215,0.051768,-1.594860,-0.023696 0.993992 0.106859 -0.998829 -0.028048 0.039413 0.042174 -0.105800 0.993493,6.640e-07,1.857,"$CV1,269,47570,1,0,-48.8,2.7,163.0,-0.116215,0.051768,-1.594860*0B"
335,47728,valid,1,0,0,-0.048736,0.002635,0.162882,0.170037,-0.115401,0.052403,-1.595356,-0.024228 0.993992 0.106738 -0.998854 -0.028478 0.038470 0.041278 -0.105684 0.993543,6.358e-07,1.830,"$CV1,270,47728,1,0,-48.7,2.6,162.9,-0.115401,0.052403,-1.595356*08"
336,47888,valid,1,0,0,-0.048729,0.002607,0.162864,0.170018,-0.115125,0.052434,-1.595480,-0.024359 0.994005 0.106582 -0.998859 -0.028582 0.038271 0.041088 -0.105528 0.993567,6.297e-07,1.818,"$CV1,271,47888,1,0,-48.7,2.6,162.9,-0.115125,0.052434,-1.595480*07"
337,48043,valid,1,0,0,-0.048741,0.002576,0.163001,0.170152,-0.113693,0.053677,-1.595291,-0.024241 0.994023 0.106442 -0.998930 -0.028279 0.036593 0.039384 -0.105441 0.993645,6.401e-07,1.815,"$CV1,272,48043,1,0,-48.7,2.6,163.0,-0.113693,0.053677,-1.595291*02"
338,48190,valid,1,0,0,-0.048697,0.002510,0.163094,0.170228,-0.114788,0.052822,-1.595206,-0.024105 0.994009 0.106608 -0.998884 -0.028281 0.037828 0.040617 -0.105577 0.993581,6.404e-07,1.823,"$CV1,273,48190,1,0,-48.7,2.5,163.1,-0.114788,0.052822,-1.595206*03"
339,48336,valid,1,0,0,-0.048717,0.002347,0.163073,0.170211,-0.114905,0.053058,-1.596167,-0.025070 0.993961 0.106833 -0.998861 -0.029245 0.037693 0.040590 -0.105766 0.993562,4.935e-07,1.596,"$CV1,274,48336,1,0,-48.7,2.3,163.1,-0.114905,0.053058,-1.596167*04"
340,48490,valid,1,0,0,-0.048799,0.002134,0.163006,0.170167,-0.113588,0.055180,-1.598265,-0.027262 0.993851 0.107320 -0.998886 -0.031221 0.035387 0.038520 -0.106235 0.993595,5.405e-07,1.725,"$CV1,275,48490,1,0,-48.8,2.1,163.0,-0.113588,0.055180,-1.598265*01"
341,48645,valid,1,0,0,-0.048872,0.002114,0.162986,0.170169,-0.116653,0.053885,-1.599421,-0.028308 0.993696 0.108477 -0.998744 -0.032606 0.038054 0.041351 -0.107263 0.993370,6.276e-07,1.850,"$CV1,276,48645,1,0,-48.9,2.1,163.0,-0.116653,0.053885,-1.599421*04"
342,48793,valid,1,0,0,-0.048862,0.002277,0.163075,0.170253,-0.116134,0.052473,-1.600613,-0.029461 0.993793 0.107273 -0.998685 -0.033769 0.038570 0.041953 -0.105996 0.993481,6.356e-07,1.841,"$CV1,277,48793,1,0,-48.9,2.3,163.1,-0.116134,0.052473,-1.600613*0E"
343,48937,valid,1,0,0,-0.048850,0.002329,0.163059,0.170235,-0.116939,0.051001,-1.602104,-0.030884 0.993792 0.106882 -0.998578 -0.035327 0.039929 0.043457 -0.105497 0.993470,6.329e-07,1.853,"$CV1,278,48937,1,0,-48.8,2.3,163.1,-0.116939,0.051001,-1.602104*04"
344,49086,valid,1,0,0,-0.048907,0.002352,0.163188,0.170376,-0.111807,0.050999,-1.604890,-0.033770 0.994045 0.103607 -0.998617 -0.037739 0.036594 0.040286 -0.102228 0.993945,5.866e-07,1.781,"$CV1,279,49086,1,0,-48.9,2.4,163.2,-0.111807,0.050999,-1.604890*02"
345,49237,valid,1,0,0,-0.049015,0.002373,0.163319,0.170532,-0.111290,0.050157,-1.607092,-0.035950 0.994056 0.102763 -0.998530 -0.039905 0.036692 0.040575 -0.101293 0.994029,6.822e-07,1.925,"$CV1,280,49237,1,0,-49.0,2.4,163.3,-0.111290,0.050157,-1.607092*02"
346,49401,valid,1,0,0,-0.049034,0.002371,0.163230,0.170452,-0.113455,0.047720,-1.608328,-0.037066 0.994027 0.102650 -0.998364 -0.041310 0.039530 0.043535 -0.101017 0.993932,6.480e-07,1.891,"$CV1,281,49401,1,0,-49.0,2.4,163.2,-0.113455,0.047720,-1.608328*01"
347,49549,valid,1,0,0,-0.049111,0.002377,0.162989,0.170244,-0.114519,0.050394,-1.609467,-0.038262 0.993737 0.104991 -0.998359 -0.042496 0.038395 0.042616 -0.103349 0.993732,6.305e-07,1.854,"$CV1,282,49549,1,0,-49.1,2.4,163.0,-0.114519,0.050394,-1.609467*02"
348,49693,valid,1,0,0,-0.049079,0.002321,0.162495,0.169761,-0.116988,0.055978,-1.611397,-0.040318 0.993111 0.110027 -0.998352 -0.044541 0.036195 0.040846 -0.108386 0.993269,5.728e-07,1.784,"$CV1,283,49693,1,0,-49.1,2.3,162.5,-0.116988,0.055978,-1.611397*0E"
349,49836,valid,1,0,0,-0.049007,0.002129,0.161875,0.169144,-0.122048,0.060796,-1.611818,-0.040802 0.992383 0.116242 -0.998319 -0.045283 0.036166 0.041154 -0.114571 0.992562,5.541e-07,1.786,"$CV1,284,49836,1,0,-49.0,2.1,161.9,-0.122048,0.060796,-1.611818*02"
350,49982,valid,1,0,0,-0.048860,0.001959,0.161577,0.168814,-0.123373,0.065107,-1.612302,-0.041424 0.991940 0.119745 -0.998366 -0.045816 0.034163 0.039374 -0.118135 0.992217,5.582e-07,1.797,"$CV1,285,49982,1,0,-48.9,2.0,161.6,-0.123373,0.065107,-1.612302*09"
351,50126,valid,1,0,0,-0.048615,0.001782,0.161405,0.168577,-0.120402,0.069828,-1.611406,-0.040793 0.991845 0.120746 -0.998572 -0.044642 0.029344 0.034495 -0.119377 0.992250,5.539e-07,1.794,"$CV1,286,50126,1,0,-48.6,1.8,161.4,-0.120402,0.069828,-1.611406*08"
352,50274,valid,1,0,0,-0.048414,0.001495,0.161200,0.168320,-0.120737,0.071339,-1.610350,-0.039799 0.991745 0.121895 -0.998639 -0.043596 0.028642 0.033720 -0.120589 0.992130,5.265e-07,1.752,"$CV1,287,50274,1,0,-48.4,1.5,161.2,-0.120737,0.071339,-1.610350*06"
353,50422,valid,1,0,0,-0.048259,0.001334,0.161119,0.168196,-0.121140,0.072601,-1.609465,-0.038964 0.991650 0.122932 -0.998691 -0.042728 0.028133 0.033150 -0.121674 0.992016,6.114e-07,1.888,"$CV1,288,50422,1,0,-48.3,1.3,161.1,-0.121140,0.072601,-1.609465*0D"
354,50568,valid,1,0,0,-0.048181,0.001207,0.160845,0.167910,-0.122548,0.075734,-1.609296,-0.038909 0.991297 0.125764 -0.998727 -0.042624 0.026987 0.032113 -0.124554 0.991693,5.550e-07,1.800,"$CV1,289,50568,1,0,-48.2,1.2,160.8,-0.122548,0.075734,-1.609296*0E"
355,50715,valid,1,0,0,-0.048086,0.001266,0.160336,0.167396,-0.120835,0.082536,-1.609009,-0.038993 0.990896 0.128857 -0.998880 -0.042111 0.021559 0.026789 -0.127872 0.991429,5.873e-07,1.862,"$CV1,290,50715,1,0,-48.1,1.3,160.3,-0.120835,0.082536,-1.609009*0E"
356,50866,valid,1,0,0,-0.047986,0.001479,0.159762,0.166820,-0.112424,0.096503,-1.607779,-0.038720 0.990482 0.132084 -0.999170 -0.040052 0.007441 0.012660 -0.131686 0.991211,5.574e-07,1.821,"$CV1,291,50866,1,0,-48.0,1.5,159.8,-0.112424,0.096503,-1.607779*02"
357,51014,valid,1,0,0,-0.047925,0.001573,0.159291,0.166352,-0.103791,0.105145,-1.607750,-0.039401 0.990483 0.131876 -0.999222 -0.039288 -0.003462 0.001752 -0.131910 0.991260,4.696e-07,1.670,"$CV1,292,51014,1,0,-47.9,1.6,159.3,-0.103791,0.105145,-1.607750*08"
358,51155,valid,1,0,0,-0.047902,0.001457,0.158837,0.165909,-0.094220,0.114476,-1.606539,-0.039001 0.990546 0.131518 -0.999186 -0.037308 -0.015315 -0.010263 -0.132008 0.991196,4.598e-07,1.663,"$CV1,293,51155,1,0,-47.9,1.5,158.8,-0.094220,0.114476,-1.606539*0D"
359,51302,valid,1,0,0,-0.047853,0.001335,0.158339,0.165417,-0.080682,0.127837,-1.605212,-0.038898 0.990605 0.131108 -0.998869 -0.034959 -0.032217 -0.027331 -0.132213 0.990845,3.706e-07,1.486,"$CV1,294,51302,1,0,-47.9,1.3,158.3,-0.080682,0.127837,-1.605212*0A"
360,51450,valid,1,0,0,-0.047722,0.001241,0.157687,0.164755,-0.067319,0.140082,-1.603843,-0.038732 0.990740 0.130132 -0.998298 -0.032684 -0.048294 -0.043593 -0.131781 0.990320,3.069e-07,1.358,"$CV1,295,51450,1,0,-47.7,1.2,157.7,-0.067319,0.140082,-1.603843*0E"
361,51588,valid,1,0,0,-0.047623,0.000867,0.156916,0.163986,-0.057166,0.146363,-1.600961,-0.036538 0.991149 0.127625 -0.997861 -0.029257 -0.058466 -0.054214 -0.129488 0.990098,2.514e-07,1.239,"$CV1,296,51588,1,0,-47.6,0.9,156.9,-0.057166,0.146363,-1.600961*0C"
362,51736,valid,1,0,0,-0.047541,0.000356,0.155980,0.163065,-0.051747,0.145236,-1.597946,-0.033489 0.991766 0.123609 -0.997800 -0.026096 -0.060949 -0.057221 -0.125378 0.990457,2.902e-07,1.344,"$CV1,297,51736,1,0,-47.5,0.4,156.0,-0.051747,0.145236,-1.597946*04"
363,51885,valid,1,0,0,-0.047545,-0.000418,0.154893,0.162026,-0.052111,0.133996,-1.594484,-0.029060 0.992700 0.117056 -0.998313 -0.022935 -0.053338 -0.050264 -0.118409 0.991692,3.164e-07,1.419,"$CV1,298,51885,1,0,-47.5,-0.4,154.9,-0.052111,0.133996,-1.594484*2C"
364,52022,valid,1,0,0,-0.047677,-0.001318,0.153342,0.160588,-0.051219,0.124733,-1.589013,-0.022868 0.993562 0.110962 -0.998706 -0.017661 -0.047692 -0.045425 -0.111909 0.992680,3.380e-07,1.465,"$CV1,299,52022,1,0,-47.7,-1.3,153.3,-0.051219,0.124733,-1.589013*2B"
365,52158,target_missing,0,,-1,,,,,,,,,,,"$CV1,300,52158,0,-1,0.0,0.0,0.0,0.000000,0.000000,0.000000*30"
366,52303,valid,1,0,0,-0.047833,-0.001786,0.150023,0.157474,-0.052074,0.085978,-1.589128,-0.020413 0.995971 0.087324 -0.999578 -0.018527 -0.022351 -0.020643 -0.087744 0.995929,5.972e-07,1.937,"$CV1,301,52303,1,0,-47.8,-1.8,150.0,-0.052074,0.085978,-1.589128*27"
367,52455,valid,1,0,0,-0.047895,-0.001918,0.148545,0.156088,-0.039095,0.083292,-1.587422,-0.018673 0.996826 0.077391 -0.999451 -0.016492 -0.028721 -0.027353 -0.077885 0.996587,6.010e-07,1.977,"$CV1,302,52455,1,0,-47.9,-1.9,148.5,-0.039095,0.083292,-1.587422*26"
368,52614,valid,1,0,0,-0.047858,-0.001624,0.147079,0.154677,-0.026727,0.086897,-1.587665,-0.019181 0.997239 0.071738 -0.999112 -0.016425 -0.038812 -0.037527 -0.072419 0.996668,8.228e-07,2.391,"$CV1,303,52614,1,0,-47.9,-1.6,147.1,-0.026727,0.086897,-1.587665*2F"
369,52773,valid,1,0,0,-0.047686,-0.000639,0.146107,0.153693,-0.011432,0.093292,-1.592698,-0.024618 0.997530 0.065785 -0.998389 -0.021167 -0.052648 -0.051126 -0.066975 0.996444,8.786e-07,2.491,"$CV1,304,52773,1,0,-47.7,-0.6,146.1,-0.011432,0.093292,-1.592698*28"
370,52935,valid,1,0,0,-0.047533,0.000277,0.145851,0.153401,0.008382,0.106208,-1.596356,-0.029078 0.997716 0.060976 -0.997000 -0.024571 -0.073401 -0.071735 -0.062927 0.995437,6.306e-07,2.127,"$CV1,305,52935,1,0,-47.5,0.3,145.9,0.008382,0.106208,-1.596356*20"
371,53089,valid,1,0,0,-0.047533,0.000490,0.146063,0.153603,0.018012,0.120350,-1.594550,-0.028257 0.997570 0.063677 -0.995827 -0.022563 -0.088427 -0.086776 -0.065910 0.994045,4.780e-07,1.860,"$CV1,306,53089,1,0,-47.5,0.5,146.1,0.018012,0.120350,-1.594550*20"
372,53239,target_missing,0,,-1,,,,,,,,,,,"$CV1,307,53239,0,-1,0.0,0.0,0.0,0.000000,0.000000,0.000000*32"
373,53396,valid,1,0,0,-0.047710,-0.000178,0.147197,0.154736,-0.005585,0.110448,-1.591283,-0.024310 0.997050 0.072798 -0.997547 -0.019412 -0.067254 -0.065643 -0.074255 0.995077,4.854e-07,1.840,"$CV1,308,53396,1,0,-47.7,-0.2,147.2,-0.005585,0.110448,-1.591283*22"
374,53557,target_missing,0,,-1,,,,,,,,,,,"$CV1,309,53557,0,-1,0.0,0.0,0.0,0.000000,0.000000,0.000000*33"
375,53709,target_missing,0,,-1,,,,,,,,,,,"$CV1,310,53709,0,-1,0.0,0.0,0.0,0.000000,0.000000,0.000000*32"
376,53864,valid,1,0,0,-0.047832,-0.001637,0.147909,0.155460,-0.042197,0.078151,-1.586704,-0.017672 0.996938 0.076167 -0.999598 -0.015927 -0.023454 -0.022170 -0.076551 0.996819,7.665e-07,2.242,"$CV1,311,53864,1,0,-47.8,-1.6,147.9,-0.042197,0.078151,-1.586704*27"
377,54015,valid,1,0,0,-0.047719,-0.001713,0.147842,0.155362,-0.033816,0.087564,-1.585445,-0.016962 0.996906 0.076750 -0.999295 -0.014331 -0.034707 -0.033500 -0.077285 0.996446,7.334e-07,2.210,"$CV1,312,54015,1,0,-47.7,-1.7,147.8,-0.033816,0.087564,-1.585445*23"
378,54175,valid,1,0,0,-0.047549,-0.001535,0.147784,0.155253,-0.021004,0.099612,-1.585945,-0.018234 0.996933 0.076102 -0.998621 -0.014411 -0.050488 -0.049237 -0.076918 0.995821,6.314e-07,2.083,"$CV1,313,54175,1,0,-47.5,-1.5,147.8,-0.021004,0.099612,-1.585945*2D"
379,54340,valid,1,0,0,-0.047408,-0.001323,0.147557,0.154992,-0.008710,0.108858,-1.586075,-0.019002 0.997075 0.074029 -0.997840 -0.014255 -0.064132 -0.062890 -0.075088 0.995192,5.640e-07,1.986,"$CV1,314,54340,1,0,-47.4,-1.3,147.6,-0.008710,0.108858,-1.586075*2E"
380,54502,valid,1,0,0,-0.047240,-0.001015,0.147286,0.154680,-0.001139,0.113118,-1.587213,-0.020441 0.997209 0.071802 -0.997313 -0.015284 -0.071642 -0.070345 -0.073073 0.994843,6.130e-07,2.076,"$CV1,315,54502,1,0,-47.2,-1.0,147.3,-0.001139,0.113118,-1.587213*2F"
381,54659,valid,1,0,0,-0.047223,-0.001034,0.147140,0.154536,-0.002354,0.109286,-1.587384,-0.020343 0.997327 0.070176 -0.997535 -0.015532 -0.068436 -0.067163 -0.071395 0.995184,5.301e-07,1.936,"$CV1,316,54659,1,0,-47.2,-1.0,147.1,-0.002354,0.109286,-1.587384*29"
382,54822,valid,1,0,0,-0.047253,-0.001167,0.147274,0.154673,-0.007270,0.104313,-1.587686,-0.020306 0.997326 0.070197 -0.997938 -0.015942 -0.062179 -0.060894 -0.071315 0.995593,5.952e-07,2.045,"$CV1,317,54822,1,0,-47.3,-1.2,147.3,-0.007270,0.104313,-1.587686*2E"
383,54975,valid,1,0,0,-0.047306,-0.001442,0.147497,0.154904,-0.013422,0.099714,-1.586261,-0.018579 0.997281 0.071309 -0.998361 -0.014642 -0.055334 -0.054139 -0.072220 0.995918,5.857e-07,2.007,"$CV1,318,54975,1,0,-47.3,-1.4,147.5,-0.013422,0.099714,-1.586261*2C"
384,55137,valid,1,0,0,-0.047371,-0.001898,0.147694,0.155116,-0.023653,0.095683,-1.583675,-0.015716 0.997029 0.075409 -0.998855 -0.012248 -0.046240 -0.045179 -0.076049 0.996080,6.112e-07,2.034,"$CV1,319,55137,1,0,-47.4,-1.9,147.7,-0.023653,0.095683,-1.583675*2A"
385,55313,target_missing,0,,-1,,,,,,,,,,,"$CV1,320,55313,0,-1,0.0,0.0,0.0,0.000000,0.000000,0.000000*38"
386,55489,target_missing,0,,-1,,,,,,,,,,,"$CV1,321,55489,0,-1,0.0,0.0,0.0,0.000000,0.000000,0.000000*3D"
387,55654,target_missing,0,,-1,,,,,,,,,,,"$CV1,322,55654,0,-1,0.0,0.0,0.0,0.000000,0.000000,0.000000*3C"
388,55812,target_missing,0,,-1,,,,,,,,,,,"$CV1,323,55812,0,-1,0.0,0.0,0.0,0.000000,0.000000,0.000000*31"
389,55969,target_missing,0,,-1,,,,,,,,,,,"$CV1,324,55969,0,-1,0.0,0.0,0.0,0.000000,0.000000,0.000000*3B"
390,56157,target_missing,0,,-1,,,,,,,,,,,"$CV1,325,56157,0,-1,0.0,0.0,0.0,0.000000,0.000000,0.000000*3C"
391,56342,target_missing,0,,-1,,,,,,,,,,,"$CV1,326,56342,0,-1,0.0,0.0,0.0,0.000000,0.000000,0.000000*39"
392,56518,target_missing,0,,-1,,,,,,,,,,,"$CV1,327,56518,0,-1,0.0,0.0,0.0,0.000000,0.000000,0.000000*31"
393,56683,target_missing,0,,-1,,,,,,,,,,,"$CV1,328,56683,0,-1,0.0,0.0,0.0,0.000000,0.000000,0.000000*3F"
394,56814,target_missing,0,,-1,,,,,,,,,,,"$CV1,329,56814,0,-1,0.0,0.0,0.0,0.000000,0.000000,0.000000*3E"
395,57032,target_missing,0,,-1,,,,,,,,,,,"$CV1,330,57032,0,-1,0.0,0.0,0.0,0.000000,0.000000,0.000000*3B"
396,57125,target_missing,0,,-1,,,,,,,,,,,
397,57209,target_missing,0,,-1,,,,,,,,,,,"$CV1,331,57209,0,-1,0.0,0.0,0.0,0.000000,0.000000,0.000000*30"
398,57288,target_missing,0,,-1,,,,,,,,,,,
399,57373,target_missing,0,,-1,,,,,,,,,,,"$CV1,332,57373,0,-1,0.0,0.0,0.0,0.000000,0.000000,0.000000*3F"
400,57452,target_missing,0,,-1,,,,,,,,,,,
401,57534,target_missing,0,,-1,,,,,,,,,,,"$CV1,333,57534,0,-1,0.0,0.0,0.0,0.000000,0.000000,0.000000*3B"
402,57623,target_missing,0,,-1,,,,,,,,,,,
403,57729,target_missing,0,,-1,,,,,,,,,,,"$CV1,334,57729,0,-1,0.0,0.0,0.0,0.000000,0.000000,0.000000*32"
404,57821,target_missing,0,,-1,,,,,,,,,,,
405,57908,target_missing,0,,-1,,,,,,,,,,,"$CV1,335,57908,0,-1,0.0,0.0,0.0,0.000000,0.000000,0.000000*3E"
406,57992,target_missing,0,,-1,,,,,,,,,,,
407,58077,target_missing,0,,-1,,,,,,,,,,,"$CV1,336,58077,0,-1,0.0,0.0,0.0,0.000000,0.000000,0.000000*33"
408,58160,target_missing,0,,-1,,,,,,,,,,,
409,58236,target_missing,0,,-1,,,,,,,,,,,"$CV1,337,58236,0,-1,0.0,0.0,0.0,0.000000,0.000000,0.000000*35"
410,58305,target_missing,0,,-1,,,,,,,,,,,
411,58358,target_missing,0,,-1,,,,,,,,,,,"$CV1,338,58358,0,-1,0.0,0.0,0.0,0.000000,0.000000,0.000000*33"
412,58415,target_missing,0,,-1,,,,,,,,,,,
413,58468,target_missing,0,,-1,,,,,,,,,,,"$CV1,339,58468,0,-1,0.0,0.0,0.0,0.000000,0.000000,0.000000*36"
414,58524,target_missing,0,,-1,,,,,,,,,,,
415,58594,target_missing,0,,-1,,,,,,,,,,,"$CV1,340,58594,0,-1,0.0,0.0,0.0,0.000000,0.000000,0.000000*3A"
416,58658,target_missing,0,,-1,,,,,,,,,,,
417,58716,target_missing,0,,-1,,,,,,,,,,,"$CV1,341,58716,0,-1,0.0,0.0,0.0,0.000000,0.000000,0.000000*33"
418,58765,target_missing,0,,-1,,,,,,,,,,,
419,58812,target_missing,0,,-1,,,,,,,,,,,
420,58861,target_missing,0,,-1,,,,,,,,,,,"$CV1,342,58861,0,-1,0.0,0.0,0.0,0.000000,0.000000,0.000000*3F"
421,58910,target_missing,0,,-1,,,,,,,,,,,
422,58960,target_missing,0,,-1,,,,,,,,,,,
423,59004,target_missing,0,,-1,,,,,,,,,,,"$CV1,343,59004,0,-1,0.0,0.0,0.0,0.000000,0.000000,0.000000*34"
424,59051,target_missing,0,,-1,,,,,,,,,,,
425,59218,target_missing,0,,-1,,,,,,,,,,,"$CV1,344,59218,0,-1,0.0,0.0,0.0,0.000000,0.000000,0.000000*3C"
426,59397,target_missing,0,,-1,,,,,,,,,,,"$CV1,345,59397,0,-1,0.0,0.0,0.0,0.000000,0.000000,0.000000*3B"
427,59572,target_missing,0,,-1,,,,,,,,,,,"$CV1,346,59572,0,-1,0.0,0.0,0.0,0.000000,0.000000,0.000000*35"
428,59738,target_missing,0,,-1,,,,,,,,,,,"$CV1,347,59738,0,-1,0.0,0.0,0.0,0.000000,0.000000,0.000000*38"
429,59896,target_missing,0,,-1,,,,,,,,,,,"$CV1,348,59896,0,-1,0.0,0.0,0.0,0.000000,0.000000,0.000000*3C"
430,60052,target_missing,0,,-1,,,,,,,,,,,"$CV1,349,60052,0,-1,0.0,0.0,0.0,0.000000,0.000000,0.000000*37"
431,60205,target_missing,0,,-1,,,,,,,,,,,"$CV1,350,60205,0,-1,0.0,0.0,0.0,0.000000,0.000000,0.000000*3F"
432,60363,target_missing,0,,-1,,,,,,,,,,,"$CV1,351,60363,0,-1,0.0,0.0,0.0,0.000000,0.000000,0.000000*3F"
433,60503,target_missing,0,,-1,,,,,,,,,,,"$CV1,352,60503,0,-1,0.0,0.0,0.0,0.000000,0.000000,0.000000*3C"
434,60658,target_missing,0,,-1,,,,,,,,,,,"$CV1,353,60658,0,-1,0.0,0.0,0.0,0.000000,0.000000,0.000000*30"
435,60851,target_missing,0,,-1,,,,,,,,,,,"$CV1,354,60851,0,-1,0.0,0.0,0.0,0.000000,0.000000,0.000000*30"
436,61038,target_missing,0,,-1,,,,,,,,,,,"$CV1,355,61038,0,-1,0.0,0.0,0.0,0.000000,0.000000,0.000000*37"
437,61226,target_missing,0,,-1,,,,,,,,,,,"$CV1,356,61226,0,-1,0.0,0.0,0.0,0.000000,0.000000,0.000000*39"
438,61401,target_missing,0,,-1,,,,,,,,,,,"$CV1,357,61401,0,-1,0.0,0.0,0.0,0.000000,0.000000,0.000000*3B"
439,61570,target_missing,0,,-1,,,,,,,,,,,"$CV1,358,61570,0,-1,0.0,0.0,0.0,0.000000,0.000000,0.000000*33"
440,61740,target_missing,0,,-1,,,,,,,,,,,"$CV1,359,61740,0,-1,0.0,0.0,0.0,0.000000,0.000000,0.000000*33"
441,61920,target_missing,0,,-1,,,,,,,,,,,"$CV1,360,61920,0,-1,0.0,0.0,0.0,0.000000,0.000000,0.000000*31"
442,62089,target_missing,0,,-1,,,,,,,,,,,"$CV1,361,62089,0,-1,0.0,0.0,0.0,0.000000,0.000000,0.000000*39"
443,62265,target_missing,0,,-1,,,,,,,,,,,"$CV1,362,62265,0,-1,0.0,0.0,0.0,0.000000,0.000000,0.000000*3A"
444,62759,target_missing,0,,-1,,,,,,,,,,,"$CV1,363,62759,0,-1,0.0,0.0,0.0,0.000000,0.000000,0.000000*31"
445,62995,target_missing,0,,-1,,,,,,,,,,,"$CV1,364,62995,0,-1,0.0,0.0,0.0,0.000000,0.000000,0.000000*38"
446,63173,target_missing,0,,-1,,,,,,,,,,,"$CV1,365,63173,0,-1,0.0,0.0,0.0,0.000000,0.000000,0.000000*38"
447,63345,target_missing,0,,-1,,,,,,,,,,,"$CV1,366,63345,0,-1,0.0,0.0,0.0,0.000000,0.000000,0.000000*3C"
448,63515,target_missing,0,,-1,,,,,,,,,,,"$CV1,367,63515,0,-1,0.0,0.0,0.0,0.000000,0.000000,0.000000*3E"
449,63696,target_missing,0,,-1,,,,,,,,,,,"$CV1,368,63696,0,-1,0.0,0.0,0.0,0.000000,0.000000,0.000000*39"
450,63862,target_missing,0,,-1,,,,,,,,,,,"$CV1,369,63862,0,-1,0.0,0.0,0.0,0.000000,0.000000,0.000000*3D"
451,64027,target_missing,0,,-1,,,,,,,,,,,"$CV1,370,64027,0,-1,0.0,0.0,0.0,0.000000,0.000000,0.000000*3B"
452,64193,target_missing,0,,-1,,,,,,,,,,,"$CV1,371,64193,0,-1,0.0,0.0,0.0,0.000000,0.000000,0.000000*34"
453,64358,target_missing,0,,-1,,,,,,,,,,,"$CV1,372,64358,0,-1,0.0,0.0,0.0,0.000000,0.000000,0.000000*32"
454,64521,target_missing,0,,-1,,,,,,,,,,,"$CV1,373,64521,0,-1,0.0,0.0,0.0,0.000000,0.000000,0.000000*3B"
455,64685,target_missing,0,,-1,,,,,,,,,,,"$CV1,374,64685,0,-1,0.0,0.0,0.0,0.000000,0.000000,0.000000*31"
456,64846,target_missing,0,,-1,,,,,,,,,,,"$CV1,375,64846,0,-1,0.0,0.0,0.0,0.000000,0.000000,0.000000*31"
457,65014,target_missing,0,,-1,,,,,,,,,,,"$CV1,376,65014,0,-1,0.0,0.0,0.0,0.000000,0.000000,0.000000*3C"
458,65174,target_missing,0,,-1,,,,,,,,,,,"$CV1,377,65174,0,-1,0.0,0.0,0.0,0.000000,0.000000,0.000000*3A"
459,65359,target_missing,0,,-1,,,,,,,,,,,"$CV1,378,65359,0,-1,0.0,0.0,0.0,0.000000,0.000000,0.000000*38"
460,65535,target_missing,0,,-1,,,,,,,,,,,"$CV1,379,65535,0,-1,0.0,0.0,0.0,0.000000,0.000000,0.000000*35"
461,65705,target_missing,0,,-1,,,,,,,,,,,"$CV1,380,65705,0,-1,0.0,0.0,0.0,0.000000,0.000000,0.000000*32"
462,65877,target_missing,0,,-1,,,,,,,,,,,"$CV1,381,65877,0,-1,0.0,0.0,0.0,0.000000,0.000000,0.000000*39"
463,66035,target_missing,0,,-1,,,,,,,,,,,"$CV1,382,66035,0,-1,0.0,0.0,0.0,0.000000,0.000000,0.000000*37"
464,66196,target_missing,0,,-1,,,,,,,,,,,"$CV1,383,66196,0,-1,0.0,0.0,0.0,0.000000,0.000000,0.000000*3E"
465,66356,target_missing,0,,-1,,,,,,,,,,,"$CV1,384,66356,0,-1,0.0,0.0,0.0,0.000000,0.000000,0.000000*37"
466,66516,target_missing,0,,-1,,,,,,,,,,,"$CV1,385,66516,0,-1,0.0,0.0,0.0,0.000000,0.000000,0.000000*34"
467,66674,target_missing,0,,-1,,,,,,,,,,,"$CV1,386,66674,0,-1,0.0,0.0,0.0,0.000000,0.000000,0.000000*30"
468,66831,target_missing,0,,-1,,,,,,,,,,,"$CV1,387,66831,0,-1,0.0,0.0,0.0,0.000000,0.000000,0.000000*3E"
469,66990,target_missing,0,,-1,,,,,,,,,,,"$CV1,388,66990,0,-1,0.0,0.0,0.0,0.000000,0.000000,0.000000*3B"
470,67147,target_missing,0,,-1,,,,,,,,,,,"$CV1,389,67147,0,-1,0.0,0.0,0.0,0.000000,0.000000,0.000000*39"
471,67310,target_missing,0,,-1,,,,,,,,,,,"$CV1,390,67310,0,-1,0.0,0.0,0.0,0.000000,0.000000,0.000000*31"
472,67470,target_missing,0,,-1,,,,,,,,,,,"$CV1,391,67470,0,-1,0.0,0.0,0.0,0.000000,0.000000,0.000000*31"
473,67640,target_missing,0,,-1,,,,,,,,,,,"$CV1,392,67640,0,-1,0.0,0.0,0.0,0.000000,0.000000,0.000000*33"
474,67806,target_missing,0,,-1,,,,,,,,,,,"$CV1,393,67806,0,-1,0.0,0.0,0.0,0.000000,0.000000,0.000000*3E"
475,67980,target_missing,0,,-1,,,,,,,,,,,"$CV1,394,67980,0,-1,0.0,0.0,0.0,0.000000,0.000000,0.000000*36"
476,68150,target_missing,0,,-1,,,,,,,,,,,"$CV1,395,68150,0,-1,0.0,0.0,0.0,0.000000,0.000000,0.000000*3D"
477,68317,target_missing,0,,-1,,,,,,,,,,,"$CV1,396,68317,0,-1,0.0,0.0,0.0,0.000000,0.000000,0.000000*3F"
478,68470,target_missing,0,,-1,,,,,,,,,,,"$CV1,397,68470,0,-1,0.0,0.0,0.0,0.000000,0.000000,0.000000*38"
479,68666,target_missing,0,,-1,,,,,,,,,,,"$CV1,398,68666,0,-1,0.0,0.0,0.0,0.000000,0.000000,0.000000*32"
480,68876,target_missing,0,,-1,,,,,,,,,,,"$CV1,399,68876,0,-1,0.0,0.0,0.0,0.000000,0.000000,0.000000*3C"
481,69057,target_missing,0,,-1,,,,,,,,,,,"$CV1,400,69057,0,-1,0.0,0.0,0.0,0.000000,0.000000,0.000000*31"
482,69230,target_missing,0,,-1,,,,,,,,,,,"$CV1,401,69230,0,-1,0.0,0.0,0.0,0.000000,0.000000,0.000000*33"
483,69388,target_missing,0,,-1,,,,,,,,,,,"$CV1,402,69388,0,-1,0.0,0.0,0.0,0.000000,0.000000,0.000000*32"
484,69558,target_missing,0,,-1,,,,,,,,,,,"$CV1,403,69558,0,-1,0.0,0.0,0.0,0.000000,0.000000,0.000000*38"
485,69734,target_missing,0,,-1,,,,,,,,,,,"$CV1,404,69734,0,-1,0.0,0.0,0.0,0.000000,0.000000,0.000000*37"
486,69923,target_missing,0,,-1,,,,,,,,,,,"$CV1,405,69923,0,-1,0.0,0.0,0.0,0.000000,0.000000,0.000000*3E"
487,70087,target_missing,0,,-1,,,,,,,,,,,"$CV1,406,70087,0,-1,0.0,0.0,0.0,0.000000,0.000000,0.000000*32"
488,70225,target_missing,0,,-1,,,,,,,,,,,"$CV1,407,70225,0,-1,0.0,0.0,0.0,0.000000,0.000000,0.000000*39"
489,70382,target_missing,0,,-1,,,,,,,,,,,"$CV1,408,70382,0,-1,0.0,0.0,0.0,0.000000,0.000000,0.000000*3A"
490,70541,target_missing,0,,-1,,,,,,,,,,,"$CV1,409,70541,0,-1,0.0,0.0,0.0,0.000000,0.000000,0.000000*32"
491,70713,target_missing,0,,-1,,,,,,,,,,,"$CV1,410,70713,0,-1,0.0,0.0,0.0,0.000000,0.000000,0.000000*3F"
492,70885,target_missing,0,,-1,,,,,,,,,,,"$CV1,411,70885,0,-1,0.0,0.0,0.0,0.000000,0.000000,0.000000*3E"
493,71067,target_missing,0,,-1,,,,,,,,,,,"$CV1,412,71067,0,-1,0.0,0.0,0.0,0.000000,0.000000,0.000000*38"
494,71226,target_missing,0,,-1,,,,,,,,,,,"$CV1,413,71226,0,-1,0.0,0.0,0.0,0.000000,0.000000,0.000000*3E"
495,71391,target_missing,0,,-1,,,,,,,,,,,"$CV1,414,71391,0,-1,0.0,0.0,0.0,0.000000,0.000000,0.000000*34"
496,71537,target_missing,0,,-1,,,,,,,,,,,"$CV1,415,71537,0,-1,0.0,0.0,0.0,0.000000,0.000000,0.000000*3F"
497,71689,target_missing,0,,-1,,,,,,,,,,,"$CV1,416,71689,0,-1,0.0,0.0,0.0,0.000000,0.000000,0.000000*3A"
498,71844,target_missing,0,,-1,,,,,,,,,,,"$CV1,417,71844,0,-1,0.0,0.0,0.0,0.000000,0.000000,0.000000*34"
499,72022,target_missing,0,,-1,,,,,,,,,,,"$CV1,418,72022,0,-1,0.0,0.0,0.0,0.000000,0.000000,0.000000*30"
500,72212,target_missing,0,,-1,,,,,,,,,,,"$CV1,419,72212,0,-1,0.0,0.0,0.0,0.000000,0.000000,0.000000*30"
501,72401,target_missing,0,,-1,,,,,,,,,,,"$CV1,420,72401,0,-1,0.0,0.0,0.0,0.000000,0.000000,0.000000*3E"
502,72581,target_missing,0,,-1,,,,,,,,,,,"$CV1,421,72581,0,-1,0.0,0.0,0.0,0.000000,0.000000,0.000000*36"
503,72747,target_missing,0,,-1,,,,,,,,,,,"$CV1,422,72747,0,-1,0.0,0.0,0.0,0.000000,0.000000,0.000000*3D"
504,72890,target_missing,0,,-1,,,,,,,,,,,"$CV1,423,72890,0,-1,0.0,0.0,0.0,0.000000,0.000000,0.000000*39"
505,73029,target_missing,0,,-1,,,,,,,,,,,"$CV1,424,73029,0,-1,0.0,0.0,0.0,0.000000,0.000000,0.000000*35"
506,73188,target_missing,0,,-1,,,,,,,,,,,"$CV1,425,73188,0,-1,0.0,0.0,0.0,0.000000,0.000000,0.000000*3E"
507,73345,target_missing,0,,-1,,,,,,,,,,,"$CV1,426,73345,0,-1,0.0,0.0,0.0,0.000000,0.000000,0.000000*3E"
508,73493,target_missing,0,,-1,,,,,,,,,,,"$CV1,427,73493,0,-1,0.0,0.0,0.0,0.000000,0.000000,0.000000*33"
509,73652,target_missing,0,,-1,,,,,,,,,,,"$CV1,428,73652,0,-1,0.0,0.0,0.0,0.000000,0.000000,0.000000*33"
510,73809,target_missing,0,,-1,,,,,,,,,,,"$CV1,429,73809,0,-1,0.0,0.0,0.0,0.000000,0.000000,0.000000*32"
511,73996,target_missing,0,,-1,,,,,,,,,,,"$CV1,430,73996,0,-1,0.0,0.0,0.0,0.000000,0.000000,0.000000*3D"
512,74162,target_missing,0,,-1,,,,,,,,,,,"$CV1,431,74162,0,-1,0.0,0.0,0.0,0.000000,0.000000,0.000000*38"
513,74296,target_missing,0,,-1,,,,,,,,,,,"$CV1,432,74296,0,-1,0.0,0.0,0.0,0.000000,0.000000,0.000000*33"
514,74441,target_missing,0,,-1,,,,,,,,,,,"$CV1,433,74441,0,-1,0.0,0.0,0.0,0.000000,0.000000,0.000000*3E"
515,74583,target_missing,0,,-1,,,,,,,,,,,"$CV1,434,74583,0,-1,0.0,0.0,0.0,0.000000,0.000000,0.000000*36"
516,74733,target_missing,0,,-1,,,,,,,,,,,"$CV1,435,74733,0,-1,0.0,0.0,0.0,0.000000,0.000000,0.000000*3E"
517,74880,target_missing,0,,-1,,,,,,,,,,,"$CV1,436,74880,0,-1,0.0,0.0,0.0,0.000000,0.000000,0.000000*3A"
518,75027,target_missing,0,,-1,,,,,,,,,,,"$CV1,437,75027,0,-1,0.0,0.0,0.0,0.000000,0.000000,0.000000*3F"
519,75178,target_missing,0,,-1,,,,,,,,,,,"$CV1,438,75178,0,-1,0.0,0.0,0.0,0.000000,0.000000,0.000000*3B"
520,75327,target_missing,0,,-1,,,,,,,,,,,"$CV1,439,75327,0,-1,0.0,0.0,0.0,0.000000,0.000000,0.000000*32"
521,75477,target_missing,0,,-1,,,,,,,,,,,"$CV1,440,75477,0,-1,0.0,0.0,0.0,0.000000,0.000000,0.000000*3E"
522,75655,target_missing,0,,-1,,,,,,,,,,,"$CV1,441,75655,0,-1,0.0,0.0,0.0,0.000000,0.000000,0.000000*3D"
523,75827,target_missing,0,,-1,,,,,,,,,,,"$CV1,442,75827,0,-1,0.0,0.0,0.0,0.000000,0.000000,0.000000*35"
524,76020,target_missing,0,,-1,,,,,,,,,,,"$CV1,443,76020,0,-1,0.0,0.0,0.0,0.000000,0.000000,0.000000*38"
525,76224,target_missing,0,,-1,,,,,,,,,,,"$CV1,444,76224,0,-1,0.0,0.0,0.0,0.000000,0.000000,0.000000*39"
526,76443,target_missing,0,,-1,,,,,,,,,,,"$CV1,445,76443,0,-1,0.0,0.0,0.0,0.000000,0.000000,0.000000*3F"
527,76631,target_missing,0,,-1,,,,,,,,,,,"$CV1,446,76631,0,-1,0.0,0.0,0.0,0.000000,0.000000,0.000000*3B"
528,76813,target_missing,0,,-1,,,,,,,,,,,"$CV1,447,76813,0,-1,0.0,0.0,0.0,0.000000,0.000000,0.000000*34"
529,76986,target_missing,0,,-1,,,,,,,,,,,"$CV1,448,76986,0,-1,0.0,0.0,0.0,0.000000,0.000000,0.000000*36"
530,77140,target_missing,0,,-1,,,,,,,,,,,"$CV1,449,77140,0,-1,0.0,0.0,0.0,0.000000,0.000000,0.000000*34"
531,77291,target_missing,0,,-1,,,,,,,,,,,"$CV1,450,77291,0,-1,0.0,0.0,0.0,0.000000,0.000000,0.000000*33"
532,77443,target_missing,0,,-1,,,,,,,,,,,"$CV1,451,77443,0,-1,0.0,0.0,0.0,0.000000,0.000000,0.000000*3B"
533,77593,target_missing,0,,-1,,,,,,,,,,,"$CV1,452,77593,0,-1,0.0,0.0,0.0,0.000000,0.000000,0.000000*34"
534,77744,target_missing,0,,-1,,,,,,,,,,,"$CV1,453,77744,0,-1,0.0,0.0,0.0,0.000000,0.000000,0.000000*3D"
535,77925,target_missing,0,,-1,,,,,,,,,,,"$CV1,454,77925,0,-1,0.0,0.0,0.0,0.000000,0.000000,0.000000*33"
536,78103,target_missing,0,,-1,,,,,,,,,,,"$CV1,455,78103,0,-1,0.0,0.0,0.0,0.000000,0.000000,0.000000*31"
537,78280,target_missing,0,,-1,,,,,,,,,,,"$CV1,456,78280,0,-1,0.0,0.0,0.0,0.000000,0.000000,0.000000*3A"
538,78439,target_missing,0,,-1,,,,,,,,,,,"$CV1,457,78439,0,-1,0.0,0.0,0.0,0.000000,0.000000,0.000000*3F"
539,78606,target_missing,0,,-1,,,,,,,,,,,"$CV1,458,78606,0,-1,0.0,0.0,0.0,0.000000,0.000000,0.000000*3E"
540,78789,target_missing,0,,-1,,,,,,,,,,,"$CV1,459,78789,0,-1,0.0,0.0,0.0,0.000000,0.000000,0.000000*39"
541,78964,target_missing,0,,-1,,,,,,,,,,,"$CV1,460,78964,0,-1,0.0,0.0,0.0,0.000000,0.000000,0.000000*3E"
542,79139,target_missing,0,,-1,,,,,,,,,,,"$CV1,461,79139,0,-1,0.0,0.0,0.0,0.000000,0.000000,0.000000*3E"
543,79307,target_missing,0,,-1,,,,,,,,,,,"$CV1,462,79307,0,-1,0.0,0.0,0.0,0.000000,0.000000,0.000000*32"
544,79483,target_missing,0,,-1,,,,,,,,,,,"$CV1,463,79483,0,-1,0.0,0.0,0.0,0.000000,0.000000,0.000000*38"
545,79659,target_missing,0,,-1,,,,,,,,,,,"$CV1,464,79659,0,-1,0.0,0.0,0.0,0.000000,0.000000,0.000000*3A"
546,79822,target_missing,0,,-1,,,,,,,,,,,"$CV1,465,79822,0,-1,0.0,0.0,0.0,0.000000,0.000000,0.000000*39"
547,79982,target_missing,0,,-1,,,,,,,,,,,"$CV1,466,79982,0,-1,0.0,0.0,0.0,0.000000,0.000000,0.000000*31"
548,80144,target_missing,0,,-1,,,,,,,,,,,"$CV1,467,80144,0,-1,0.0,0.0,0.0,0.000000,0.000000,0.000000*34"
549,80300,target_missing,0,,-1,,,,,,,,,,,"$CV1,468,80300,0,-1,0.0,0.0,0.0,0.000000,0.000000,0.000000*39"
550,80483,target_missing,0,,-1,,,,,,,,,,,"$CV1,469,80483,0,-1,0.0,0.0,0.0,0.000000,0.000000,0.000000*34"
551,80669,target_missing,0,,-1,,,,,,,,,,,"$CV1,470,80669,0,-1,0.0,0.0,0.0,0.000000,0.000000,0.000000*3A"
552,80845,target_missing,0,,-1,,,,,,,,,,,"$CV1,471,80845,0,-1,0.0,0.0,0.0,0.000000,0.000000,0.000000*3B"
553,81017,target_missing,0,,-1,,,,,,,,,,,"$CV1,472,81017,0,-1,0.0,0.0,0.0,0.000000,0.000000,0.000000*36"
554,81174,target_missing,0,,-1,,,,,,,,,,,"$CV1,473,81174,0,-1,0.0,0.0,0.0,0.000000,0.000000,0.000000*33"
555,81352,target_missing,0,,-1,,,,,,,,,,,"$CV1,474,81352,0,-1,0.0,0.0,0.0,0.000000,0.000000,0.000000*32"
556,81526,target_missing,0,,-1,,,,,,,,,,,"$CV1,475,81526,0,-1,0.0,0.0,0.0,0.000000,0.000000,0.000000*36"
557,81699,target_missing,0,,-1,,,,,,,,,,,"$CV1,476,81699,0,-1,0.0,0.0,0.0,0.000000,0.000000,0.000000*32"
558,81875,target_missing,0,,-1,,,,,,,,,,,"$CV1,477,81875,0,-1,0.0,0.0,0.0,0.000000,0.000000,0.000000*3F"
559,82046,target_missing,0,,-1,,,,,,,,,,,"$CV1,478,82046,0,-1,0.0,0.0,0.0,0.000000,0.000000,0.000000*3B"
560,82209,target_missing,0,,-1,,,,,,,,,,,"$CV1,479,82209,0,-1,0.0,0.0,0.0,0.000000,0.000000,0.000000*33"
561,82365,target_missing,0,,-1,,,,,,,,,,,"$CV1,480,82365,0,-1,0.0,0.0,0.0,0.000000,0.000000,0.000000*3E"
562,82518,target_missing,0,,-1,,,,,,,,,,,"$CV1,481,82518,0,-1,0.0,0.0,0.0,0.000000,0.000000,0.000000*33"
563,82669,target_missing,0,,-1,,,,,,,,,,,"$CV1,482,82669,0,-1,0.0,0.0,0.0,0.000000,0.000000,0.000000*35"
564,82827,target_missing,0,,-1,,,,,,,,,,,"$CV1,483,82827,0,-1,0.0,0.0,0.0,0.000000,0.000000,0.000000*30"
565,83018,target_missing,0,,-1,,,,,,,,,,,"$CV1,484,83018,0,-1,0.0,0.0,0.0,0.000000,0.000000,0.000000*32"
566,83192,target_missing,0,,-1,,,,,,,,,,,"$CV1,485,83192,0,-1,0.0,0.0,0.0,0.000000,0.000000,0.000000*30"
567,83361,target_missing,0,,-1,,,,,,,,,,,"$CV1,486,83361,0,-1,0.0,0.0,0.0,0.000000,0.000000,0.000000*3D"
568,83528,target_missing,0,,-1,,,,,,,,,,,"$CV1,487,83528,0,-1,0.0,0.0,0.0,0.000000,0.000000,0.000000*37"
569,83692,target_missing,0,,-1,,,,,,,,,,,"$CV1,488,83692,0,-1,0.0,0.0,0.0,0.000000,0.000000,0.000000*3A"
570,83873,target_missing,0,,-1,,,,,,,,,,,"$CV1,489,83873,0,-1,0.0,0.0,0.0,0.000000,0.000000,0.000000*3A"
571,84053,target_missing,0,,-1,,,,,,,,,,,"$CV1,490,84053,0,-1,0.0,0.0,0.0,0.000000,0.000000,0.000000*3F"
572,84215,target_missing,0,,-1,,,,,,,,,,,"$CV1,491,84215,0,-1,0.0,0.0,0.0,0.000000,0.000000,0.000000*3E"
573,84379,target_missing,0,,-1,,,,,,,,,,,"$CV1,492,84379,0,-1,0.0,0.0,0.0,0.000000,0.000000,0.000000*36"
574,84540,target_missing,0,,-1,,,,,,,,,,,"$CV1,493,84540,0,-1,0.0,0.0,0.0,0.000000,0.000000,0.000000*3B"
575,84694,target_missing,0,,-1,,,,,,,,,,,"$CV1,494,84694,0,-1,0.0,0.0,0.0,0.000000,0.000000,0.000000*36"
576,84853,target_missing,0,,-1,,,,,,,,,,,"$CV1,495,84853,0,-1,0.0,0.0,0.0,0.000000,0.000000,0.000000*32"
577,85003,target_missing,0,,-1,,,,,,,,,,,"$CV1,496,85003,0,-1,0.0,0.0,0.0,0.000000,0.000000,0.000000*3D"
578,85158,target_missing,0,,-1,,,,,,,,,,,"$CV1,497,85158,0,-1,0.0,0.0,0.0,0.000000,0.000000,0.000000*33"
579,85316,target_missing,0,,-1,,,,,,,,,,,"$CV1,498,85316,0,-1,0.0,0.0,0.0,0.000000,0.000000,0.000000*34"
580,85496,target_missing,0,,-1,,,,,,,,,,,"$CV1,499,85496,0,-1,0.0,0.0,0.0,0.000000,0.000000,0.000000*3A"
581,85660,target_missing,0,,-1,,,,,,,,,,,"$CV1,500,85660,0,-1,0.0,0.0,0.0,0.000000,0.000000,0.000000*30"
582,85836,target_missing,0,,-1,,,,,,,,,,,"$CV1,501,85836,0,-1,0.0,0.0,0.0,0.000000,0.000000,0.000000*3C"
583,86004,target_missing,0,,-1,,,,,,,,,,,"$CV1,502,86004,0,-1,0.0,0.0,0.0,0.000000,0.000000,0.000000*35"
584,86174,target_missing,0,,-1,,,,,,,,,,,"$CV1,503,86174,0,-1,0.0,0.0,0.0,0.000000,0.000000,0.000000*32"
585,86327,target_missing,0,,-1,,,,,,,,,,,"$CV1,504,86327,0,-1,0.0,0.0,0.0,0.000000,0.000000,0.000000*31"
586,86462,target_missing,0,,-1,,,,,,,,,,,"$CV1,505,86462,0,-1,0.0,0.0,0.0,0.000000,0.000000,0.000000*36"
587,86611,target_missing,0,,-1,,,,,,,,,,,"$CV1,506,86611,0,-1,0.0,0.0,0.0,0.000000,0.000000,0.000000*33"
588,86771,target_missing,0,,-1,,,,,,,,,,,"$CV1,507,86771,0,-1,0.0,0.0,0.0,0.000000,0.000000,0.000000*35"
589,86931,target_missing,0,,-1,,,,,,,,,,,"$CV1,508,86931,0,-1,0.0,0.0,0.0,0.000000,0.000000,0.000000*30"
590,87090,target_missing,0,,-1,,,,,,,,,,,"$CV1,509,87090,0,-1,0.0,0.0,0.0,0.000000,0.000000,0.000000*32"
591,87256,target_missing,0,,-1,,,,,,,,,,,"$CV1,510,87256,0,-1,0.0,0.0,0.0,0.000000,0.000000,0.000000*32"
592,87437,target_missing,0,,-1,,,,,,,,,,,"$CV1,511,87437,0,-1,0.0,0.0,0.0,0.000000,0.000000,0.000000*32"
593,87621,target_missing,0,,-1,,,,,,,,,,,"$CV1,512,87621,0,-1,0.0,0.0,0.0,0.000000,0.000000,0.000000*34"
594,87823,target_missing,0,,-1,,,,,,,,,,,"$CV1,513,87823,0,-1,0.0,0.0,0.0,0.000000,0.000000,0.000000*39"
595,88021,target_missing,0,,-1,,,,,,,,,,,"$CV1,514,88021,0,-1,0.0,0.0,0.0,0.000000,0.000000,0.000000*3B"
596,88196,target_missing,0,,-1,,,,,,,,,,,"$CV1,515,88196,0,-1,0.0,0.0,0.0,0.000000,0.000000,0.000000*37"
597,88369,target_missing,0,,-1,,,,,,,,,,,"$CV1,516,88369,0,-1,0.0,0.0,0.0,0.000000,0.000000,0.000000*36"
598,88532,target_missing,0,,-1,,,,,,,,,,,"$CV1,517,88532,0,-1,0.0,0.0,0.0,0.000000,0.000000,0.000000*3F"
599,88686,target_missing,0,,-1,,,,,,,,,,,"$CV1,518,88686,0,-1,0.0,0.0,0.0,0.000000,0.000000,0.000000*3C"
600,88839,target_missing,0,,-1,,,,,,,,,,,"$CV1,519,88839,0,-1,0.0,0.0,0.0,0.000000,0.000000,0.000000*37"
601,88991,target_missing,0,,-1,,,,,,,,,,,"$CV1,520,88991,0,-1,0.0,0.0,0.0,0.000000,0.000000,0.000000*3E"
602,89145,target_missing,0,,-1,,,,,,,,,,,"$CV1,521,89145,0,-1,0.0,0.0,0.0,0.000000,0.000000,0.000000*3F"
603,89299,target_missing,0,,-1,,,,,,,,,,,"$CV1,522,89299,0,-1,0.0,0.0,0.0,0.000000,0.000000,0.000000*3E"
604,89444,target_missing,0,,-1,,,,,,,,,,,"$CV1,523,89444,0,-1,0.0,0.0,0.0,0.000000,0.000000,0.000000*39"
605,89567,target_missing,0,,-1,,,,,,,,,,,"$CV1,524,89567,0,-1,0.0,0.0,0.0,0.000000,0.000000,0.000000*3E"
606,89626,target_missing,0,,-1,,,,,,,,,,,
607,89697,target_missing,0,,-1,,,,,,,,,,,"$CV1,525,89697,0,-1,0.0,0.0,0.0,0.000000,0.000000,0.000000*33"
608,89750,target_missing,0,,-1,,,,,,,,,,,
609,89795,target_missing,0,,-1,,,,,,,,,,,
610,89841,target_missing,0,,-1,,,,,,,,,,,"$CV1,526,89841,0,-1,0.0,0.0,0.0,0.000000,0.000000,0.000000*35"
611,89888,target_missing,0,,-1,,,,,,,,,,,
612,89945,target_missing,0,,-1,,,,,,,,,,,"$CV1,527,89945,0,-1,0.0,0.0,0.0,0.000000,0.000000,0.000000*31"
613,90015,target_missing,0,,-1,,,,,,,,,,,
614,90092,target_missing,0,,-1,,,,,,,,,,,"$CV1,528,90092,0,-1,0.0,0.0,0.0,0.000000,0.000000,0.000000*35"
615,90169,target_missing,0,,-1,,,,,,,,,,,
616,90228,target_missing,0,,-1,,,,,,,,,,,"$CV1,529,90228,0,-1,0.0,0.0,0.0,0.000000,0.000000,0.000000*37"
617,90283,target_missing,0,,-1,,,,,,,,,,,
618,90335,target_missing,0,,-1,,,,,,,,,,,"$CV1,530,90335,0,-1,0.0,0.0,0.0,0.000000,0.000000,0.000000*32"
619,90383,target_missing,0,,-1,,,,,,,,,,,
620,90432,target_missing,0,,-1,,,,,,,,,,,
621,90480,target_missing,0,,-1,,,,,,,,,,,"$CV1,531,90480,0,-1,0.0,0.0,0.0,0.000000,0.000000,0.000000*3A"
622,90527,target_missing,0,,-1,,,,,,,,,,,
623,90574,target_missing,0,,-1,,,,,,,,,,,
624,90629,target_missing,0,,-1,,,,,,,,,,,"$CV1,532,90629,0,-1,0.0,0.0,0.0,0.000000,0.000000,0.000000*38"
625,90681,target_missing,0,,-1,,,,,,,,,,,
626,90729,target_missing,0,,-1,,,,,,,,,,,
627,90778,target_missing,0,,-1,,,,,,,,,,,"$CV1,533,90778,0,-1,0.0,0.0,0.0,0.000000,0.000000,0.000000*3C"
628,90832,target_missing,0,,-1,,,,,,,,,,,
629,90891,target_missing,0,,-1,,,,,,,,,,,"$CV1,534,90891,0,-1,0.0,0.0,0.0,0.000000,0.000000,0.000000*33"
630,90940,target_missing,0,,-1,,,,,,,,,,,
631,90975,target_missing,0,,-1,,,,,,,,,,,
632,91006,target_missing,0,,-1,,,,,,,,,,,"$CV1,535,91006,0,-1,0.0,0.0,0.0,0.000000,0.000000,0.000000*35"
633,91033,target_missing,0,,-1,,,,,,,,,,,
634,91059,target_missing,0,,-1,,,,,,,,,,,
635,91093,target_missing,0,,-1,,,,,,,,,,,
636,91120,target_missing,0,,-1,,,,,,,,,,,"$CV1,536,91120,0,-1,0.0,0.0,0.0,0.000000,0.000000,0.000000*33"
637,91142,target_missing,0,,-1,,,,,,,,,,,
638,91168,target_missing,0,,-1,,,,,,,,,,,
639,91192,target_missing,0,,-1,,,,,,,,,,,
640,91217,target_missing,0,,-1,,,,,,,,,,,
641,91243,target_missing,0,,-1,,,,,,,,,,,"$CV1,537,91243,0,-1,0.0,0.0,0.0,0.000000,0.000000,0.000000*34"
642,91271,target_missing,0,,-1,,,,,,,,,,,
643,91320,target_missing,0,,-1,,,,,,,,,,,
644,91366,target_missing,0,,-1,,,,,,,,,,,"$CV1,538,91366,0,-1,0.0,0.0,0.0,0.000000,0.000000,0.000000*3D"
645,91416,target_missing,0,,-1,,,,,,,,,,,
646,91460,target_missing,0,,-1,,,,,,,,,,,
647,91505,target_missing,0,,-1,,,,,,,,,,,"$CV1,539,91505,0,-1,0.0,0.0,0.0,0.000000,0.000000,0.000000*3F"
648,91553,target_missing,0,,-1,,,,,,,,,,,
649,91593,target_missing,0,,-1,,,,,,,,,,,
650,91634,target_missing,0,,-1,,,,,,,,,,,"$CV1,540,91634,0,-1,0.0,0.0,0.0,0.000000,0.000000,0.000000*30"
651,91672,target_missing,0,,-1,,,,,,,,,,,
652,91714,target_missing,0,,-1,,,,,,,,,,,
653,91755,target_missing,0,,-1,,,,,,,,,,,"$CV1,541,91755,0,-1,0.0,0.0,0.0,0.000000,0.000000,0.000000*37"
654,91796,target_missing,0,,-1,,,,,,,,,,,
655,91835,target_missing,0,,-1,,,,,,,,,,,
656,91882,target_missing,0,,-1,,,,,,,,,,,"$CV1,542,91882,0,-1,0.0,0.0,0.0,0.000000,0.000000,0.000000*31"
657,91936,target_missing,0,,-1,,,,,,,,,,,
658,91993,target_missing,0,,-1,,,,,,,,,,,"$CV1,543,91993,0,-1,0.0,0.0,0.0,0.000000,0.000000,0.000000*31"
659,92048,target_missing,0,,-1,,,,,,,,,,,
660,92092,target_missing,0,,-1,,,,,,,,,,,
661,92137,target_missing,0,,-1,,,,,,,,,,,"$CV1,544,92137,0,-1,0.0,0.0,0.0,0.000000,0.000000,0.000000*33"
662,92178,target_missing,0,,-1,,,,,,,,,,,
663,92225,target_missing,0,,-1,,,,,,,,,,,
664,92280,target_missing,0,,-1,,,,,,,,,,,"$CV1,545,92280,0,-1,0.0,0.0,0.0,0.000000,0.000000,0.000000*3D"
665,92325,target_missing,0,,-1,,,,,,,,,,,
666,92363,target_missing,0,,-1,,,,,,,,,,,
667,92398,target_missing,0,,-1,,,,,,,,,,,"$CV1,546,92398,0,-1,0.0,0.0,0.0,0.000000,0.000000,0.000000*36"
668,92432,target_missing,0,,-1,,,,,,,,,,,
669,92467,target_missing,0,,-1,,,,,,,,,,,
670,92500,target_missing,0,,-1,,,,,,,,,,,"$CV1,547,92500,0,-1,0.0,0.0,0.0,0.000000,0.000000,0.000000*30"
671,92532,target_missing,0,,-1,,,,,,,,,,,
672,92565,target_missing,0,,-1,,,,,,,,,,,
673,92599,target_missing,0,,-1,,,,,,,,,,,
674,92630,target_missing,0,,-1,,,,,,,,,,,"$CV1,548,92630,0,-1,0.0,0.0,0.0,0.000000,0.000000,0.000000*3F"
675,92661,target_missing,0,,-1,,,,,,,,,,,
676,92693,target_missing,0,,-1,,,,,,,,,,,
677,92724,target_missing,0,,-1,,,,,,,,,,,
678,92757,target_missing,0,,-1,,,,,,,,,,,"$CV1,549,92757,0,-1,0.0,0.0,0.0,0.000000,0.000000,0.000000*3E"
679,92795,target_missing,0,,-1,,,,,,,,,,,
680,92834,target_missing,0,,-1,,,,,,,,,,,
681,92877,target_missing,0,,-1,,,,,,,,,,,"$CV1,550,92877,0,-1,0.0,0.0,0.0,0.000000,0.000000,0.000000*3B"
682,92929,target_missing,0,,-1,,,,,,,,,,,
683,92983,target_missing,0,,-1,,,,,,,,,,,"$CV1,551,92983,0,-1,0.0,0.0,0.0,0.000000,0.000000,0.000000*30"
684,93035,target_missing,0,,-1,,,,,,,,,,,
685,93087,target_missing,0,,-1,,,,,,,,,,,"$CV1,552,93087,0,-1,0.0,0.0,0.0,0.000000,0.000000,0.000000*3F"
686,93139,target_missing,0,,-1,,,,,,,,,,,
687,93196,target_missing,0,,-1,,,,,,,,,,,"$CV1,553,93196,0,-1,0.0,0.0,0.0,0.000000,0.000000,0.000000*3F"
688,93248,target_missing,0,,-1,,,,,,,,,,,
689,93290,target_missing,0,,-1,,,,,,,,,,,
690,93331,target_missing,0,,-1,,,,,,,,,,,"$CV1,554,93331,0,-1,0.0,0.0,0.0,0.000000,0.000000,0.000000*37"
691,93367,target_missing,0,,-1,,,,,,,,,,,
692,93402,target_missing,0,,-1,,,,,,,,,,,
693,93435,target_missing,0,,-1,,,,,,,,,,,"$CV1,555,93435,0,-1,0.0,0.0,0.0,0.000000,0.000000,0.000000*35"
694,93471,target_missing,0,,-1,,,,,,,,,,,
695,93507,target_missing,0,,-1,,,,,,,,,,,
696,93541,target_missing,0,,-1,,,,,,,,,,,"$CV1,556,93541,0,-1,0.0,0.0,0.0,0.000000,0.000000,0.000000*34"
697,93578,target_missing,0,,-1,,,,,,,,,,,
698,93614,target_missing,0,,-1,,,,,,,,,,,
699,93652,target_missing,0,,-1,,,,,,,,,,,"$CV1,557,93652,0,-1,0.0,0.0,0.0,0.000000,0.000000,0.000000*34"
700,93693,target_missing,0,,-1,,,,,,,,,,,
701,93734,target_missing,0,,-1,,,,,,,,,,,
702,93774,target_missing,0,,-1,,,,,,,,,,,"$CV1,558,93774,0,-1,0.0,0.0,0.0,0.000000,0.000000,0.000000*3E"
703,93812,target_missing,0,,-1,,,,,,,,,,,
704,93848,target_missing,0,,-1,,,,,,,,,,,
705,93886,target_missing,0,,-1,,,,,,,,,,,"$CV1,559,93886,0,-1,0.0,0.0,0.0,0.000000,0.000000,0.000000*3D"
706,93928,target_missing,0,,-1,,,,,,,,,,,
707,93974,target_missing,0,,-1,,,,,,,,,,,
708,94016,target_missing,0,,-1,,,,,,,,,,,"$CV1,560,94016,0,-1,0.0,0.0,0.0,0.000000,0.000000,0.000000*31"
709,94053,target_missing,0,,-1,,,,,,,,,,,
710,94086,target_missing,0,,-1,,,,,,,,,,,
711,94127,target_missing,0,,-1,,,,,,,,,,,"$CV1,561,94127,0,-1,0.0,0.0,0.0,0.000000,0.000000,0.000000*33"
712,94161,target_missing,0,,-1,,,,,,,,,,,
713,94195,target_missing,0,,-1,,,,,,,,,,,
714,94236,target_missing,0,,-1,,,,,,,,,,,"$CV1,562,94236,0,-1,0.0,0.0,0.0,0.000000,0.000000,0.000000*33"
715,94278,target_missing,0,,-1,,,,,,,,,,,
716,94319,target_missing,0,,-1,,,,,,,,,,,
717,94354,target_missing,0,,-1,,,,,,,,,,,"$CV1,563,94354,0,-1,0.0,0.0,0.0,0.000000,0.000000,0.000000*37"
718,94390,target_missing,0,,-1,,,,,,,,,,,
719,94426,target_missing,0,,-1,,,,,,,,,,,
720,94461,target_missing,0,,-1,,,,,,,,,,,"$CV1,564,94461,0,-1,0.0,0.0,0.0,0.000000,0.000000,0.000000*31"
721,94502,target_missing,0,,-1,,,,,,,,,,,
722,94539,target_missing,0,,-1,,,,,,,,,,,
723,94574,target_missing,0,,-1,,,,,,,,,,,"$CV1,565,94574,0,-1,0.0,0.0,0.0,0.000000,0.000000,0.000000*35"
724,94611,target_missing,0,,-1,,,,,,,,,,,
725,94649,target_missing,0,,-1,,,,,,,,,,,
726,94685,target_missing,0,,-1,,,,,,,,,,,"$CV1,566,94685,0,-1,0.0,0.0,0.0,0.000000,0.000000,0.000000*3B"
727,94726,target_missing,0,,-1,,,,,,,,,,,
728,94769,target_missing,0,,-1,,,,,,,,,,,
729,94812,target_missing,0,,-1,,,,,,,,,,,"$CV1,567,94812,0,-1,0.0,0.0,0.0,0.000000,0.000000,0.000000*3A"
730,94852,target_missing,0,,-1,,,,,,,,,,,
731,94891,target_missing,0,,-1,,,,,,,,,,,
732,94934,target_missing,0,,-1,,,,,,,,,,,"$CV1,568,94934,0,-1,0.0,0.0,0.0,0.000000,0.000000,0.000000*30"
733,94978,target_missing,0,,-1,,,,,,,,,,,
734,95017,target_missing,0,,-1,,,,,,,,,,,
735,95058,target_missing,0,,-1,,,,,,,,,,,"$CV1,569,95058,0,-1,0.0,0.0,0.0,0.000000,0.000000,0.000000*33"
736,95098,target_missing,0,,-1,,,,,,,,,,,
737,95137,target_missing,0,,-1,,,,,,,,,,,
738,95179,target_missing,0,,-1,,,,,,,,,,,"$CV1,570,95179,0,-1,0.0,0.0,0.0,0.000000,0.000000,0.000000*39"
739,95214,target_missing,0,,-1,,,,,,,,,,,
740,95242,target_missing,0,,-1,,,,,,,,,,,
741,95279,target_missing,0,,-1,,,,,,,,,,,"$CV1,571,95279,0,-1,0.0,0.0,0.0,0.000000,0.000000,0.000000*3B"
742,95308,target_missing,0,,-1,,,,,,,,,,,
743,95333,target_missing,0,,-1,,,,,,,,,,,
744,95361,target_missing,0,,-1,,,,,,,,,,,
745,95387,target_missing,0,,-1,,,,,,,,,,,"$CV1,572,95387,0,-1,0.0,0.0,0.0,0.000000,0.000000,0.000000*38"
746,95413,target_missing,0,,-1,,,,,,,,,,,
747,95439,target_missing,0,,-1,,,,,,,,,,,
748,95469,target_missing,0,,-1,,,,,,,,,,,
749,95498,target_missing,0,,-1,,,,,,,,,,,"$CV1,573,95498,0,-1,0.0,0.0,0.0,0.000000,0.000000,0.000000*30"
750,95535,target_missing,0,,-1,,,,,,,,,,,
751,95572,target_missing,0,,-1,,,,,,,,,,,
752,95609,target_missing,0,,-1,,,,,,,,,,,"$CV1,574,95609,0,-1,0.0,0.0,0.0,0.000000,0.000000,0.000000*3D"
753,95646,target_missing,0,,-1,,,,,,,,,,,
754,95683,target_missing,0,,-1,,,,,,,,,,,
755,95720,target_missing,0,,-1,,,,,,,,,,,"$CV1,575,95720,0,-1,0.0,0.0,0.0,0.000000,0.000000,0.000000*36"
756,95755,target_missing,0,,-1,,,,,,,,,,,
757,95793,target_missing,0,,-1,,,,,,,,,,,
758,95833,target_missing,0,,-1,,,,,,,,,,,"$CV1,576,95833,0,-1,0.0,0.0,0.0,0.000000,0.000000,0.000000*38"
759,95871,target_missing,0,,-1,,,,,,,,,,,
760,95906,target_missing,0,,-1,,,,,,,,,,,
761,95939,target_missing,0,,-1,,,,,,,,,,,"$CV1,577,95939,0,-1,0.0,0.0,0.0,0.000000,0.000000,0.000000*32"
762,95969,target_missing,0,,-1,,,,,,,,,,,
763,95999,target_missing,0,,-1,,,,,,,,,,,
764,96035,target_missing,0,,-1,,,,,,,,,,,
765,96072,target_missing,0,,-1,,,,,,,,,,,"$CV1,578,96072,0,-1,0.0,0.0,0.0,0.000000,0.000000,0.000000*38"
766,96111,target_missing,0,,-1,,,,,,,,,,,
767,96150,target_missing,0,,-1,,,,,,,,,,,
768,96188,target_missing,0,,-1,,,,,,,,,,,"$CV1,579,96188,0,-1,0.0,0.0,0.0,0.000000,0.000000,0.000000*3D"
769,96227,target_missing,0,,-1,,,,,,,,,,,
770,96265,target_missing,0,,-1,,,,,,,,,,,
771,96305,target_missing,0,,-1,,,,,,,,,,,"$CV1,580,96305,0,-1,0.0,0.0,0.0,0.000000,0.000000,0.000000*3C"
772,96346,target_missing,0,,-1,,,,,,,,,,,
773,96381,target_missing,0,,-1,,,,,,,,,,,
774,96416,target_missing,0,,-1,,,,,,,,,,,"$CV1,581,96416,0,-1,0.0,0.0,0.0,0.000000,0.000000,0.000000*38"
775,96452,target_missing,0,,-1,,,,,,,,,,,
776,96486,target_missing,0,,-1,,,,,,,,,,,
777,96519,target_missing,0,,-1,,,,,,,,,,,"$CV1,582,96519,0,-1,0.0,0.0,0.0,0.000000,0.000000,0.000000*35"
778,96552,target_missing,0,,-1,,,,,,,,,,,
779,96583,target_missing,0,,-1,,,,,,,,,,,
780,96613,target_missing,0,,-1,,,,,,,,,,,
781,96652,target_missing,0,,-1,,,,,,,,,,,"$CV1,583,96652,0,-1,0.0,0.0,0.0,0.000000,0.000000,0.000000*38"
782,96691,target_missing,0,,-1,,,,,,,,,,,
783,96731,target_missing,0,,-1,,,,,,,,,,,
784,96771,target_missing,0,,-1,,,,,,,,,,,"$CV1,584,96771,0,-1,0.0,0.0,0.0,0.000000,0.000000,0.000000*3F"
785,96811,target_missing,0,,-1,,,,,,,,,,,
786,96849,target_missing,0,,-1,,,,,,,,,,,
787,96887,target_missing,0,,-1,,,,,,,,,,,"$CV1,585,96887,0,-1,0.0,0.0,0.0,0.000000,0.000000,0.000000*38"
788,96922,target_missing,0,,-1,,,,,,,,,,,
789,96957,target_missing,0,,-1,,,,,,,,,,,
790,96991,target_missing,0,,-1,,,,,,,,,,,"$CV1,586,96991,0,-1,0.0,0.0,0.0,0.000000,0.000000,0.000000*3D"
791,97023,target_missing,0,,-1,,,,,,,,,,,
792,97059,target_missing,0,,-1,,,,,,,,,,,
793,97096,target_missing,0,,-1,,,,,,,,,,,"$CV1,587,97096,0,-1,0.0,0.0,0.0,0.000000,0.000000,0.000000*33"
794,97133,target_missing,0,,-1,,,,,,,,,,,
795,97168,target_missing,0,,-1,,,,,,,,,,,
796,97200,target_missing,0,,-1,,,,,,,,,,,"$CV1,588,97200,0,-1,0.0,0.0,0.0,0.000000,0.000000,0.000000*31"
797,97231,target_missing,0,,-1,,,,,,,,,,,
798,97265,target_missing,0,,-1,,,,,,,,,,,
799,97298,target_missing,0,,-1,,,,,,,,,,,
800,97329,target_missing,0,,-1,,,,,,,,,,,"$CV1,589,97329,0,-1,0.0,0.0,0.0,0.000000,0.000000,0.000000*3A"
801,97360,target_missing,0,,-1,,,,,,,,,,,
802,97392,target_missing,0,,-1,,,,,,,,,,,
803,97424,target_missing,0,,-1,,,,,,,,,,,
804,97458,target_missing,0,,-1,,,,,,,,,,,"$CV1,590,97458,0,-1,0.0,0.0,0.0,0.000000,0.000000,0.000000*33"
805,97492,target_missing,0,,-1,,,,,,,,,,,
806,97525,target_missing,0,,-1,,,,,,,,,,,
807,97559,target_missing,0,,-1,,,,,,,,,,,"$CV1,591,97559,0,-1,0.0,0.0,0.0,0.000000,0.000000,0.000000*32"
808,97590,target_missing,0,,-1,,,,,,,,,,,
809,97624,target_missing,0,,-1,,,,,,,,,,,
810,97655,target_missing,0,,-1,,,,,,,,,,,
811,97687,target_missing,0,,-1,,,,,,,,,,,"$CV1,592,97687,0,-1,0.0,0.0,0.0,0.000000,0.000000,0.000000*31"
812,97718,target_missing,0,,-1,,,,,,,,,,,
813,97749,target_missing,0,,-1,,,,,,,,,,,
814,97779,target_missing,0,,-1,,,,,,,,,,,
815,97811,target_missing,0,,-1,,,,,,,,,,,"$CV1,593,97811,0,-1,0.0,0.0,0.0,0.000000,0.000000,0.000000*31"
816,97844,target_missing,0,,-1,,,,,,,,,,,
817,97876,target_missing,0,,-1,,,,,,,,,,,
818,97907,target_missing,0,,-1,,,,,,,,,,,
819,97937,target_missing,0,,-1,,,,,,,,,,,"$CV1,594,97937,0,-1,0.0,0.0,0.0,0.000000,0.000000,0.000000*33"
820,97969,target_missing,0,,-1,,,,,,,,,,,
821,97999,target_missing,0,,-1,,,,,,,,,,,
822,98029,target_missing,0,,-1,,,,,,,,,,,
823,98061,target_missing,0,,-1,,,,,,,,,,,"$CV1,595,98061,0,-1,0.0,0.0,0.0,0.000000,0.000000,0.000000*37"
824,98093,target_missing,0,,-1,,,,,,,,,,,
825,98126,target_missing,0,,-1,,,,,,,,,,,
826,98153,target_missing,0,,-1,,,,,,,,,,,
827,98180,target_missing,0,,-1,,,,,,,,,,,"$CV1,596,98180,0,-1,0.0,0.0,0.0,0.000000,0.000000,0.000000*3A"
828,98207,target_missing,0,,-1,,,,,,,,,,,
829,98231,target_missing,0,,-1,,,,,,,,,,,
830,98258,target_missing,0,,-1,,,,,,,,,,,
831,98279,target_missing,0,,-1,,,,,,,,,,,
832,98302,target_missing,0,,-1,,,,,,,,,,,"$CV1,597,98302,0,-1,0.0,0.0,0.0,0.000000,0.000000,0.000000*33"
833,98325,target_missing,0,,-1,,,,,,,,,,,
834,98347,target_missing,0,,-1,,,,,,,,,,,
835,98371,target_missing,0,,-1,,,,,,,,,,,
836,98394,target_missing,0,,-1,,,,,,,,,,,
837,98420,target_missing,0,,-1,,,,,,,,,,,"$CV1,598,98420,0,-1,0.0,0.0,0.0,0.000000,0.000000,0.000000*3B"
838,98448,target_missing,0,,-1,,,,,,,,,,,
839,98474,target_missing,0,,-1,,,,,,,,,,,
840,98500,target_missing,0,,-1,,,,,,,,,,,
841,98528,target_missing,0,,-1,,,,,,,,,,,"$CV1,599,98528,0,-1,0.0,0.0,0.0,0.000000,0.000000,0.000000*33"
842,98556,target_missing,0,,-1,,,,,,,,,,,
843,98586,target_missing,0,,-1,,,,,,,,,,,
844,98617,target_missing,0,,-1,,,,,,,,,,,
845,98649,target_missing,0,,-1,,,,,,,,,,,"$CV1,600,98649,0,-1,0.0,0.0,0.0,0.000000,0.000000,0.000000*34"
846,98684,target_missing,0,,-1,,,,,,,,,,,
847,98719,target_missing,0,,-1,,,,,,,,,,,
848,98751,target_missing,0,,-1,,,,,,,,,,,"$CV1,601,98751,0,-1,0.0,0.0,0.0,0.000000,0.000000,0.000000*3D"
849,98783,target_missing,0,,-1,,,,,,,,,,,
850,98817,target_missing,0,,-1,,,,,,,,,,,
851,98850,target_missing,0,,-1,,,,,,,,,,,
852,98883,target_missing,0,,-1,,,,,,,,,,,"$CV1,602,98883,0,-1,0.0,0.0,0.0,0.000000,0.000000,0.000000*3E"
853,98916,target_missing,0,,-1,,,,,,,,,,,
854,98947,target_missing,0,,-1,,,,,,,,,,,
855,98979,target_missing,0,,-1,,,,,,,,,,,
856,99011,target_missing,0,,-1,,,,,,,,,,,"$CV1,603,99011,0,-1,0.0,0.0,0.0,0.000000,0.000000,0.000000*3D"
857,99044,target_missing,0,,-1,,,,,,,,,,,
858,99076,target_missing,0,,-1,,,,,,,,,,,
859,99115,target_missing,0,,-1,,,,,,,,,,,"$CV1,604,99115,0,-1,0.0,0.0,0.0,0.000000,0.000000,0.000000*3F"
860,99151,target_missing,0,,-1,,,,,,,,,,,
861,99187,target_missing,0,,-1,,,,,,,,,,,
862,99221,target_missing,0,,-1,,,,,,,,,,,"$CV1,605,99221,0,-1,0.0,0.0,0.0,0.000000,0.000000,0.000000*3A"
863,99254,target_missing,0,,-1,,,,,,,,,,,
864,99285,target_missing,0,,-1,,,,,,,,,,,
865,99315,target_missing,0,,-1,,,,,,,,,,,
866,99346,target_missing,0,,-1,,,,,,,,,,,"$CV1,606,99346,0,-1,0.0,0.0,0.0,0.000000,0.000000,0.000000*39"
867,99379,target_missing,0,,-1,,,,,,,,,,,
868,99412,target_missing,0,,-1,,,,,,,,,,,
869,99447,target_missing,0,,-1,,,,,,,,,,,"$CV1,607,99447,0,-1,0.0,0.0,0.0,0.000000,0.000000,0.000000*3E"
870,99479,target_missing,0,,-1,,,,,,,,,,,
871,99510,target_missing,0,,-1,,,,,,,,,,,
872,99541,target_missing,0,,-1,,,,,,,,,,,
873,99571,target_missing,0,,-1,,,,,,,,,,,"$CV1,608,99571,0,-1,0.0,0.0,0.0,0.000000,0.000000,0.000000*35"
874,99601,target_missing,0,,-1,,,,,,,,,,,
875,99631,target_missing,0,,-1,,,,,,,,,,,
876,99661,target_missing,0,,-1,,,,,,,,,,,
877,99692,target_missing,0,,-1,,,,,,,,,,,"$CV1,609,99692,0,-1,0.0,0.0,0.0,0.000000,0.000000,0.000000*3A"
878,99722,target_missing,0,,-1,,,,,,,,,,,
879,99757,target_missing,0,,-1,,,,,,,,,,,
880,99794,target_missing,0,,-1,,,,,,,,,,,"$CV1,610,99794,0,-1,0.0,0.0,0.0,0.000000,0.000000,0.000000*35"
881,99831,target_missing,0,,-1,,,,,,,,,,,
882,99865,target_missing,0,,-1,,,,,,,,,,,
883,99900,target_missing,0,,-1,,,,,,,,,,,"$CV1,611,99900,0,-1,0.0,0.0,0.0,0.000000,0.000000,0.000000*37"
884,99932,target_missing,0,,-1,,,,,,,,,,,
885,99965,target_missing,0,,-1,,,,,,,,,,,
886,99996,target_missing,0,,-1,,,,,,,,,,,
887,100028,target_missing,0,,-1,,,,,,,,,,,"$CV1,612,100028,0,-1,0.0,0.0,0.0,0.000000,0.000000,0.000000*06"
888,100061,target_missing,0,,-1,,,,,,,,,,,
889,100093,target_missing,0,,-1,,,,,,,,,,,
890,100125,target_missing,0,,-1,,,,,,,,,,,
891,100156,target_missing,0,,-1,,,,,,,,,,,"$CV1,613,100156,0,-1,0.0,0.0,0.0,0.000000,0.000000,0.000000*0F"
892,100189,target_missing,0,,-1,,,,,,,,,,,
893,100222,target_missing,0,,-1,,,,,,,,,,,
894,100254,target_missing,0,,-1,,,,,,,,,,,
895,100291,target_missing,0,,-1,,,,,,,,,,,"$CV1,614,100291,0,-1,0.0,0.0,0.0,0.000000,0.000000,0.000000*00"
896,100326,target_missing,0,,-1,,,,,,,,,,,
897,100362,target_missing,0,,-1,,,,,,,,,,,
898,100396,target_missing,0,,-1,,,,,,,,,,,"$CV1,615,100396,0,-1,0.0,0.0,0.0,0.000000,0.000000,0.000000*07"
899,100428,target_missing,0,,-1,,,,,,,,,,,
900,100466,target_missing,0,,-1,,,,,,,,,,,
901,100504,target_missing,0,,-1,,,,,,,,,,,"$CV1,616,100504,0,-1,0.0,0.0,0.0,0.000000,0.000000,0.000000*09"
902,100539,target_missing,0,,-1,,,,,,,,,,,
903,100574,target_missing,0,,-1,,,,,,,,,,,
904,100609,target_missing,0,,-1,,,,,,,,,,,"$CV1,617,100609,0,-1,0.0,0.0,0.0,0.000000,0.000000,0.000000*06"
905,100641,target_missing,0,,-1,,,,,,,,,,,
906,100674,target_missing,0,,-1,,,,,,,,,,,
907,100705,target_missing,0,,-1,,,,,,,,,,,
908,100736,target_missing,0,,-1,,,,,,,,,,,"$CV1,618,100736,0,-1,0.0,0.0,0.0,0.000000,0.000000,0.000000*04"
909,100770,valid,1,0,0,-0.023320,-0.012196,0.136842,0.139349,0.058902,0.073704,-1.580795,-0.011411 0.999895 0.008933 -0.996388 -0.010618 -0.084246 -0.084142 -0.009862 0.996405,2.365e-06,4.595,
910,100801,valid,1,0,0,-0.023793,-0.012596,0.139522,0.142096,0.046276,0.080677,-1.580019,-0.011092 0.999709 0.021433 -0.996692 -0.009328 -0.080728 -0.080505 -0.022257 0.996506,1.705e-06,3.806,
911,100831,valid,1,0,0,-0.024369,-0.013575,0.142201,0.144911,0.028916,0.086644,-1.576087,-0.007597 0.999307 0.036450 -0.997280 -0.004899 -0.073540 -0.073311 -0.036910 0.996626,1.233e-06,3.185,
912,100860,valid,1,0,0,-0.024967,-0.014682,0.144710,0.147580,0.003296,0.087893,-1.571743,-0.003401 0.998549 0.053735 -0.998315 -0.000277 -0.058030 -0.057931 -0.053842 0.996868,1.434e-06,3.367,"$CV1,619,100860,1,0,-25.0,-14.7,144.7,0.003296,0.087893,-1.571743*0B"
913,100890,valid,1,0,0,-0.025523,-0.015408,0.147082,0.150073,-0.016974,0.090820,-1.567907,0.000286 0.997643 0.068611 -0.998893 0.003513 -0.046907 -0.047038 -0.068522 0.996540,1.193e-06,3.011,
914,100919,valid,1,0,0,-0.026250,-0.016165,0.149714,0.152855,-0.038353,0.088861,-1.565080,0.003323 0.996707 0.081014 -0.999472 0.005929 -0.031948 -0.032323 -0.080865 0.996201,9.426e-07,2.614,
915,100955,valid,1,0,0,-0.027128,-0.017173,0.152411,0.155756,-0.057168,0.089738,-1.559971,0.008528 0.995573 0.093605 -0.999739 0.010471 -0.020286 -0.021176 -0.093407 0.995403,7.720e-07,2.313,
916,100989,valid,1,0,0,-0.028025,-0.017916,0.154539,0.158078,-0.083158,0.083978,-1.555834,0.013290 0.994234 0.106403 -0.999911 0.013346 0.000189 -0.001232 -0.106396 0.994323,8.010e-07,2.287,"$CV1,620,100989,1,0,-28.0,-17.9,154.5,-0.083158,0.083978,-1.555834*29"
917,101023,valid,1,0,0,-0.028948,-0.018381,0.155723,0.159454,-0.119535,0.059798,-1.554577,0.016292 0.993364 0.113850 -0.999175 0.011938 0.038822 0.037205 -0.114389 0.992739,7.648e-07,2.178,
918,101056,valid,1,0,0,-0.029851,-0.018550,0.156583,0.160479,-0.120253,0.046418,-1.555060,0.016280 0.994260 0.105750 -0.998797 0.011278 0.047725 0.046258 -0.106399 0.993247,8.121e-07,2.255,
919,101089,valid,1,0,0,-0.030612,-0.018578,0.156657,0.160698,-0.112998,0.048067,-1.556036,0.015111 0.994644 0.102247 -0.999059 0.010861 0.041996 0.040661 -0.102785 0.993872,9.210e-07,2.372,
920,101121,valid,1,0,0,-0.031247,-0.018651,0.156470,0.160646,-0.098427,0.053467,-1.556753,0.013956 0.995233 0.096525 -0.999510 0.011180 0.029234 0.028015 -0.096886 0.994901,8.895e-07,2.346,"$CV1,621,101121,1,0,-31.2,-18.7,156.5,-0.098427,0.053467,-1.556753*2E"
921,101158,valid,1,0,0,-0.031727,-0.018593,0.156365,0.160631,-0.073958,0.056625,-1.558815,0.011424 0.996476 0.083101 -0.999879 0.010504 0.011495 0.010582 -0.083222 0.996475,1.303e-06,2.857,
922,101195,valid,1,0,0,-0.032290,-0.018593,0.156423,0.160800,-0.078858,0.049157,-1.560545,0.010013 0.996630 0.081420 -0.999778 0.008469 0.019288 0.018533 -0.081595 0.996493,1.011e-06,2.523,
923,101230,valid,1,0,0,-0.033173,-0.018711,0.156821,0.161379,-0.088907,0.040023,-1.559373,0.011589 0.996571 0.081932 -0.999461 0.009029 0.031550 0.030702 -0.082253 0.996138,9.026e-07,2.387,"$CV1,622,101230,1,0,-33.2,-18.7,156.8,-0.088907,0.040023,-1.559373*20"
924,101270,valid,1,0,0,-0.034118,-0.018889,0.156990,0.161761,-0.104266,0.044986,-1.560152,0.010931 0.995436 0.094803 -0.999245 0.007339 0.038157 0.037287 -0.095148 0.994765,7.765e-07,2.161,
925,101304,valid,1,0,0,-0.035039,-0.018923,0.157241,0.162206,-0.110288,0.044886,-1.563503,0.007700 0.995101 0.098564 -0.999117 0.003583 0.041871 0.041313 -0.098799 0.994249,7.364e-07,2.123,
926,101337,valid,1,0,0,-0.035788,-0.018872,0.157499,0.162613,-0.125238,0.037249,-1.563331,0.008375 0.994632 0.103137 -0.998415 0.002578 0.056218 0.055650 -0.103445 0.993077,7.395e-07,2.159,"$CV1,623,101337,1,0,-35.8,-18.9,157.5,-0.125238,0.037249,-1.563331*29"
927,101371,valid,1,0,0,-0.035948,-0.018781,0.157540,0.162677,-0.121197,0.035336,-1.563843,0.007823 0.995019 0.099376 -0.998492 0.002373 0.054841 0.054332 -0.099656 0.993538,9.254e-07,2.418,
928,101402,valid,1,0,0,-0.035775,-0.018935,0.157056,0.162188,-0.116496,0.038450,-1.562932,0.008562 0.995112 0.098379 -0.998746 0.003657 0.049932 0.049328 -0.098683 0.993896,1.005e-06,2.527,
929,101433,valid,1,0,0,-0.035665,-0.019041,0.156616,0.161751,-0.112650,0.041654,-1.562105,0.009230 0.995145 0.097985 -0.998953 0.004785 0.045500 0.044811 -0.098302 0.994147,9.646e-07,2.476,
930,101464,valid,1,0,0,-0.035626,-0.019141,0.156131,0.161284,-0.114912,0.045423,-1.562052,0.009222 0.994761 0.101813 -0.998996 0.004702 0.044548 0.043836 -0.102122 0.993806,9.008e-07,2.381,"$CV1,624,101464,1,0,-35.6,-19.1,156.1,-0.114912,0.045423,-1.562052*24"
931,101496,valid,1,0,0,-0.035650,-0.019137,0.155914,0.161078,-0.114413,0.045348,-1.562240,0.009027 0.994800 0.101451 -0.999009 0.004551 0.044269 0.043577 -0.101751 0.993855,8.827e-07,2.363,
932,101528,valid,1,0,0,-0.035678,-0.019127,0.155978,0.161146,-0.112123,0.042474,-1.562667,0.008636 0.995131 0.098179 -0.998995 0.004268 0.044615 0.043979 -0.098466 0.994168,9.125e-07,2.422,
933,101560,valid,1,0,0,-0.035749,-0.019258,0.155828,0.161032,-0.115381,0.041703,-1.562674,0.008714 0.994975 0.099745 -0.998879 0.004020 0.047173 0.046535 -0.100044 0.993894,8.127e-07,2.290,
934,101592,valid,1,0,0,-0.035849,-0.019414,0.155823,0.161068,-0.114325,0.043479,-1.562889,0.008430 0.994930 0.100211 -0.998963 0.003895 0.045363 0.044742 -0.100490 0.993932,9.067e-07,2.409,"$CV1,625,101592,1,0,-35.8,-19.4,155.8,-0.114325,0.043479,-1.562889*25"
935,101626,valid,1,0,0,-0.035877,-0.019606,0.155800,0.161075,-0.113149,0.044567,-1.562554,0.008711 0.994933 0.100160 -0.999025 0.004323 0.043944 0.043288 -0.100445 0.994000,8.681e-07,2.361,
936,101659,valid,1,0,0,-0.035905,-0.019833,0.155899,0.161205,-0.112576,0.043469,-1.562367,0.008917 0.995038 0.099097 -0.999009 0.004542 0.044287 0.043617 -0.099394 0.994092,8.467e-07,2.323,
937,101692,valid,1,0,0,-0.035909,-0.020070,0.155904,0.161240,-0.111441,0.041823,-1.561253,0.010052 0.995202 0.097322 -0.998985 0.005722 0.044672 0.043901 -0.097672 0.994250,9.124e-07,2.420,
938,101726,valid,1,0,0,-0.035936,-0.020289,0.155680,0.161057,-0.112488,0.042071,-1.559102,0.012214 0.995100 0.098120 -0.998943 0.007794 0.045299 0.044312 -0.098570 0.994143,9.061e-07,2.408,"$CV1,626,101726,1,0,-35.9,-20.3,155.7,-0.112488,0.042071,-1.559102*21"
939,101760,valid,1,0,0,-0.036135,-0.020307,0.155544,0.160972,-0.114323,0.042401,-1.558837,0.012505 0.994961 0.099484 -0.998897 0.007928 0.046273 0.045251 -0.099953 0.993963,8.795e-07,2.361,
940,101795,valid,1,0,0,-0.036551,-0.020135,0.155496,0.160998,-0.114062,0.043977,-1.559694,0.011601 0.994886 0.100335 -0.998959 0.007104 0.045059 0.044116 -0.100753 0.993933,7.867e-07,2.236,
941,101829,valid,1,0,0,-0.037075,-0.019902,0.155732,0.161317,-0.113275,0.045008,-1.560969,0.010283 0.994883 0.100507 -0.999021 0.005897 0.043833 0.043016 -0.100859 0.993970,7.549e-07,2.176,"$CV1,627,101829,1,0,-37.1,-19.9,155.7,-0.113275,0.045008,-1.560969*29"
942,101861,valid,1,0,0,-0.037580,-0.019721,0.156090,0.161757,-0.112131,0.045256,-1.561650,0.009574 0.994947 0.099949 -0.999065 0.005303 0.042910 0.042163 -0.100266 0.994067,7.661e-07,2.183,
943,101894,valid,1,0,0,-0.038127,-0.019718,0.156337,0.162123,-0.111750,0.046556,-1.562522,0.008658 0.994895 0.100543 -0.999116 0.004471 0.041793 0.041130 -0.100816 0.994055,7.067e-07,2.096,
944,101928,valid,1,0,0,-0.038710,-0.019822,0.156853,0.162770,-0.111067,0.047347,-1.563284,0.007860 0.994894 0.100621 -0.999160 0.003766 0.040815 0.040228 -0.100857 0.994087,7.131e-07,2.102,
945,101961,valid,1,0,0,-0.039254,-0.020107,0.157468,0.163528,-0.107804,0.049304,-1.564642,0.006383 0.994986 0.099814 -0.999296 0.002656 0.037424 0.036971 -0.099982 0.994302,7.148e-07,2.102,"$CV1,628,101961,1,0,-39.3,-20.1,157.5,-0.107804,0.049304,-1.564642*2D"
946,101992,valid,1,0,0,-0.039584,-0.020490,0.157973,0.164141,-0.106279,0.048858,-1.564605,0.006405 0.995110 0.098566 -0.999321 0.002793 0.036741 0.036286 -0.098735 0.994452,7.657e-07,2.173,
947,102024,valid,1,0,0,-0.039587,-0.021058,0.158241,0.164471,-0.106368,0.048304,-1.561748,0.009277 0.995118 0.098254 -0.999288 0.005632 0.037304 0.036569 -0.098531 0.994462,9.027e-07,2.352,
948,102056,valid,1,0,0,-0.039362,-0.021526,0.158296,0.164530,-0.104196,0.048611,-1.559362,0.011610 0.995210 0.097068 -0.999324 0.008161 0.035855 0.034891 -0.097419 0.994632,9.911e-07,2.467,
949,102088,valid,1,0,0,-0.039064,-0.021796,0.157843,0.164060,-0.104508,0.048255,-1.558001,0.012985 0.995197 0.097031 -0.999294 0.009494 0.036352 0.035256 -0.097434 0.994617,1.016e-06,2.507,"$CV1,629,102088,1,0,-39.1,-21.8,157.8,-0.104508,0.048255,-1.558001*2E"
950,102120,valid,1,0,0,-0.038712,-0.021908,0.157401,0.163565,-0.105183,0.047287,-1.556267,0.014759 0.995192 0.096828 -0.999235 0.011171 0.037490 0.036228 -0.097307 0.994595,1.059e-06,2.559,
951,102153,valid,1,0,0,-0.038420,-0.022007,0.156899,0.163027,-0.106219,0.047157,-1.554349,0.016696 0.995107 0.097386 -0.999180 0.013012 0.038337 0.036882 -0.097946 0.994508,1.045e-06,2.536,
952,102183,valid,1,0,0,-0.038363,-0.022131,0.156362,0.162513,-0.106192,0.049071,-1.554515,0.016471 0.994991 0.098595 -0.999229 0.012865 0.037098 0.035644 -0.099130 0.994436,1.020e-06,2.514,
953,102215,valid,1,0,0,-0.038470,-0.022176,0.156010,0.162206,-0.104717,0.050483,-1.556076,0.014841 0.995019 0.098578 -0.999316 0.011420 0.035178 0.033877 -0.099033 0.994507,9.799e-07,2.467,"$CV1,630,102215,1,0,-38.5,-22.2,156.0,-0.104717,0.050483,-1.556076*23"
954,102248,valid,1,0,0,-0.038608,-0.022269,0.155912,0.162157,-0.103751,0.050727,-1.558000,0.012895 0.995090 0.098133 -0.999366 0.009568 0.034302 0.033195 -0.098513 0.994582,9.801e-07,2.476,
955,102278,valid,1,0,0,-0.038696,-0.022548,0.155770,0.162080,-0.101871,0.052456,-1.557402,0.013401 0.995091 0.098051 -0.999434 0.010302 0.032039 0.030872 -0.098425 0.994666,8.600e-07,2.319,
956,102309,valid,1,0,0,-0.038701,-0.022819,0.155821,0.162169,-0.099017,0.053387,-1.558124,0.012599 0.995219 0.096849 -0.999514 0.009774 0.029589 0.028501 -0.097174 0.994859,9.708e-07,2.471,
957,102339,valid,1,0,0,-0.038549,-0.022921,0.155682,0.162013,-0.097539,0.054018,-1.558553,0.012125 0.995277 0.096320 -0.999557 0.009445 0.028224 0.027180 -0.096619 0.994950,9.753e-07,2.480,"$CV1,631,102339,1,0,-38.5,-22.9,155.7,-0.097539,0.054018,-1.558553*29"
958,102369,valid,1,0,0,-0.038446,-0.023148,0.155778,0.162113,-0.099496,0.053192,-1.559074,0.011666 0.995213 0.097027 -0.999512 0.008795 0.029969 0.028972 -0.097330 0.994830,9.125e-07,2.398,
959,102398,valid,1,0,0,-0.038338,-0.023396,0.156053,0.162388,-0.096084,0.053691,-1.558431,0.012233 0.995384 0.095193 -0.999575 0.009654 0.027509 0.026463 -0.095489 0.995079,9.114e-07,2.403,
960,102427,valid,1,0,0,-0.038118,-0.023826,0.156025,0.162371,-0.098011,0.051378,-1.556331,0.014441 0.995380 0.094926 -0.999473 0.011609 0.030313 0.029071 -0.095314 0.995023,1.019e-06,2.533,
961,102456,valid,1,0,0,-0.037867,-0.024033,0.155829,0.162155,-0.096788,0.052270,-1.555128,0.015592 0.995382 0.094724 -0.999495 0.012894 0.029029 0.027673 -0.095128 0.995080,1.019e-06,2.541,"$CV1,632,102456,1,0,-37.9,-24.0,155.8,-0.096788,0.052270,-1.555128*21"
962,102486,valid,1,0,0,-0.037678,-0.024035,0.155389,0.161688,-0.097591,0.053000,-1.554617,0.016091 0.995281 0.095696 -0.999487 0.013360 0.029106 0.027691 -0.096115 0.994985,1.012e-06,2.531,
963,102517,valid,1,0,0,-0.037571,-0.023784,0.155180,0.161426,-0.098191,0.053377,-1.555072,0.015633 0.995228 0.096316 -0.999490 0.012871 0.029228 0.027849 -0.096724 0.994922,1.018e-06,2.543,
964,102547,valid,1,0,0,-0.037614,-0.023366,0.155073,0.161272,-0.097438,0.054124,-1.555944,0.014724 0.995241 0.096321 -0.999529 0.012055 0.028228 0.026932 -0.096691 0.994950,9.699e-07,2.486,
965,102578,valid,1,0,0,-0.037871,-0.022862,0.154960,0.161150,-0.100775,0.054671,-1.557770,0.012938 0.995026 0.098776 -0.999502 0.010027 0.029916 0.028777 -0.099113 0.994660,8.639e-07,2.326,"$CV1,633,102578,1,0,-37.9,-22.9,155.0,-0.100775,0.054671,-1.557770*2C"
966,102612,valid,1,0,0,-0.038246,-0.022325,0.155120,0.161318,-0.098978,0.054951,-1.560573,0.010100 0.995152 0.097825 -0.999568 0.007349 0.028444 0.027587 -0.098070 0.994797,8.769e-07,2.335,
967,102648,valid,1,0,0,-0.038576,-0.021993,0.155257,0.161482,-0.099006,0.054972,-1.562576,0.008100 0.995167 0.097858 -0.999584 0.005349 0.028342 0.027682 -0.098047 0.994797,7.812e-07,2.211,
968,102680,valid,1,0,0,-0.038791,-0.021890,0.155337,0.161597,-0.099085,0.054046,-1.564042,0.006669 0.995231 0.097320 -0.999575 0.003872 0.028903 0.028388 -0.097471 0.994833,7.985e-07,2.238,"$CV1,634,102680,1,0,-38.8,-21.9,155.3,-0.099085,0.054046,-1.564042*2C"
969,102710,valid,1,0,0,-0.038835,-0.021978,0.155451,0.161728,-0.097965,0.053516,-1.565104,0.005608 0.995339 0.096276 -0.999590 0.002878 0.028472 0.028063 -0.096396 0.994947,8.268e-07,2.288,
970,102741,valid,1,0,0,-0.038572,-0.022330,0.155446,0.161709,-0.097396,0.052278,-1.564438,0.006305 0.995445 0.095128 -0.999575 0.003566 0.028932 0.028461 -0.095270 0.995045,9.681e-07,2.486,
971,102771,valid,1,0,0,-0.038137,-0.022853,0.155274,0.161514,-0.095338,0.051762,-1.561190,0.009531 0.995574 0.093494 -0.999581 0.006929 0.028116 0.027344 -0.093723 0.995223,1.049e-06,2.598,
972,102803,valid,1,0,0,-0.037734,-0.023305,0.154995,0.161216,-0.095699,0.051874,-1.558273,0.012446 0.995514 0.093789 -0.999548 0.009819 0.028424 0.027375 -0.094100 0.995186,1.072e-06,2.631,"$CV1,635,102803,1,0,-37.7,-23.3,155.0,-0.095699,0.051874,-1.558273*27"
973,102835,valid,1,0,0,-0.037533,-0.023489,0.154738,0.160949,-0.097306,0.052671,-1.557398,0.013320 0.995358 0.095310 -0.999524 0.010600 0.028988 0.027844 -0.095651 0.995025,1.030e-06,2.584,
974,102867,valid,1,0,0,-0.037521,-0.023461,0.154479,0.160692,-0.098731,0.052288,-1.557223,0.013531 0.995293 0.095964 -0.999488 0.010681 0.030151 0.028984 -0.096323 0.994928,9.877e-07,2.518,
975,102898,valid,1,0,0,-0.037700,-0.023281,0.154403,0.160635,-0.099101,0.052560,-1.557726,0.013026 0.995260 0.096372 -0.999493 0.010158 0.030188 0.029066 -0.096717 0.994887,9.448e-07,2.455,
976,102931,valid,1,0,0,-0.037943,-0.023052,0.154296,0.160556,-0.100234,0.051943,-1.559260,0.011535 0.995247 0.096696 -0.999476 0.008551 0.031222 0.030247 -0.097005 0.994824,8.720e-07,2.337,"$CV1,636,102931,1,0,-37.9,-23.1,154.3,-0.100234,0.051943,-1.559260*22"
977,102964,valid,1,0,0,-0.038226,-0.022768,0.154409,0.160691,-0.099016,0.052776,-1.561831,0.008919 0.995296 0.096464 -0.999538 0.006071 0.029782 0.029057 -0.096685 0.994891,9.187e-07,2.420,
978,102995,valid,1,0,0,-0.038300,-0.022693,0.154508,0.160794,-0.096932,0.052721,-1.562686,0.008032 0.995434 0.095115 -0.999581 0.005348 0.028446 0.027808 -0.095303 0.995060,9.384e-07,2.458,
979,103024,valid,1,0,0,-0.038275,-0.022913,0.154662,0.160966,-0.096801,0.052380,-1.561555,0.009171 0.995453 0.094812 -0.999569 0.006481 0.028638 0.027893 -0.095034 0.995083,9.693e-07,2.496,
980,103054,valid,1,0,0,-0.038209,-0.023254,0.154928,0.161256,-0.096539,0.051807,-1.560614,0.010125 0.995494 0.094281 -0.999555 0.007431 0.028882 0.028051 -0.094531 0.995127,9.685e-07,2.496,"$CV1,637,103054,1,0,-38.2,-23.3,154.9,-0.096539,0.051807,-1.560614*2C"
981,103084,valid,1,0,0,-0.038031,-0.023691,0.155036,0.161381,-0.097239,0.050886,-1.558386,0.012392 0.995483 0.094129 -0.999503 0.009603 0.030027 0.028987 -0.094455 0.995107,9.897e-07,2.521,
982,103114,valid,1,0,0,-0.037827,-0.024019,0.154984,0.161331,-0.096845,0.050793,-1.556492,0.014279 0.995487 0.093817 -0.999486 0.011516 0.029931 0.028715 -0.094196 0.995139,1.052e-06,2.600,
983,103142,valid,1,0,0,-0.037649,-0.024145,0.154691,0.161027,-0.097003,0.051486,-1.555314,0.015435 0.995419 0.094358 -0.999480 0.012687 0.029653 0.028320 -0.094766 0.995097,1.106e-06,2.666,
984,103172,valid,1,0,0,-0.037645,-0.023987,0.154388,0.160712,-0.097769,0.051876,-1.556244,0.014507 0.995363 0.095092 -0.999486 0.011715 0.029848 0.028595 -0.095476 0.995021,1.077e-06,2.631,"$CV1,638,103172,1,0,-37.6,-24.0,154.4,-0.097769,0.051876,-1.556244*20"
985,103204,valid,1,0,0,-0.037720,-0.023754,0.154003,0.160325,-0.097799,0.051709,-1.558071,0.012688 0.995396 0.095008 -0.999505 0.009889 0.029879 0.028802 -0.095340 0.995028,1.038e-06,2.591,
986,103236,valid,1,0,0,-0.037863,-0.023567,0.153718,0.160057,-0.097125,0.051709,-1.559308,0.011442 0.995451 0.094585 -0.999530 0.008697 0.029385 0.028428 -0.094877 0.995083,1.015e-06,2.558,
987,103268,valid,1,0,0,-0.037973,-0.023413,0.153591,0.159938,-0.097741,0.052088,-1.560458,0.010292 0.995403 0.095218 -0.999537 0.007515 0.029478 0.028627 -0.095478 0.995020,1.001e-06,2.544,
988,103299,valid,1,0,0,-0.037953,-0.023368,0.153546,0.159883,-0.097893,0.051666,-1.560652,0.010114 0.995422 0.095045 -0.999528 0.007307 0.029833 0.029002 -0.095302 0.995026,1.029e-06,2.573,"$CV1,639,103299,1,0,-38.0,-23.4,153.5,-0.097893,0.051666,-1.560652*28"
989,103330,valid,1,0,0,-0.037883,-0.023305,0.153567,0.159879,-0.096365,0.052197,-1.560300,0.010423 0.995478 0.094419 -0.999563 0.007759 0.028540 0.027678 -0.094675 0.995123,1.024e-06,2.578,
990,103361,valid,1,0,0,-0.037790,-0.023203,0.153553,0.159828,-0.098163,0.052506,-1.559868,0.010874 0.995346 0.095750 -0.999532 0.008081 0.029512 0.028601 -0.096026 0.994968,1.024e-06,2.574,
991,103393,valid,1,0,0,-0.037807,-0.023015,0.153655,0.159903,-0.097492,0.052276,-1.560387,0.010352 0.995406 0.095180 -0.999545 0.007603 0.029204 0.028346 -0.095439 0.995032,1.061e-06,2.613,
992,103423,valid,1,0,0,-0.037889,-0.022843,0.153726,0.159966,-0.096954,0.051951,-1.561139,0.009603 0.995466 0.094635 -0.999555 0.006883 0.029028 0.028246 -0.094872 0.995089,1.069e-06,2.616,"$CV1,640,103423,1,0,-37.9,-22.8,153.7,-0.096954,0.051951,-1.561139*23"
993,103453,valid,1,0,0,-0.038025,-0.022759,0.153728,0.159988,-0.096884,0.052626,-1.560335,0.010381 0.995421 0.095020 -0.999561 0.007695 0.028597 0.027734 -0.095275 0.995065,9.938e-07,2.528,
994,103482,valid,1,0,0,-0.038217,-0.022450,0.153953,0.160207,-0.099173,0.052860,-1.561031,0.009718 0.995274 0.096615 -0.999530 0.006860 0.029871 0.029067 -0.096860 0.994873,9.607e-07,2.464,
995,103511,valid,1,0,0,-0.038435,-0.021956,0.153820,0.160063,-0.100114,0.052878,-1.563186,0.007582 0.995234 0.097225 -0.999529 0.004650 0.030345 0.029748 -0.097409 0.994800,9.518e-07,2.462,
996,103541,valid,1,0,0,-0.038616,-0.021380,0.153421,0.159644,-0.099161,0.053189,-1.564090,0.006652 0.995279 0.096822 -0.999558 0.003811 0.029494 0.028986 -0.096976 0.994865,9.553e-07,2.470,"$CV1,641,103541,1,0,-38.6,-21.4,153.4,-0.099161,0.053189,-1.564090*22"
997,103569,valid,1,0,0,-0.038826,-0.020654,0.153007,0.159202,-0.098382,0.056040,-1.564746,0.005884 0.995155 0.098144 -0.999626 0.003232 0.027152 0.026703 -0.098267 0.994802,9.200e-07,2.432,
998,103597,valid,1,0,0,-0.039115,-0.019706,0.152632,0.158792,-0.100438,0.056436,-1.566801,0.003854 0.995010 0.099697 -0.999605 0.001057 0.028097 0.027851 -0.099766 0.994621,9.354e-07,2.429,
999,103625,valid,1,0,0,-0.039574,-0.018518,0.152399,0.158539,-0.100209,0.057330,-1.572381,-0.001754 0.994974 0.100120 -0.999623 -0.004488 0.027082 0.027395 -0.100035 0.994607,7.302e-07,2.147,
1000,103654,target_missing,0,,-1,,,,,,,,,,,"$CV1,642,103654,0,-1,0.0,0.0,0.0,0.000000,0.000000,0.000000*0D"
1001,103682,target_missing,0,,-1,,,,,,,,,,,
1002,103711,target_missing,0,,-1,,,,,,,,,,,
1003,103738,target_missing,0,,-1,,,,,,,,,,,
1004,103768,target_missing,0,,-1,,,,,,,,,,,"$CV1,643,103768,0,-1,0.0,0.0,0.0,0.000000,0.000000,0.000000*02"
1005,103798,target_missing,0,,-1,,,,,,,,,,,
1006,103828,target_missing,0,,-1,,,,,,,,,,,
1007,103860,target_missing,0,,-1,,,,,,,,,,,
1008,103893,target_missing,0,,-1,,,,,,,,,,,"$CV1,644,103893,0,-1,0.0,0.0,0.0,0.000000,0.000000,0.000000*0E"
1009,103925,target_missing,0,,-1,,,,,,,,,,,
1010,103959,target_missing,0,,-1,,,,,,,,,,,
1011,103992,target_missing,0,,-1,,,,,,,,,,,
1012,104024,target_missing,0,,-1,,,,,,,,,,,"$CV1,645,104024,0,-1,0.0,0.0,0.0,0.000000,0.000000,0.000000*0C"
1013,104056,target_missing,0,,-1,,,,,,,,,,,
1014,104090,target_missing,0,,-1,,,,,,,,,,,
1015,104129,target_missing,0,,-1,,,,,,,,,,,"$CV1,646,104129,0,-1,0.0,0.0,0.0,0.000000,0.000000,0.000000*03"
1016,104165,target_missing,0,,-1,,,,,,,,,,,
1017,104197,target_missing,0,,-1,,,,,,,,,,,
1018,104232,target_missing,0,,-1,,,,,,,,,,,"$CV1,647,104232,0,-1,0.0,0.0,0.0,0.000000,0.000000,0.000000*0B"
1019,104267,target_missing,0,,-1,,,,,,,,,,,
1020,104300,target_missing,0,,-1,,,,,,,,,,,
1021,104333,target_missing,0,,-1,,,,,,,,,,,"$CV1,648,104333,0,-1,0.0,0.0,0.0,0.000000,0.000000,0.000000*04"
1022,104367,target_missing,0,,-1,,,,,,,,,,,
1023,104399,target_missing,0,,-1,,,,,,,,,,,
1024,104432,target_missing,0,,-1,,,,,,,,,,,
1025,104463,target_missing,0,,-1,,,,,,,,,,,"$CV1,649,104463,0,-1,0.0,0.0,0.0,0.000000,0.000000,0.000000*07"
1026,104495,target_missing,0,,-1,,,,,,,,,,,
1027,104527,target_missing,0,,-1,,,,,,,,,,,
1028,104558,target_missing,0,,-1,,,,,,,,,,,
1029,104591,target_missing,0,,-1,,,,,,,,,,,"$CV1,650,104591,0,-1,0.0,0.0,0.0,0.000000,0.000000,0.000000*03"
1030,104624,target_missing,0,,-1,,,,,,,,,,,
1031,104657,target_missing,0,,-1,,,,,,,,,,,
1032,104690,target_missing,0,,-1,,,,,,,,,,,
1033,104720,target_missing,0,,-1,,,,,,,,,,,"$CV1,651,104720,0,-1,0.0,0.0,0.0,0.000000,0.000000,0.000000*0A"
1034,104755,target_missing,0,,-1,,,,,,,,,,,
1035,104789,target_missing,0,,-1,,,,,,,,,,,
1036,104820,target_missing,0,,-1,,,,,,,,,,,
1037,104850,target_missing,0,,-1,,,,,,,,,,,"$CV1,652,104850,0,-1,0.0,0.0,0.0,0.000000,0.000000,0.000000*01"
1038,104881,target_missing,0,,-1,,,,,,,,,,,
1039,104912,target_missing,0,,-1,,,,,,,,,,,
1040,104944,target_missing,0,,-1,,,,,,,,,,,
1041,104977,target_missing,0,,-1,,,,,,,,,,,"$CV1,653,104977,0,-1,0.0,0.0,0.0,0.000000,0.000000,0.000000*04"
1042,105010,target_missing,0,,-1,,,,,,,,,,,
1043,105043,target_missing,0,,-1,,,,,,,,,,,
1044,105075,target_missing,0,,-1,,,,,,,,,,,
1045,105107,target_missing,0,,-1,,,,,,,,,,,"$CV1,654,105107,0,-1,0.0,0.0,0.0,0.000000,0.000000,0.000000*0D"
1046,105142,target_missing,0,,-1,,,,,,,,,,,
1047,105174,target_missing,0,,-1,,,,,,,,,,,
1048,105207,target_missing,0,,-1,,,,,,,,,,,
1049,105239,target_missing,0,,-1,,,,,,,,,,,"$CV1,655,105239,0,-1,0.0,0.0,0.0,0.000000,0.000000,0.000000*02"
1050,105271,target_missing,0,,-1,,,,,,,,,,,
1051,105303,target_missing,0,,-1,,,,,,,,,,,
1052,105335,target_missing,0,,-1,,,,,,,,,,,
1053,105367,target_missing,0,,-1,,,,,,,,,,,"$CV1,656,105367,0,-1,0.0,0.0,0.0,0.000000,0.000000,0.000000*0B"
1054,105399,target_missing,0,,-1,,,,,,,,,,,
1055,105431,target_missing,0,,-1,,,,,,,,,,,
1056,105464,target_missing,0,,-1,,,,,,,,,,,
1057,105495,target_missing,0,,-1,,,,,,,,,,,"$CV1,657,105495,0,-1,0.0,0.0,0.0,0.000000,0.000000,0.000000*00"
1058,105525,target_missing,0,,-1,,,,,,,,,,,
1059,105555,target_missing,0,,-1,,,,,,,,,,,
1060,105589,target_missing,0,,-1,,,,,,,,,,,
1061,105621,target_missing,0,,-1,,,,,,,,,,,"$CV1,658,105621,0,-1,0.0,0.0,0.0,0.000000,0.000000,0.000000*02"
1062,105652,target_missing,0,,-1,,,,,,,,,,,
1063,105681,target_missing,0,,-1,,,,,,,,,,,
1064,105710,target_missing,0,,-1,,,,,,,,,,,
1065,105740,target_missing,0,,-1,,,,,,,,,,,"$CV1,659,105740,0,-1,0.0,0.0,0.0,0.000000,0.000000,0.000000*05"
1066,105769,target_missing,0,,-1,,,,,,,,,,,
1067,105800,target_missing,0,,-1,,,,,,,,,,,
1068,105828,target_missing,0,,-1,,,,,,,,,,,
1069,105856,target_missing,0,,-1,,,,,,,,,,,"$CV1,660,105856,0,-1,0.0,0.0,0.0,0.000000,0.000000,0.000000*07"
1070,105885,target_missing,0,,-1,,,,,,,,,,,
1071,105913,target_missing,0,,-1,,,,,,,,,,,
1072,105942,target_missing,0,,-1,,,,,,,,,,,
1073,105974,target_missing,0,,-1,,,,,,,,,,,"$CV1,661,105974,0,-1,0.0,0.0,0.0,0.000000,0.000000,0.000000*07"
1074,106005,target_missing,0,,-1,,,,,,,,,,,
1075,106035,target_missing,0,,-1,,,,,,,,,,,
1076,106063,target_missing,0,,-1,,,,,,,,,,,
1077,106092,target_missing,0,,-1,,,,,,,,,,,"$CV1,662,106092,0,-1,0.0,0.0,0.0,0.000000,0.000000,0.000000*06"
1078,106120,target_missing,0,,-1,,,,,,,,,,,
1079,106147,target_missing,0,,-1,,,,,,,,,,,
1080,106175,target_missing,0,,-1,,,,,,,,,,,
1081,106203,target_missing,0,,-1,,,,,,,,,,,"$CV1,663,106203,0,-1,0.0,0.0,0.0,0.000000,0.000000,0.000000*0D"
1082,106231,target_missing,0,,-1,,,,,,,,,,,
1083,106259,target_missing,0,,-1,,,,,,,,,,,
1084,106288,target_missing,0,,-1,,,,,,,,,,,
1085,106316,target_missing,0,,-1,,,,,,,,,,,"$CV1,664,106316,0,-1,0.0,0.0,0.0,0.000000,0.000000,0.000000*0F"
1086,106346,target_missing,0,,-1,,,,,,,,,,,
1087,106376,target_missing,0,,-1,,,,,,,,,,,
1088,106403,target_missing,0,,-1,,,,,,,,,,,
1089,106430,target_missing,0,,-1,,,,,,,,,,,"$CV1,665,106430,0,-1,0.0,0.0,0.0,0.000000,0.000000,0.000000*0D"
1090,106457,target_missing,0,,-1,,,,,,,,,,,
1091,106485,target_missing,0,,-1,,,,,,,,,,,
1092,106514,target_missing,0,,-1,,,,,,,,,,,
1093,106542,target_missing,0,,-1,,,,,,,,,,,"$CV1,666,106542,0,-1,0.0,0.0,0.0,0.000000,0.000000,0.000000*0A"
1094,106570,target_missing,0,,-1,,,,,,,,,,,
1095,106597,target_missing,0,,-1,,,,,,,,,,,
1096,106626,target_missing,0,,-1,,,,,,,,,,,
1097,106653,target_missing,0,,-1,,,,,,,,,,,"$CV1,667,106653,0,-1,0.0,0.0,0.0,0.000000,0.000000,0.000000*08"
1098,106680,target_missing,0,,-1,,,,,,,,,,,
1099,106708,target_missing,0,,-1,,,,,,,,,,,
1100,106735,target_missing,0,,-1,,,,,,,,,,,
1101,106762,target_missing,0,,-1,,,,,,,,,,,"$CV1,668,106762,0,-1,0.0,0.0,0.0,0.000000,0.000000,0.000000*04"
1102,106791,target_missing,0,,-1,,,,,,,,,,,
1103,106820,target_missing,0,,-1,,,,,,,,,,,
1104,106848,target_missing,0,,-1,,,,,,,,,,,
1105,106876,target_missing,0,,-1,,,,,,,,,,,"$CV1,669,106876,0,-1,0.0,0.0,0.0,0.000000,0.000000,0.000000*0F"
1106,106904,target_missing,0,,-1,,,,,,,,,,,
1107,106932,target_missing,0,,-1,,,,,,,,,,,
1108,106961,target_missing,0,,-1,,,,,,,,,,,
1109,106989,target_missing,0,,-1,,,,,,,,,,,"$CV1,670,106989,0,-1,0.0,0.0,0.0,0.000000,0.000000,0.000000*06"
1110,107020,target_missing,0,,-1,,,,,,,,,,,
1111,107050,target_missing,0,,-1,,,,,,,,,,,
1112,107077,target_missing,0,,-1,,,,,,,,,,,
1113,107104,target_missing,0,,-1,,,,,,,,,,,"$CV1,671,107104,0,-1,0.0,0.0,0.0,0.000000,0.000000,0.000000*0B"
1114,107130,target_missing,0,,-1,,,,,,,,,,,
1115,107156,target_missing,0,,-1,,,,,,,,,,,
1116,107182,target_missing,0,,-1,,,,,,,,,,,
1117,107207,target_missing,0,,-1,,,,,,,,,,,"$CV1,672,107207,0,-1,0.0,0.0,0.0,0.000000,0.000000,0.000000*08"
1118,107231,target_missing,0,,-1,,,,,,,,,,,
1119,107256,target_missing,0,,-1,,,,,,,,,,,
1120,107279,target_missing,0,,-1,,,,,,,,,,,
1121,107302,target_missing,0,,-1,,,,,,,,,,,
1122,107325,target_missing,0,,-1,,,,,,,,,,,"$CV1,673,107325,0,-1,0.0,0.0,0.0,0.000000,0.000000,0.000000*08"
1123,107348,target_missing,0,,-1,,,,,,,,,,,
1124,107370,target_missing,0,,-1,,,,,,,,,,,
1125,107401,target_missing,0,,-1,,,,,,,,,,,
1126,107427,target_missing,0,,-1,,,,,,,,,,,"$CV1,674,107427,0,-1,0.0,0.0,0.0,0.000000,0.000000,0.000000*0A"
1127,107454,target_missing,0,,-1,,,,,,,,,,,
1128,107479,target_missing,0,,-1,,,,,,,,,,,
1129,107506,target_missing,0,,-1,,,,,,,,,,,
1130,107530,target_missing,0,,-1,,,,,,,,,,,"$CV1,675,107530,0,-1,0.0,0.0,0.0,0.000000,0.000000,0.000000*0C"
1131,107556,target_missing,0,,-1,,,,,,,,,,,
1132,107584,target_missing,0,,-1,,,,,,,,,,,
1133,107610,target_missing,0,,-1,,,,,,,,,,,
1134,107636,target_missing,0,,-1,,,,,,,,,,,"$CV1,676,107636,0,-1,0.0,0.0,0.0,0.000000,0.000000,0.000000*0A"
1135,107668,target_missing,0,,-1,,,,,,,,,,,
1136,107704,target_missing,0,,-1,,,,,,,,,,,
1137,107741,target_missing,0,,-1,,,,,,,,,,,"$CV1,677,107741,0,-1,0.0,0.0,0.0,0.000000,0.000000,0.000000*0A"
1138,107779,target_missing,0,,-1,,,,,,,,,,,
1139,107821,target_missing,0,,-1,,,,,,,,,,,
1140,107863,target_missing,0,,-1,,,,,,,,,,,"$CV1,678,107863,0,-1,0.0,0.0,0.0,0.000000,0.000000,0.000000*0A"
1141,107904,target_missing,0,,-1,,,,,,,,,,,
1142,107942,target_missing,0,,-1,,,,,,,,,,,
1143,107974,target_missing,0,,-1,,,,,,,,,,,"$CV1,679,107974,0,-1,0.0,0.0,0.0,0.000000,0.000000,0.000000*0C"
1144,108005,target_missing,0,,-1,,,,,,,,,,,
1145,108038,target_missing,0,,-1,,,,,,,,,,,
1146,108063,target_missing,0,,-1,,,,,,,,,,,
1147,108081,target_missing,0,,-1,,,,,,,,,,,"$CV1,680,108081,0,-1,0.0,0.0,0.0,0.000000,0.000000,0.000000*06"
1148,108098,target_missing,0,,-1,,,,,,,,,,,
1149,108113,target_missing,0,,-1,,,,,,,,,,,
1150,108129,target_missing,0,,-1,,,,,,,,,,,
1151,108143,target_missing,0,,-1,,,,,,,,,,,
1152,108158,target_missing,0,,-1,,,,,,,,,,,
1153,108174,target_missing,0,,-1,,,,,,,,,,,
1154,108188,target_missing,0,,-1,,,,,,,,,,,"$CV1,681,108188,0,-1,0.0,0.0,0.0,0.000000,0.000000,0.000000*0F"
1155,108204,target_missing,0,,-1,,,,,,,,,,,
1156,108223,target_missing,0,,-1,,,,,,,,,,,
1157,108242,target_missing,0,,-1,,,,,,,,,,,
1158,108259,target_missing,0,,-1,,,,,,,,,,,
1159,108275,target_missing,0,,-1,,,,,,,,,,,
1160,108291,target_missing,0,,-1,,,,,,,,,,,"$CV1,682,108291,0,-1,0.0,0.0,0.0,0.000000,0.000000,0.000000*07"
1161,108306,target_missing,0,,-1,,,,,,,,,,,
1162,108321,target_missing,0,,-1,,,,,,,,,,,
1163,108335,target_missing,0,,-1,,,,,,,,,,,
1164,108349,target_missing,0,,-1,,,,,,,,,,,
1165,108363,target_missing,0,,-1,,,,,,,,,,,
1166,108377,target_missing,0,,-1,,,,,,,,,,,
1167,108391,target_missing,0,,-1,,,,,,,,,,,"$CV1,683,108391,0,-1,0.0,0.0,0.0,0.000000,0.000000,0.000000*07"
1168,108406,target_missing,0,,-1,,,,,,,,,,,
1169,108421,target_missing,0,,-1,,,,,,,,,,,
1170,108436,target_missing,0,,-1,,,,,,,,,,,
1171,108457,target_missing,0,,-1,,,,,,,,,,,
1172,108473,target_missing,0,,-1,,,,,,,,,,,
1173,108489,target_missing,0,,-1,,,,,,,,,,,
1174,108504,target_missing,0,,-1,,,,,,,,,,,"$CV1,684,108504,0,-1,0.0,0.0,0.0,0.000000,0.000000,0.000000*0A"
1175,108519,target_missing,0,,-1,,,,,,,,,,,
1176,108535,target_missing,0,,-1,,,,,,,,,,,
1177,108551,target_missing,0,,-1,,,,,,,,,,,
1178,108566,target_missing,0,,-1,,,,,,,,,,,
1179,108580,target_missing,0,,-1,,,,,,,,,,,
1180,108596,target_missing,0,,-1,,,,,,,,,,,
1181,108612,target_missing,0,,-1,,,,,,,,,,,"$CV1,685,108612,0,-1,0.0,0.0,0.0,0.000000,0.000000,0.000000*0F"
1182,108626,target_missing,0,,-1,,,,,,,,,,,
1183,108641,target_missing,0,,-1,,,,,,,,,,,
1184,108655,target_missing,0,,-1,,,,,,,,,,,
1185,108671,target_missing,0,,-1,,,,,,,,,,,
1186,108685,target_missing,0,,-1,,,,,,,,,,,
1187,108699,target_missing,0,,-1,,,,,,,,,,,
1188,108713,target_missing,0,,-1,,,,,,,,,,,"$CV1,686,108713,0,-1,0.0,0.0,0.0,0.000000,0.000000,0.000000*0C"
1189,108729,target_missing,0,,-1,,,,,,,,,,,
1190,108753,target_missing,0,,-1,,,,,,,,,,,
1191,108768,target_missing,0,,-1,,,,,,,,,,,
1192,108783,target_missing,0,,-1,,,,,,,,,,,
1193,108797,target_missing,0,,-1,,,,,,,,,,,
1194,108812,target_missing,0,,-1,,,,,,,,,,,
1195,108826,target_missing,0,,-1,,,,,,,,,,,"$CV1,687,108826,0,-1,0.0,0.0,0.0,0.000000,0.000000,0.000000*04"
1196,108840,target_missing,0,,-1,,,,,,,,,,,
1197,108853,target_missing,0,,-1,,,,,,,,,,,
1198,108867,target_missing,0,,-1,,,,,,,,,,,
1199,108880,target_missing,0,,-1,,,,,,,,,,,
1200,108894,target_missing,0,,-1,,,,,,,,,,,
1201,108909,target_missing,0,,-1,,,,,,,,,,,
1202,108924,target_missing,0,,-1,,,,,,,,,,,
1203,108939,target_missing,0,,-1,,,,,,,,,,,"$CV1,688,108939,0,-1,0.0,0.0,0.0,0.000000,0.000000,0.000000*04"
1204,108953,target_missing,0,,-1,,,,,,,,,,,
1205,108966,target_missing,0,,-1,,,,,,,,,,,
1206,108980,target_missing,0,,-1,,,,,,,,,,,
1207,108994,target_missing,0,,-1,,,,,,,,,,,
1208,109008,target_missing,0,,-1,,,,,,,,,,,
1209,109021,target_missing,0,,-1,,,,,,,,,,,
1210,109034,target_missing,0,,-1,,,,,,,,,,,
1211,109047,target_missing,0,,-1,,,,,,,,,,,"$CV1,689,109047,0,-1,0.0,0.0,0.0,0.000000,0.000000,0.000000*04"
1212,109062,target_missing,0,,-1,,,,,,,,,,,
1213,109077,target_missing,0,,-1,,,,,,,,,,,
1214,109090,target_missing,0,,-1,,,,,,,,,,,
1215,109104,target_missing,0,,-1,,,,,,,,,,,
1216,109118,target_missing,0,,-1,,,,,,,,,,,
1217,109132,target_missing,0,,-1,,,,,,,,,,,
1218,109148,target_missing,0,,-1,,,,,,,,,,,"$CV1,690,109148,0,-1,0.0,0.0,0.0,0.000000,0.000000,0.000000*02"
1219,109162,target_missing,0,,-1,,,,,,,,,,,
1220,109176,target_missing,0,,-1,,,,,,,,,,,
1221,109189,target_missing,0,,-1,,,,,,,,,,,
1222,109203,target_missing,0,,-1,,,,,,,,,,,
1223,109216,target_missing,0,,-1,,,,,,,,,,,
1224,109230,target_missing,0,,-1,,,,,,,,,,,
1225,109244,target_missing,0,,-1,,,,,,,,,,,
1226,109257,target_missing,0,,-1,,,,,,,,,,,"$CV1,691,109257,0,-1,0.0,0.0,0.0,0.000000,0.000000,0.000000*0E"
1227,109270,target_missing,0,,-1,,,,,,,,,,,
1228,109284,target_missing,0,,-1,,,,,,,,,,,
1229,109298,target_missing,0,,-1,,,,,,,,,,,
1230,109312,target_missing,0,,-1,,,,,,,,,,,
1231,109326,target_missing,0,,-1,,,,,,,,,,,
1232,109340,target_missing,0,,-1,,,,,,,,,,,
1233,109354,target_missing,0,,-1,,,,,,,,,,,
1234,109368,target_missing,0,,-1,,,,,,,,,,,"$CV1,692,109368,0,-1,0.0,0.0,0.0,0.000000,0.000000,0.000000*00"
1235,109382,target_missing,0,,-1,,,,,,,,,,,
1236,109396,target_missing,0,,-1,,,,,,,,,,,
1237,109410,target_missing,0,,-1,,,,,,,,,,,
1238,109424,target_missing,0,,-1,,,,,,,,,,,
1239,109439,target_missing,0,,-1,,,,,,,,,,,
1240,109454,target_missing,0,,-1,,,,,,,,,,,
1241,109468,target_missing,0,,-1,,,,,,,,,,,"$CV1,693,109468,0,-1,0.0,0.0,0.0,0.000000,0.000000,0.000000*06"
1242,109482,target_missing,0,,-1,,,,,,,,,,,
1243,109496,target_missing,0,,-1,,,,,,,,,,,
1244,109510,target_missing,0,,-1,,,,,,,,,,,
1245,109523,target_missing,0,,-1,,,,,,,,,,,
1246,109538,target_missing,0,,-1,,,,,,,,,,,
1247,109551,target_missing,0,,-1,,,,,,,,,,,
1248,109565,target_missing,0,,-1,,,,,,,,,,,
1249,109582,target_missing,0,,-1,,,,,,,,,,,"$CV1,694,109582,0,-1,0.0,0.0,0.0,0.000000,0.000000,0.000000*04"
1250,109596,target_missing,0,,-1,,,,,,,,,,,
1251,109611,target_missing,0,,-1,,,,,,,,,,,
1252,109626,target_missing,0,,-1,,,,,,,,,,,
1253,109640,target_missing,0,,-1,,,,,,,,,,,
1254,109653,target_missing,0,,-1,,,,,,,,,,,
1255,109668,target_missing,0,,-1,,,,,,,,,,,
1256,109682,target_missing,0,,-1,,,,,,,,,,,
1257,109697,target_missing,0,,-1,,,,,,,,,,,"$CV1,695,109697,0,-1,0.0,0.0,0.0,0.000000,0.000000,0.000000*02"
1258,109710,target_missing,0,,-1,,,,,,,,,,,
1259,109724,target_missing,0,,-1,,,,,,,,,,,
1260,109737,target_missing,0,,-1,,,,,,,,,,,
1261,109752,target_missing,0,,-1,,,,,,,,,,,
1262,109765,target_missing,0,,-1,,,,,,,,,,,
1263,109779,target_missing,0,,-1,,,,,,,,,,,
1264,109793,target_missing,0,,-1,,,,,,,,,,,
1265,109807,target_missing,0,,-1,,,,,,,,,,,"$CV1,696,109807,0,-1,0.0,0.0,0.0,0.000000,0.000000,0.000000*06"
1266,109821,target_missing,0,,-1,,,,,,,,,,,
1267,109835,target_missing,0,,-1,,,,,,,,,,,
1268,109849,target_missing,0,,-1,,,,,,,,,,,
1269,109863,target_missing,0,,-1,,,,,,,,,,,
1270,109876,target_missing,0,,-1,,,,,,,,,,,
1271,109890,target_missing,0,,-1,,,,,,,,,,,
1272,109903,target_missing,0,,-1,,,,,,,,,,,
1273,109916,target_missing,0,,-1,,,,,,,,,,,"$CV1,697,109916,0,-1,0.0,0.0,0.0,0.000000,0.000000,0.000000*06"
1274,109930,target_missing,0,,-1,,,,,,,,,,,
1275,109945,target_missing,0,,-1,,,,,,,,,,,
1276,109959,target_missing,0,,-1,,,,,,,,,,,
1277,109972,target_missing,0,,-1,,,,,,,,,,,
1278,109988,target_missing,0,,-1,,,,,,,,,,,
1279,110003,target_missing,0,,-1,,,,,,,,,,,
1280,110017,target_missing,0,,-1,,,,,,,,,,,"$CV1,698,110017,0,-1,0.0,0.0,0.0,0.000000,0.000000,0.000000*09"
1281,110031,target_missing,0,,-1,,,,,,,,,,,
1282,110045,target_missing,0,,-1,,,,,,,,,,,
1283,110059,target_missing,0,,-1,,,,,,,,,,,
1284,110073,target_missing,0,,-1,,,,,,,,,,,
1285,110087,target_missing,0,,-1,,,,,,,,,,,
1286,110100,target_missing,0,,-1,,,,,,,,,,,
1287,110115,target_missing,0,,-1,,,,,,,,,,,
1288,110128,target_missing,0,,-1,,,,,,,,,,,"$CV1,699,110128,0,-1,0.0,0.0,0.0,0.000000,0.000000,0.000000*05"
1289,110142,target_missing,0,,-1,,,,,,,,,,,
1290,110155,target_missing,0,,-1,,,,,,,,,,,
1291,110169,target_missing,0,,-1,,,,,,,,,,,
1292,110184,target_missing,0,,-1,,,,,,,,,,,
1293,110199,target_missing,0,,-1,,,,,,,,,,,
1294,110213,target_missing,0,,-1,,,,,,,,,,,
1295,110227,target_missing,0,,-1,,,,,,,,,,,
1296,110240,target_missing,0,,-1,,,,,,,,,,,"$CV1,700,110240,0,-1,0.0,0.0,0.0,0.000000,0.000000,0.000000*09"
1297,110254,target_missing,0,,-1,,,,,,,,,,,
1298,110268,target_missing,0,,-1,,,,,,,,,,,
1299,110283,target_missing,0,,-1,,,,,,,,,,,
1300,110297,target_missing,0,,-1,,,,,,,,,,,
1301,110315,target_missing,0,,-1,,,,,,,,,,,
1302,110332,target_missing,0,,-1,,,,,,,,,,,
1303,110347,target_missing,0,,-1,,,,,,,,,,,"$CV1,701,110347,0,-1,0.0,0.0,0.0,0.000000,0.000000,0.000000*0E"
1304,110361,target_missing,0,,-1,,,,,,,,,,,
1305,110375,target_missing,0,,-1,,,,,,,,,,,
1306,110388,target_missing,0,,-1,,,,,,,,,,,
1307,110402,target_missing,0,,-1,,,,,,,,,,,
1308,110417,target_missing,0,,-1,,,,,,,,,,,
1309,110433,target_missing,0,,-1,,,,,,,,,,,
1310,110447,target_missing,0,,-1,,,,,,,,,,,"$CV1,702,110447,0,-1,0.0,0.0,0.0,0.000000,0.000000,0.000000*0A"
1311,110462,target_missing,0,,-1,,,,,,,,,,,
1312,110476,target_missing,0,,-1,,,,,,,,,,,
1313,110491,target_missing,0,,-1,,,,,,,,,,,
1314,110505,target_missing,0,,-1,,,,,,,,,,,
1315,110522,target_missing,0,,-1,,,,,,,,,,,
1316,110538,target_missing,0,,-1,,,,,,,,,,,
1317,110552,target_missing,0,,-1,,,,,,,,,,,"$CV1,703,110552,0,-1,0.0,0.0,0.0,0.000000,0.000000,0.000000*0E"
1318,110566,target_missing,0,,-1,,,,,,,,,,,
1319,110584,target_missing,0,,-1,,,,,,,,,,,
1320,110600,target_missing,0,,-1,,,,,,,,,,,
1321,110615,target_missing,0,,-1,,,,,,,,,,,
1322,110630,target_missing,0,,-1,,,,,,,,,,,
1323,110645,target_missing,0,,-1,,,,,,,,,,,
1324,110659,target_missing,0,,-1,,,,,,,,,,,"$CV1,704,110659,0,-1,0.0,0.0,0.0,0.000000,0.000000,0.000000*01"
1325,110674,target_missing,0,,-1,,,,,,,,,,,
1326,110688,target_missing,0,,-1,,,,,,,,,,,
1327,110703,target_missing,0,,-1,,,,,,,,,,,
1328,110718,target_missing,0,,-1,,,,,,,,,,,
1329,110732,target_missing,0,,-1,,,,,,,,,,,
1330,110746,target_missing,0,,-1,,,,,,,,,,,
1331,110759,target_missing,0,,-1,,,,,,,,,,,"$CV1,705,110759,0,-1,0.0,0.0,0.0,0.000000,0.000000,0.000000*01"
1332,110774,target_missing,0,,-1,,,,,,,,,,,
1333,110789,target_missing,0,,-1,,,,,,,,,,,
1334,110806,target_missing,0,,-1,,,,,,,,,,,
1335,110826,target_missing,0,,-1,,,,,,,,,,,
1336,110841,target_missing,0,,-1,,,,,,,,,,,
1337,110857,target_missing,0,,-1,,,,,,,,,,,
1338,110873,target_missing,0,,-1,,,,,,,,,,,"$CV1,706,110873,0,-1,0.0,0.0,0.0,0.000000,0.000000,0.000000*05"
1339,110888,target_missing,0,,-1,,,,,,,,,,,
1340,110904,target_missing,0,,-1,,,,,,,,,,,
1341,110919,target_missing,0,,-1,,,,,,,,,,,
1342,110935,target_missing,0,,-1,,,,,,,,,,,
1343,110950,target_missing,0,,-1,,,,,,,,,,,
1344,110964,target_missing,0,,-1,,,,,,,,,,,
1345,110978,target_missing,0,,-1,,,,,,,,,,,"$CV1,707,110978,0,-1,0.0,0.0,0.0,0.000000,0.000000,0.000000*0E"
1346,110993,target_missing,0,,-1,,,,,,,,,,,
1347,111009,target_missing,0,,-1,,,,,,,,,,,
1348,111026,target_missing,0,,-1,,,,,,,,,,,
1349,111039,target_missing,0,,-1,,,,,,,,,,,
1350,111053,target_missing,0,,-1,,,,,,,,,,,
1351,111067,target_missing,0,,-1,,,,,,,,,,,
1352,111081,target_missing,0,,-1,,,,,,,,,,,"$CV1,708,111081,0,-1,0.0,0.0,0.0,0.000000,0.000000,0.000000*0F"
1353,111095,target_missing,0,,-1,,,,,,,,,,,
1354,111113,target_missing,0,,-1,,,,,,,,,,,
1355,111128,target_missing,0,,-1,,,,,,,,,,,
1356,111142,target_missing,0,,-1,,,,,,,,,,,
1357,111157,target_missing,0,,-1,,,,,,,,,,,
1358,111171,target_missing,0,,-1,,,,,,,,,,,
1359,111185,target_missing,0,,-1,,,,,,,,,,,"$CV1,709,111185,0,-1,0.0,0.0,0.0,0.000000,0.000000,0.000000*0B"
1360,111200,target_missing,0,,-1,,,,,,,,,,,
1361,111214,target_missing,0,,-1,,,,,,,,,,,
1362,111228,target_missing,0,,-1,,,,,,,,,,,
1363,111243,target_missing,0,,-1,,,,,,,,,,,
1364,111256,target_missing,0,,-1,,,,,,,,,,,
1365,111270,target_missing,0,,-1,,,,,,,,,,,
1366,111283,target_missing,0,,-1,,,,,,,,,,,
1367,111298,target_missing,0,,-1,,,,,,,,,,,"$CV1,710,111298,0,-1,0.0,0.0,0.0,0.000000,0.000000,0.000000*0C"
1368,111312,target_missing,0,,-1,,,,,,,,,,,
1369,111327,target_missing,0,,-1,,,,,,,,,,,
1370,111340,target_missing,0,,-1,,,,,,,,,,,
1371,111353,target_missing,0,,-1,,,,,,,,,,,
1372,111366,target_missing,0,,-1,,,,,,,,,,,
1373,111380,target_missing,0,,-1,,,,,,,,,,,
1374,111394,target_missing,0,,-1,,,,,,,,,,,
1375,111408,target_missing,0,,-1,,,,,,,,,,,"$CV1,711,111408,0,-1,0.0,0.0,0.0,0.000000,0.000000,0.000000*02"
1376,111422,target_missing,0,,-1,,,,,,,,,,,
1377,111436,target_missing,0,,-1,,,,,,,,,,,
1378,111450,target_missing,0,,-1,,,,,,,,,,,
1379,111463,target_missing,0,,-1,,,,,,,,,,,
1380,111476,target_missing,0,,-1,,,,,,,,,,,
1381,111490,target_missing,0,,-1,,,,,,,,,,,
1382,111504,target_missing,0,,-1,,,,,,,,,,,
1383,111518,target_missing,0,,-1,,,,,,,,,,,"$CV1,712,111518,0,-1,0.0,0.0,0.0,0.000000,0.000000,0.000000*01"
1384,111532,target_missing,0,,-1,,,,,,,,,,,
1385,111545,target_missing,0,,-1,,,,,,,,,,,
1386,111558,target_missing,0,,-1,,,,,,,,,,,
1387,111571,target_missing,0,,-1,,,,,,,,,,,
1388,111586,target_missing,0,,-1,,,,,,,,,,,
1389,111601,target_missing,0,,-1,,,,,,,,,,,
1390,111614,target_missing,0,,-1,,,,,,,,,,,
1391,111628,target_missing,0,,-1,,,,,,,,,,,"$CV1,713,111628,0,-1,0.0,0.0,0.0,0.000000,0.000000,0.000000*00"
1392,111642,target_missing,0,,-1,,,,,,,,,,,
1393,111657,target_missing,0,,-1,,,,,,,,,,,
1394,111672,target_missing,0,,-1,,,,,,,,,,,
1395,111686,target_missing,0,,-1,,,,,,,,,,,
1396,111701,target_missing,0,,-1,,,,,,,,,,,
1397,111715,target_missing,0,,-1,,,,,,,,,,,
1398,111729,target_missing,0,,-1,,,,,,,,,,,"$CV1,714,111729,0,-1,0.0,0.0,0.0,0.000000,0.000000,0.000000*07"
1399,111744,target_missing,0,,-1,,,,,,,,,,,
1400,111758,target_missing,0,,-1,,,,,,,,,,,
1401,111771,target_missing,0,,-1,,,,,,,,,,,
1402,111785,target_missing,0,,-1,,,,,,,,,,,
1403,111799,target_missing,0,,-1,,,,,,,,,,,
1404,111813,target_missing,0,,-1,,,,,,,,,,,
1405,111828,target_missing,0,,-1,,,,,,,,,,,
1406,111841,target_missing,0,,-1,,,,,,,,,,,"$CV1,715,111841,0,-1,0.0,0.0,0.0,0.000000,0.000000,0.000000*07"
1407,111855,target_missing,0,,-1,,,,,,,,,,,
1408,111868,target_missing,0,,-1,,,,,,,,,,,
1409,111883,target_missing,0,,-1,,,,,,,,,,,
1410,111896,target_missing,0,,-1,,,,,,,,,,,
1411,111910,target_missing,0,,-1,,,,,,,,,,,
1412,111924,target_missing,0,,-1,,,,,,,,,,,
1413,111938,target_missing,0,,-1,,,,,,,,,,,
1414,111952,target_missing,0,,-1,,,,,,,,,,,"$CV1,716,111952,0,-1,0.0,0.0,0.0,0.000000,0.000000,0.000000*07"
1415,111966,target_missing,0,,-1,,,,,,,,,,,
1416,111979,target_missing,0,,-1,,,,,,,,,,,
1417,111993,target_missing,0,,-1,,,,,,,,,,,
1418,112007,target_missing,0,,-1,,,,,,,,,,,
1419,112021,target_missing,0,,-1,,,,,,,,,,,
1420,112035,target_missing,0,,-1,,,,,,,,,,,
1421,112049,target_missing,0,,-1,,,,,,,,,,,
1422,112063,target_missing,0,,-1,,,,,,,,,,,"$CV1,717,112063,0,-1,0.0,0.0,0.0,0.000000,0.000000,0.000000*0E"
1423,112077,target_missing,0,,-1,,,,,,,,,,,
1424,112091,target_missing,0,,-1,,,,,,,,,,,
1425,112104,target_missing,0,,-1,,,,,,,,,,,
1426,112118,target_missing,0,,-1,,,,,,,,,,,
1427,112132,target_missing,0,,-1,,,,,,,,,,,
1428,112145,target_missing,0,,-1,,,,,,,,,,,
1429,112159,target_missing,0,,-1,,,,,,,,,,,
1430,112173,target_missing,0,,-1,,,,,,,,,,,"$CV1,718,112173,0,-1,0.0,0.0,0.0,0.000000,0.000000,0.000000*01"
1431,112187,target_missing,0,,-1,,,,,,,,,,,
1432,112201,target_missing,0,,-1,,,,,,,,,,,
1433,112214,target_missing,0,,-1,,,,,,,,,,,
1434,112228,target_missing,0,,-1,,,,,,,,,,,
1435,112241,target_missing,0,,-1,,,,,,,,,,,
1436,112255,target_missing,0,,-1,,,,,,,,,,,
1437,112269,target_missing,0,,-1,,,,,,,,,,,
1438,112282,target_missing,0,,-1,,,,,,,,,,,"$CV1,719,112282,0,-1,0.0,0.0,0.0,0.000000,0.000000,0.000000*0D"
1439,112297,target_missing,0,,-1,,,,,,,,,,,
1440,112310,target_missing,0,,-1,,,,,,,,,,,
1441,112325,target_missing,0,,-1,,,,,,,,,,,
1442,112338,target_missing,0,,-1,,,,,,,,,,,
1443,112351,target_missing,0,,-1,,,,,,,,,,,
1444,112365,target_missing,0,,-1,,,,,,,,,,,
1445,112378,target_missing,0,,-1,,,,,,,,,,,
1446,112392,target_missing,0,,-1,,,,,,,,,,,"$CV1,720,112392,0,-1,0.0,0.0,0.0,0.000000,0.000000,0.000000*07"
1447,112406,target_missing,0,,-1,,,,,,,,,,,
1448,112421,target_missing,0,,-1,,,,,,,,,,,
1449,112435,target_missing,0,,-1,,,,,,,,,,,
1450,112448,target_missing,0,,-1,,,,,,,,,,,
1451,112462,target_missing,0,,-1,,,,,,,,,,,
1452,112476,target_missing,0,,-1,,,,,,,,,,,
1453,112490,target_missing,0,,-1,,,,,,,,,,,
1454,112504,target_missing,0,,-1,,,,,,,,,,,"$CV1,721,112504,0,-1,0.0,0.0,0.0,0.000000,0.000000,0.000000*0F"
1455,112517,target_missing,0,,-1,,,,,,,,,,,
1456,112532,target_missing,0,,-1,,,,,,,,,,,
1457,112548,target_missing,0,,-1,,,,,,,,,,,
1458,112562,target_missing,0,,-1,,,,,,,,,,,
1459,112577,target_missing,0,,-1,,,,,,,,,,,
1460,112591,target_missing,0,,-1,,,,,,,,,,,
1461,112605,target_missing,0,,-1,,,,,,,,,,,"$CV1,722,112605,0,-1,0.0,0.0,0.0,0.000000,0.000000,0.000000*0E"
1462,112619,target_missing,0,,-1,,,,,,,,,,,
1463,112633,target_missing,0,,-1,,,,,,,,,,,
1464,112647,target_missing,0,,-1,,,,,,,,,,,
1465,112661,target_missing,0,,-1,,,,,,,,,,,
1466,112675,target_missing,0,,-1,,,,,,,,,,,
1467,112689,target_missing,0,,-1,,,,,,,,,,,
1468,112704,target_missing,0,,-1,,,,,,,,,,,
1469,112718,target_missing,0,,-1,,,,,,,,,,,"$CV1,723,112718,0,-1,0.0,0.0,0.0,0.000000,0.000000,0.000000*02"
1470,112731,target_missing,0,,-1,,,,,,,,,,,
1471,112744,target_missing,0,,-1,,,,,,,,,,,
1472,112758,target_missing,0,,-1,,,,,,,,,,,
1473,112771,target_missing,0,,-1,,,,,,,,,,,
1474,112785,target_missing,0,,-1,,,,,,,,,,,
1475,112798,target_missing,0,,-1,,,,,,,,,,,
1476,112812,target_missing,0,,-1,,,,,,,,,,,
1477,112826,target_missing,0,,-1,,,,,,,,,,,"$CV1,724,112826,0,-1,0.0,0.0,0.0,0.000000,0.000000,0.000000*07"
1478,112839,target_missing,0,,-1,,,,,,,,,,,
1479,112852,target_missing,0,,-1,,,,,,,,,,,
1480,112866,target_missing,0,,-1,,,,,,,,,,,
1481,112879,target_missing,0,,-1,,,,,,,,,,,
1482,112892,target_missing,0,,-1,,,,,,,,,,,
1483,112904,target_missing,0,,-1,,,,,,,,,,,
1484,112918,target_missing,0,,-1,,,,,,,,,,,
1485,112933,target_missing,0,,-1,,,,,,,,,,,"$CV1,725,112933,0,-1,0.0,0.0,0.0,0.000000,0.000000,0.000000*03"
