frame,t_ms,status,num_detections,detected_ids,target_id,x_m,y_m,z_m,distance_m,rx,ry,rz,R_rowmajor,pose_err,corner_reproj_px,serial_line
0,26,target_missing,0,,-1,,,,,,,,,,,"$CV1,0,26,0,-1,0.0,0.0,0.0,0.000000,0.000000,0.000000*0C"
1,39,target_missing,0,,-1,,,,,,,,,,,
2,51,target_missing,0,,-1,,,,,,,,,,,
3,61,target_missing,0,,-1,,,,,,,,,,,
4,74,target_missing,0,,-1,,,,,,,,,,,
5,84,target_missing,0,,-1,,,,,,,,,,,
6,94,target_missing,0,,-1,,,,,,,,,,,
7,104,target_missing,0,,-1,,,,,,,,,,,
8,113,target_missing,0,,-1,,,,,,,,,,,
9,123,target_missing,0,,-1,,,,,,,,,,,
10,133,target_missing,0,,-1,,,,,,,,,,,"$CV1,1,133,0,-1,0.0,0.0,0.0,0.000000,0.000000,0.000000*38"
11,144,target_missing,0,,-1,,,,,,,,,,,
12,154,target_missing,0,,-1,,,,,,,,,,,
13,164,target_missing,0,,-1,,,,,,,,,,,
14,174,target_missing,0,,-1,,,,,,,,,,,
15,183,target_missing,0,,-1,,,,,,,,,,,
16,194,target_missing,0,,-1,,,,,,,,,,,
17,204,target_missing,0,,-1,,,,,,,,,,,
18,214,target_missing,0,,-1,,,,,,,,,,,
19,224,target_missing,0,,-1,,,,,,,,,,,
20,233,target_missing,0,,-1,,,,,,,,,,,
21,245,target_missing,0,,-1,,,,,,,,,,,"$CV1,2,245,0,-1,0.0,0.0,0.0,0.000000,0.000000,0.000000*39"
22,255,target_missing,0,,-1,,,,,,,,,,,
23,266,target_missing,0,,-1,,,,,,,,,,,
24,277,target_missing,0,,-1,,,,,,,,,,,
25,288,target_missing,0,,-1,,,,,,,,,,,
26,298,target_missing,0,,-1,,,,,,,,,,,
27,309,target_missing,0,,-1,,,,,,,,,,,
28,321,target_missing,0,,-1,,,,,,,,,,,
29,332,target_missing,0,,-1,,,,,,,,,,,
30,343,target_missing,0,,-1,,,,,,,,,,,
31,353,target_missing,0,,-1,,,,,,,,,,,"$CV1,3,353,0,-1,0.0,0.0,0.0,0.000000,0.000000,0.000000*3E"
32,364,target_missing,0,,-1,,,,,,,,,,,
33,375,target_missing,0,,-1,,,,,,,,,,,
34,385,target_missing,0,,-1,,,,,,,,,,,
35,395,target_missing,0,,-1,,,,,,,,,,,
36,406,target_missing,0,,-1,,,,,,,,,,,
37,417,target_missing,0,,-1,,,,,,,,,,,
38,427,target_missing,0,,-1,,,,,,,,,,,
39,437,target_missing,0,,-1,,,,,,,,,,,
40,447,target_missing,0,,-1,,,,,,,,,,,
41,456,target_missing,0,,-1,,,,,,,,,,,"$CV1,4,456,0,-1,0.0,0.0,0.0,0.000000,0.000000,0.000000*3B"
42,466,target_missing,0,,-1,,,,,,,,,,,
43,478,target_missing,0,,-1,,,,,,,,,,,
44,490,target_missing,0,,-1,,,,,,,,,,,
45,500,target_missing,0,,-1,,,,,,,,,,,
46,509,target_missing,0,,-1,,,,,,,,,,,
47,519,target_missing,0,,-1,,,,,,,,,,,
48,529,target_missing,0,,-1,,,,,,,,,,,
49,539,target_missing,0,,-1,,,,,,,,,,,
50,549,target_missing,0,,-1,,,,,,,,,,,
51,560,target_missing,0,,-1,,,,,,,,,,,"$CV1,5,560,0,-1,0.0,0.0,0.0,0.000000,0.000000,0.000000*3E"
52,570,target_missing,0,,-1,,,,,,,,,,,
53,579,target_missing,0,,-1,,,,,,,,,,,
54,590,target_missing,0,,-1,,,,,,,,,,,
55,601,target_missing,0,,-1,,,,,,,,,,,
56,611,target_missing,0,,-1,,,,,,,,,,,
57,621,target_missing,0,,-1,,,,,,,,,,,
58,631,target_missing,0,,-1,,,,,,,,,,,
59,640,target_missing,0,,-1,,,,,,,,,,,
60,651,target_missing,0,,-1,,,,,,,,,,,
61,662,target_missing,0,,-1,,,,,,,,,,,"$CV1,6,662,0,-1,0.0,0.0,0.0,0.000000,0.000000,0.000000*3C"
62,676,target_missing,0,,-1,,,,,,,,,,,
63,686,target_missing,0,,-1,,,,,,,,,,,
64,696,target_missing,0,,-1,,,,,,,,,,,
65,705,target_missing,0,,-1,,,,,,,,,,,
66,715,target_missing,0,,-1,,,,,,,,,,,
67,725,target_missing,0,,-1,,,,,,,,,,,
68,735,target_missing,0,,-1,,,,,,,,,,,
69,744,target_missing,0,,-1,,,,,,,,,,,
70,754,target_missing,0,,-1,,,,,,,,,,,
71,764,target_missing,0,,-1,,,,,,,,,,,"$CV1,7,764,0,-1,0.0,0.0,0.0,0.000000,0.000000,0.000000*3A"
72,773,target_missing,0,,-1,,,,,,,,,,,
73,784,target_missing,0,,-1,,,,,,,,,,,
74,794,target_missing,0,,-1,,,,,,,,,,,
75,804,target_missing,0,,-1,,,,,,,,,,,
76,814,target_missing,0,,-1,,,,,,,,,,,
77,825,target_missing,0,,-1,,,,,,,,,,,
78,835,target_missing,0,,-1,,,,,,,,,,,
79,845,target_missing,0,,-1,,,,,,,,,,,
80,855,target_missing,0,,-1,,,,,,,,,,,
81,869,target_missing,0,,-1,,,,,,,,,,,"$CV1,8,869,0,-1,0.0,0.0,0.0,0.000000,0.000000,0.000000*37"
82,884,target_missing,0,,-1,,,,,,,,,,,
83,899,target_missing,0,,-1,,,,,,,,,,,
84,914,target_missing,0,,-1,,,,,,,,,,,
85,928,target_missing,0,,-1,,,,,,,,,,,
86,943,target_missing,0,,-1,,,,,,,,,,,
87,959,target_missing,0,,-1,,,,,,,,,,,
88,978,target_missing,0,,-1,,,,,,,,,,,"$CV1,9,978,0,-1,0.0,0.0,0.0,0.000000,0.000000,0.000000*37"
89,997,target_missing,0,,-1,,,,,,,,,,,
90,1014,target_missing,0,,-1,,,,,,,,,,,
91,1031,target_missing,0,,-1,,,,,,,,,,,
92,1051,target_missing,0,,-1,,,,,,,,,,,
93,1069,target_missing,0,,-1,,,,,,,,,,,
94,1087,target_missing,0,,-1,,,,,,,,,,,"$CV1,10,1087,0,-1,0.0,0.0,0.0,0.000000,0.000000,0.000000*37"
95,1103,target_missing,0,,-1,,,,,,,,,,,
96,1120,target_missing,0,,-1,,,,,,,,,,,
97,1135,target_missing,0,,-1,,,,,,,,,,,
98,1152,target_missing,0,,-1,,,,,,,,,,,
99,1172,target_missing,0,,-1,,,,,,,,,,,
100,1191,target_missing,0,,-1,,,,,,,,,,,"$CV1,11,1191,0,-1,0.0,0.0,0.0,0.000000,0.000000,0.000000*30"
101,1208,target_missing,0,,-1,,,,,,,,,,,
102,1225,target_missing,0,,-1,,,,,,,,,,,
103,1242,target_missing,0,,-1,,,,,,,,,,,
104,1258,target_missing,0,,-1,,,,,,,,,,,
105,1276,target_missing,0,,-1,,,,,,,,,,,
106,1292,target_missing,0,,-1,,,,,,,,,,,"$CV1,12,1292,0,-1,0.0,0.0,0.0,0.000000,0.000000,0.000000*33"
107,1308,target_missing,0,,-1,,,,,,,,,,,
108,1325,target_missing,0,,-1,,,,,,,,,,,
109,1341,target_missing,0,,-1,,,,,,,,,,,
110,1360,target_missing,0,,-1,,,,,,,,,,,
111,1384,target_missing,0,,-1,,,,,,,,,,,
112,1407,target_missing,0,,-1,,,,,,,,,,,"$CV1,13,1407,0,-1,0.0,0.0,0.0,0.000000,0.000000,0.000000*38"
113,1426,target_missing,0,,-1,,,,,,,,,,,
114,1447,target_missing,0,,-1,,,,,,,,,,,
115,1464,target_missing,0,,-1,,,,,,,,,,,
116,1481,target_missing,0,,-1,,,,,,,,,,,
117,1500,target_missing,0,,-1,,,,,,,,,,,
118,1518,target_missing,0,,-1,,,,,,,,,,,"$CV1,14,1518,0,-1,0.0,0.0,0.0,0.000000,0.000000,0.000000*30"
119,1539,target_missing,0,,-1,,,,,,,,,,,
120,1557,target_missing,0,,-1,,,,,,,,,,,
121,1574,target_missing,0,,-1,,,,,,,,,,,
122,1593,target_missing,0,,-1,,,,,,,,,,,
123,1612,target_missing,0,,-1,,,,,,,,,,,
124,1631,target_missing,0,,-1,,,,,,,,,,,"$CV1,15,1631,0,-1,0.0,0.0,0.0,0.000000,0.000000,0.000000*39"
125,1649,target_missing,0,,-1,,,,,,,,,,,
126,1668,target_missing,0,,-1,,,,,,,,,,,
127,1685,target_missing,0,,-1,,,,,,,,,,,
128,1703,target_missing,0,,-1,,,,,,,,,,,
129,1722,target_missing,0,,-1,,,,,,,,,,,
130,1740,target_missing,0,,-1,,,,,,,,,,,"$CV1,16,1740,0,-1,0.0,0.0,0.0,0.000000,0.000000,0.000000*3D"
131,1759,target_missing,0,,-1,,,,,,,,,,,
132,1778,target_missing,0,,-1,,,,,,,,,,,
133,1798,target_missing,0,,-1,,,,,,,,,,,
134,1817,target_missing,0,,-1,,,,,,,,,,,
135,1834,target_missing,0,,-1,,,,,,,,,,,
136,1853,target_missing,0,,-1,,,,,,,,,,,"$CV1,17,1853,0,-1,0.0,0.0,0.0,0.000000,0.000000,0.000000*31"
137,1869,target_missing,0,,-1,,,,,,,,,,,
138,1884,target_missing,0,,-1,,,,,,,,,,,
139,1903,valid,1,0,0,-0.062266,-0.020164,0.135408,0.150396,-0.156294,0.030229,-1.479577,0.092706 0.988908 0.116046 -0.992823 0.082965 0.086140 0.075557 -0.123198 0.989502,1.548e-05,10.527,
140,1922,valid,1,0,0,-0.060428,-0.020762,0.136457,0.150675,-0.155394,0.030128,-1.477838,0.094413 0.988824 0.115381 -0.992705 0.084781 0.085725 0.074985 -0.122633 0.989615,1.759e-05,11.239,
141,1942,valid,1,0,0,-0.061669,-0.022161,0.138152,0.152906,-0.138203,0.006560,-1.481423,0.090745 0.991870 0.089217 -0.992621 0.082849 0.088541 0.080429 -0.096593 0.992069,3.561e-05,15.922,
142,1958,target_missing,0,,-1,,,,,,,,,,,"$CV1,18,1958,0,-1,0.0,0.0,0.0,0.000000,0.000000,0.000000*34"
143,1975,target_missing,0,,-1,,,,,,,,,,,
144,1992,target_missing,0,,-1,,,,,,,,,,,
145,2009,target_missing,0,,-1,,,,,,,,,,,
146,2027,target_missing,0,,-1,,,,,,,,,,,
147,2046,target_missing,0,,-1,,,,,,,,,,,
148,2064,target_missing,0,,-1,,,,,,,,,,,"$CV1,19,2064,0,-1,0.0,0.0,0.0,0.000000,0.000000,0.000000*30"
149,2082,target_missing,0,,-1,,,,,,,,,,,
150,2098,target_missing,0,,-1,,,,,,,,,,,
151,2116,target_missing,0,,-1,,,,,,,,,,,
152,2133,target_missing,0,,-1,,,,,,,,,,,
153,2150,target_missing,0,,-1,,,,,,,,,,,
154,2170,target_missing,0,,-1,,,,,,,,,,,"$CV1,20,2170,0,-1,0.0,0.0,0.0,0.000000,0.000000,0.000000*3E"
155,2190,target_missing,0,,-1,,,,,,,,,,,
156,2208,valid,1,0,0,-0.054846,-0.020783,0.134943,0.147138,-0.129208,0.002865,-1.482681,0.089316 0.992681 0.081279 -0.992988 0.082403 0.084761 0.077443 -0.088280 0.993081,4.476e-05,18.272,
157,2227,valid,1,0,0,-0.054217,-0.020346,0.134340,0.146290,-0.134345,0.008015,-1.481784,0.090296 0.992033 0.087844 -0.992926 0.082845 0.085062 0.077107 -0.094903 0.992496,3.798e-05,16.919,
158,2246,valid,1,0,0,-0.053762,-0.019621,0.133448,0.145202,-0.138696,0.016855,-1.482069,0.090032 0.991259 0.096431 -0.993196 0.082182 0.082508 0.073862 -0.103203 0.991914,2.884e-05,14.865,
159,2265,valid,1,0,0,-0.053282,-0.018911,0.132643,0.144190,-0.142561,0.025899,-1.482551,0.089509 0.990451 0.104855 -0.993509 0.081371 0.079487 0.070196 -0.111289 0.991306,2.094e-05,12.762,
160,2285,valid,1,0,0,-0.052738,-0.018468,0.131981,0.143322,-0.144876,0.028857,-1.483309,0.088753 0.990152 0.108265 -0.993614 0.080408 0.079157 0.069672 -0.114599 0.990966,1.759e-05,11.758,"$CV1,21,2285,1,0,-52.7,-18.5,132.0,-0.144876,0.028857,-1.483309*1B"
161,2304,valid,1,0,0,-0.052198,-0.018234,0.131397,0.142556,-0.146417,0.027123,-1.483253,0.088877 0.990165 0.108047 -0.993453 0.080306 0.081249 0.071773 -0.114560 0.990820,1.752e-05,11.790,
162,2323,valid,1,0,0,-0.051688,-0.018111,0.130825,0.141826,-0.147375,0.022919,-1.482692,0.089528 0.990348 0.105807 -0.993145 0.080752 0.084506 0.075146 -0.112647 0.990789,1.964e-05,12.544,
163,2343,valid,1,0,0,-0.051219,-0.018016,0.130391,0.141243,-0.146232,0.019063,-1.483156,0.089094 0.990730 0.102545 -0.993039 0.080391 0.086089 0.077047 -0.109501 0.990996,2.172e-05,13.236,
164,2361,valid,1,0,0,-0.050685,-0.017808,0.129793,0.140472,-0.147302,0.016998,-1.483299,0.089002 0.990813 0.101823 -0.992886 0.080138 0.088059 0.079090 -0.108936 0.990897,2.239e-05,13.503,
165,2381,valid,1,0,0,-0.050069,-0.017541,0.129109,0.139584,-0.150429,0.016168,-1.482426,0.089952 0.990590 0.103151 -0.992604 0.080690 0.090698 0.081521 -0.110546 0.990522,2.222e-05,13.526,
166,2404,valid,1,0,0,-0.049528,-0.017429,0.128715,0.139012,-0.151431,0.014499,-1.481589,0.090825 0.990566 0.102619 -0.992384 0.081416 0.092441 0.083214 -0.110233 0.990416,2.328e-05,13.880,"$CV1,22,2404,1,0,-49.5,-17.4,128.7,-0.151431,0.014499,-1.481589*1B"
167,2423,valid,1,0,0,-0.049288,-0.017254,0.128164,0.138394,-0.155661,0.013837,-1.479934,0.092578 0.990185 0.104701 -0.991970 0.082619 0.095759 0.086169 -0.112726 0.989883,2.316e-05,13.888,
168,2442,valid,1,0,0,-0.049074,-0.017153,0.128163,0.138305,-0.158683,0.018762,-1.478101,0.094420 0.989461 0.109779 -0.991929 0.084131 0.094864 0.084629 -0.117850 0.989419,2.076e-05,13.137,
169,2461,valid,1,0,0,-0.049147,-0.017377,0.128941,0.139080,-0.160363,0.024968,-1.476507,0.095954 0.988731 0.114908 -0.992051 0.085551 0.092283 0.081413 -0.122849 0.989080,1.813e-05,12.182,
170,2480,valid,1,0,0,-0.049904,-0.017768,0.130246,0.140607,-0.162922,0.034454,-1.474273,0.098047 0.987582 0.122755 -0.992238 0.087530 0.088328 0.076486 -0.130462 0.988499,1.437e-05,10.722,
171,2498,valid,1,0,0,-0.050634,-0.017996,0.132540,0.143019,-0.165804,0.061729,-1.472661,0.098837 0.984813 0.142740 -0.993304 0.089014 0.073648 0.059824 -0.149064 0.987016,5.123e-06,6.323,
172,2515,valid,1,0,0,-0.052240,-0.016557,0.139542,0.149917,-0.135498,0.063867,-1.473478,0.097223 0.987279 0.125810 -0.994462 0.091296 0.052061 0.039913 -0.130175 0.990687,1.273e-06,3.011,"$CV1,23,2515,1,0,-52.2,-16.6,139.5,-0.135498,0.063867,-1.473478*19"
173,2533,valid,1,0,0,-0.054125,-0.014436,0.147105,0.157410,-0.140797,0.052445,-1.484893,0.086445 0.988814 0.121547 -0.994926 0.079379 0.061823 0.051483 -0.126274 0.990659,2.001e-06,3.628,
174,2549,valid,1,0,0,-0.054192,-0.011905,0.154226,0.163903,-0.147768,0.061971,-1.493227,0.077955 0.988146 0.132254 -0.995706 0.070527 0.059960 0.049921 -0.136360 0.989401,1.796e-06,3.277,
175,2565,valid,1,0,0,-0.052806,-0.009935,0.160397,0.169158,-0.170812,0.070080,-1.501835,0.069632 0.985952 0.151823 -0.995806 0.059645 0.069379 0.059349 -0.156018 0.985970,1.529e-06,2.972,
176,2581,valid,1,0,0,-0.050343,-0.008926,0.165835,0.173537,-0.189336,0.071421,-1.508638,0.063348 0.984399 0.164154 -0.995504 0.050723 0.079997 0.070423 -0.168484 0.983186,1.798e-06,3.123,
177,2597,valid,1,0,0,-0.049044,-0.008390,0.168704,0.175889,-0.189034,0.078739,-1.510469,0.061157 0.983755 0.168777 -0.995972 0.049037 0.075072 0.065577 -0.172688 0.982791,2.105e-06,3.322,
178,2613,valid,1,0,0,-0.047268,-0.008155,0.170080,0.176715,-0.196619,0.082887,-1.509926,0.061715 0.982434 0.176112 -0.995808 0.048671 0.077449 0.067516 -0.180154 0.981319,2.107e-06,3.290,
179,2628,valid,1,0,0,-0.045887,-0.008179,0.170166,0.176434,-0.200801,0.084221,-1.509196,0.062501 0.981766 0.179523 -0.995645 0.048867 0.079394 0.069174 -0.183704 0.980545,2.077e-06,3.275,"$CV1,24,2628,1,0,-45.9,-8.2,170.2,-0.200801,0.084221,-1.509196*2E"
180,2645,valid,1,0,0,-0.045513,-0.008582,0.169190,0.175415,-0.202375,0.080844,-1.506006,0.065904 0.981780 0.178225 -0.995218 0.051769 0.082834 0.072098 -0.182832 0.980497,2.394e-06,3.540,
181,2663,valid,1,0,0,-0.045163,-0.009198,0.166984,0.173228,-0.203002,0.078193,-1.502068,0.069974 0.981757 0.176799 -0.994807 0.055546 0.085282 0.073905 -0.181848 0.980545,2.532e-06,3.695,
182,2681,valid,1,0,0,-0.044752,-0.009815,0.164649,0.170904,-0.201270,0.079702,-1.498393,0.073486 0.981525 0.176662 -0.994727 0.059430 0.083585 0.071542 -0.181872 0.980716,2.495e-06,3.721,
183,2699,valid,1,0,0,-0.044655,-0.010441,0.162897,0.169229,-0.199697,0.078915,-1.493103,0.078726 0.981400 0.175087 -0.994389 0.064859 0.083571 0.070660 -0.180684 0.981000,2.346e-06,3.647,
184,2716,valid,1,0,0,-0.044241,-0.010784,0.162000,0.168278,-0.199967,0.078773,-1.489427,0.082389 0.981100 0.175085 -0.994095 0.068454 0.084198 0.070621 -0.180988 0.980946,2.153e-06,3.514,
185,2734,valid,1,0,0,-0.044033,-0.010842,0.161418,0.167667,-0.199269,0.079848,-1.488597,0.083133 0.980989 0.175355 -0.994118 0.069380 0.083158 0.069411 -0.181237 0.980987,1.979e-06,3.381,"$CV1,25,2734,1,0,-44.0,-10.8,161.4,-0.199269,0.079848,-1.488597*13"
186,2750,valid,1,0,0,-0.044193,-0.010558,0.161804,0.168063,-0.199042,0.081272,-1.490973,0.080693 0.981041 0.176202 -0.994381 0.067081 0.081895 0.068522 -0.181820 0.980941,1.796e-06,3.210,
187,2768,valid,1,0,0,-0.044608,-0.010043,0.162661,0.168966,-0.199021,0.081906,-1.495114,0.076549 0.981287 0.176682 -0.994715 0.062998 0.081079 0.068431 -0.181955 0.980923,1.685e-06,3.090,
188,2787,valid,1,0,0,-0.045078,-0.009567,0.163787,0.170146,-0.199464,0.081756,-1.499041,0.072675 0.981538 0.176923 -0.994957 0.059055 0.081072 0.069127 -0.181923 0.980880,1.748e-06,3.129,
189,2803,valid,1,0,0,-0.045561,-0.009153,0.164894,0.171317,-0.199350,0.082002,-1.502454,0.069270 0.981757 0.177075 -0.995197 0.055698 0.080507 0.069176 -0.181801 0.980899,1.757e-06,3.115,
190,2821,valid,1,0,0,-0.046033,-0.008867,0.165631,0.172138,-0.198376,0.082196,-1.505569,0.066135 0.982047 0.176662 -0.995443 0.052745 0.079446 0.068702 -0.181112 0.981060,1.854e-06,3.185,
191,2839,valid,1,0,0,-0.046530,-0.008832,0.166283,0.172896,-0.197788,0.082474,-1.507263,0.064419 0.982188 0.176513 -0.995583 0.051150 0.078725 0.068294 -0.180805 0.981145,1.985e-06,3.283,"$CV1,26,2839,1,0,-46.5,-8.8,166.3,-0.197788,0.082474,-1.507263*25"
192,2857,valid,1,0,0,-0.047020,-0.009070,0.166944,0.173676,-0.197582,0.082238,-1.506501,0.065182 0.982190 0.176221 -0.995536 0.051927 0.078813 0.068259 -0.180572 0.981190,2.018e-06,3.295,
193,2876,valid,1,0,0,-0.047590,-0.009618,0.167763,0.174647,-0.196571,0.081987,-1.504237,0.067412 0.982186 0.175403 -0.995432 0.054296 0.078537 0.067614 -0.179896 0.981359,1.981e-06,3.248,
194,2895,valid,1,0,0,-0.048279,-0.010329,0.169043,0.176105,-0.195298,0.083864,-1.499793,0.071680 0.981816 0.175783 -0.995292 0.058882 0.076979 0.065229 -0.180473 0.981415,1.984e-06,3.225,
195,2914,valid,1,0,0,-0.049080,-0.010900,0.171068,0.178302,-0.193584,0.086032,-1.495267,0.075997 0.981435 0.176094 -0.995156 0.063610 0.074961 0.062368 -0.180937 0.981515,2.077e-06,3.259,
196,2931,valid,1,0,0,-0.049973,-0.011039,0.174078,0.181445,-0.192673,0.088734,-1.492136,0.078918 0.980993 0.177273 -0.995088 0.066861 0.073000 0.059760 -0.182163 0.981451,1.933e-06,3.088,
197,2949,valid,1,0,0,-0.050958,-0.010473,0.177662,0.185122,-0.195472,0.089343,-1.491426,0.079673 0.980552 0.179361 -0.994952 0.067212 0.074524 0.061019 -0.184393 0.980957,2.149e-06,3.186,"$CV1,27,2949,1,0,-51.0,-10.5,177.7,-0.195472,0.089343,-1.491426*14"
198,2968,valid,1,0,0,-0.051835,-0.009593,0.181069,0.188586,-0.196756,0.092966,-1.492771,0.078160 0.980087 0.182541 -0.995162 0.065769 0.072987 0.059528 -0.187362 0.980485,2.148e-06,3.109,
199,2985,valid,1,0,0,-0.052584,-0.008296,0.184313,0.191847,-0.196730,0.090785,-1.497146,0.073952 0.980671 0.181152 -0.995374 0.061413 0.073881 0.061327 -0.185778 0.980676,2.591e-06,3.364,
200,3002,valid,1,0,0,-0.053154,-0.007330,0.187311,0.194845,-0.197472,0.086388,-1.502145,0.069273 0.981444 0.178796 -0.995471 0.056309 0.076593 0.065104 -0.183293 0.980900,2.887e-06,3.493,
201,3019,valid,1,0,0,-0.053863,-0.006877,0.189959,0.197568,-0.196164,0.089318,-1.499430,0.071756 0.981068 0.179878 -0.995485 0.059207 0.074194 0.062139 -0.184390 0.980887,2.524e-06,3.223,
202,3035,valid,1,0,0,-0.054819,-0.006963,0.192689,0.200456,-0.194959,0.087138,-1.496144,0.075106 0.981220 0.177669 -0.995211 0.062581 0.075086 0.062558 -0.182457 0.981222,2.615e-06,3.231,
203,3052,valid,1,0,0,-0.055610,-0.007009,0.194172,0.202099,-0.194532,0.086823,-1.493476,0.077758 0.981105 0.177162 -0.995025 0.065270 0.075266 0.062280 -0.182134 0.981299,2.764e-06,3.301,"$CV1,28,3052,1,0,-55.6,-7.0,194.2,-0.194532,0.086823,-1.493476*21"
204,3070,valid,1,0,0,-0.056315,-0.006992,0.195845,0.203901,-0.193184,0.087033,-1.493536,0.077645 0.981236 0.176483 -0.995094 0.065387 0.074250 0.061317 -0.181383 0.981499,2.849e-06,3.325,
205,3086,valid,1,0,0,-0.056828,-0.007324,0.197548,0.205690,-0.190740,0.086804,-1.489591,0.081496 0.981227 0.174793 -0.994888 0.069596 0.073176 0.059637 -0.179863 0.981882,3.030e-06,3.403,
206,3105,valid,1,0,0,-0.057195,-0.008053,0.199366,0.207564,-0.191647,0.084176,-1.481500,0.089697 0.980744 0.173481 -0.994082 0.077442 0.076177 0.061275 -0.179287 0.981887,2.984e-06,3.345,
207,3125,valid,1,0,0,-0.057528,-0.008676,0.201307,0.209545,-0.190181,0.085545,-1.472334,0.098658 0.979905 0.173360 -0.993388 0.086702 0.075252 0.058709 -0.179638 0.981979,3.047e-06,3.352,
208,3142,valid,1,0,0,-0.056986,-0.009080,0.203786,0.211798,-0.194849,0.089443,-1.466851,0.103996 0.978396 0.178679 -0.992857 0.091564 0.076493 0.058480 -0.185358 0.980929,3.353e-06,3.472,
209,3158,valid,1,0,0,-0.055676,-0.009294,0.205688,0.213293,-0.200128,0.090073,-1.461616,0.109298 0.977172 0.182176 -0.992147 0.096033 0.080139 0.060815 -0.189504 0.979995,3.042e-06,3.278,"$CV1,29,3158,1,0,-55.7,-9.3,205.7,-0.200128,0.090073,-1.461616*2B"
210,3176,valid,1,0,0,-0.055637,-0.009219,0.207069,0.214611,-0.201545,0.091538,-1.459619,0.111226 0.976619 0.183970 -0.991951 0.097829 0.080390 0.060513 -0.191430 0.979639,3.081e-06,3.281,
211,3194,valid,1,0,0,-0.056260,-0.009133,0.207824,0.215498,-0.200625,0.091012,-1.458750,0.112089 0.976692 0.183053 -0.991871 0.098803 0.080188 0.060233 -0.190553 0.979827,3.080e-06,3.272,
212,3211,valid,1,0,0,-0.056880,-0.009166,0.208360,0.216179,-0.199843,0.091117,-1.456321,0.114460 0.976499 0.182614 -0.991646 0.101302 0.079850 0.059474 -0.190228 0.979937,3.158e-06,3.308,
213,3228,valid,1,0,0,-0.057502,-0.008890,0.209097,0.217042,-0.200528,0.092247,-1.456400,0.114333 0.976295 0.183783 -0.991681 0.101148 0.079610 0.059133 -0.191356 0.979738,3.173e-06,3.307,
214,3247,valid,1,0,0,-0.058130,-0.008858,0.209715,0.217803,-0.200039,0.093463,-1.458013,0.112647 0.976387 0.184334 -0.991932 0.099643 0.078377 0.058159 -0.191676 0.979734,3.285e-06,3.358,
215,3264,valid,1,0,0,-0.058809,-0.008642,0.209808,0.218065,-0.198022,0.095570,-1.460221,0.110268 0.976613 0.184576 -0.992339 0.097770 0.075523 0.055710 -0.191489 0.979912,3.392e-06,3.414,"$CV1,30,3264,1,0,-58.8,-8.6,209.8,-0.198022,0.095570,-1.460221*21"
216,3282,valid,1,0,0,-0.059422,-0.008109,0.209717,0.218124,-0.196121,0.096101,-1.461423,0.108987 0.976901 0.183813 -0.992559 0.096845 0.073810 0.054304 -0.190489 0.980186,3.501e-06,3.471,
217,3299,valid,1,0,0,-0.059949,-0.007337,0.209872,0.218390,-0.195459,0.096372,-1.463016,0.107374 0.977116 0.183619 -0.992759 0.095367 0.073042 0.053859 -0.190133 0.980280,3.549e-06,3.494,
218,3316,valid,1,0,0,-0.060312,-0.006944,0.209984,0.218584,-0.194798,0.095770,-1.462946,0.107462 0.977256 0.182821 -0.992749 0.095514 0.072978 0.053856 -0.189337 0.980434,3.577e-06,3.506,
219,3333,valid,1,0,0,-0.060576,-0.007077,0.209841,0.218525,-0.193606,0.095912,-1.459986,0.110344 0.977057 0.182162 -0.992491 0.098590 0.072395 0.052775 -0.188782 0.980600,3.717e-06,3.577,
220,3350,valid,1,0,0,-0.060792,-0.007407,0.210150,0.218891,-0.192826,0.095736,-1.457965,0.112331 0.976945 0.181550 -0.992297 0.100681 0.072185 0.052242 -0.188261 0.980729,3.684e-06,3.557,
221,3367,valid,1,0,0,-0.060851,-0.007886,0.210433,0.219197,-0.192043,0.096040,-1.456798,0.113441 0.976868 0.181271 -0.992211 0.101938 0.071594 0.051459 -0.187981 0.980824,3.756e-06,3.587,"$CV1,31,3367,1,0,-60.9,-7.9,210.4,-0.192043,0.096040,-1.456798*26"
222,3384,valid,1,0,0,-0.060640,-0.008727,0.210715,0.219441,-0.190260,0.096471,-1.455100,0.115039 0.976829 0.180475 -0.992105 0.103848 0.070308 0.049937 -0.187138 0.981064,3.893e-06,3.646,
223,3403,valid,1,0,0,-0.060200,-0.009932,0.211197,0.219833,-0.188893,0.096690,-1.451204,0.118834 0.976507 0.179757 -0.991723 0.107866 0.069645 0.048619 -0.186545 0.981243,4.072e-06,3.719,
224,3421,valid,1,0,0,-0.059373,-0.011478,0.211135,0.219624,-0.189518,0.098610,-1.445804,0.124057 0.975561 0.181357 -0.991151 0.113132 0.069433 0.047219 -0.188366 0.980963,4.010e-06,3.690,
225,3438,valid,1,0,0,-0.058589,-0.012938,0.210912,0.219281,-0.190936,0.100082,-1.441764,0.127985 0.974719 0.183144 -0.990675 0.116946 0.069899 0.046714 -0.190383 0.980598,3.892e-06,3.639,
226,3459,valid,1,0,0,-0.058126,-0.013840,0.210646,0.218957,-0.190769,0.101453,-1.440525,0.129107 0.974418 0.183959 -0.990583 0.118208 0.069081 0.045568 -0.191145 0.980503,3.879e-06,3.636,
227,3477,valid,1,0,0,-0.058025,-0.014270,0.209967,0.218304,-0.191731,0.104832,-1.442162,0.127283 0.974111 0.186834 -0.990890 0.116526 0.067515 0.043997 -0.193725 0.980069,3.682e-06,3.558,"$CV1,32,3477,1,0,-58.0,-14.3,210.0,-0.191731,0.104832,-1.442162*1D"
228,3494,valid,1,0,0,-0.058200,-0.014346,0.209674,0.218074,-0.190946,0.106043,-1.445197,0.124178 0.974438 0.187218 -0.991329 0.113661 0.065943 0.042978 -0.193784 0.980102,3.694e-06,3.570,
229,3511,valid,1,0,0,-0.058291,-0.014292,0.209297,0.217732,-0.190423,0.106780,-1.448555,0.120795 0.974821 0.187437 -0.991769 0.110435 0.064801 0.042470 -0.193721 0.980137,3.669e-06,3.565,
230,3529,valid,1,0,0,-0.058274,-0.014036,0.208937,0.217365,-0.189762,0.107868,-1.451862,0.117432 0.975161 0.187805 -0.992208 0.107283 0.063358 0.041636 -0.193781 0.980161,3.720e-06,3.595,
231,3548,valid,1,0,0,-0.058132,-0.013638,0.208628,0.217005,-0.189337,0.108775,-1.453994,0.115248 0.975350 0.188178 -0.992492 0.105253 0.062303 0.040961 -0.193946 0.980157,3.819e-06,3.646,
232,3566,valid,1,0,0,-0.057985,-0.013425,0.208481,0.216810,-0.189304,0.107311,-1.454199,0.115152 0.975554 0.187177 -0.992462 0.105030 0.063153 0.041950 -0.193038 0.980294,3.767e-06,3.621,
233,3583,valid,1,0,0,-0.057872,-0.013249,0.208383,0.216675,-0.189401,0.106272,-1.454208,0.115221 0.975668 0.186537 -0.992421 0.104992 0.063850 0.042711 -0.192480 0.980371,3.707e-06,3.592,"$CV1,33,3583,1,0,-57.9,-13.2,208.4,-0.189401,0.106272,-1.454208*16"
234,3602,valid,1,0,0,-0.057726,-0.012974,0.208408,0.216644,-0.189221,0.106431,-1.455238,0.114187 0.975788 0.186546 -0.992546 0.104003 0.063528 0.042589 -0.192409 0.980390,3.729e-06,3.600,
235,3620,valid,1,0,0,-0.057519,-0.012840,0.208301,0.216478,-0.189072,0.105182,-1.455807,0.113710 0.976019 0.185624 -0.992566 0.103441 0.064132 0.043393 -0.191537 0.980526,3.735e-06,3.602,
236,3637,valid,1,0,0,-0.057296,-0.012909,0.208232,0.216357,-0.189549,0.104375,-1.455124,0.114456 0.975982 0.185360 -0.992446 0.104040 0.065013 0.044167 -0.191401 0.980518,3.716e-06,3.593,
237,3655,valid,1,0,0,-0.057066,-0.013066,0.208145,0.216221,-0.190637,0.103428,-1.453956,0.115708 0.975834 0.185361 -0.992247 0.105035 0.066435 0.045361 -0.191611 0.980422,3.779e-06,3.624,
238,3675,valid,1,0,0,-0.056903,-0.013276,0.208146,0.216192,-0.191304,0.102201,-1.453371,0.116392 0.975835 0.184928 -0.992112 0.105505 0.067689 0.046542 -0.191348 0.980418,3.638e-06,3.556,
239,3692,valid,1,0,0,-0.056758,-0.013636,0.208147,0.216177,-0.192254,0.100975,-1.451961,0.117896 0.975707 0.184654 -0.991874 0.106751 0.069214 0.047821 -0.191313 0.980363,3.634e-06,3.555,"$CV1,34,3692,1,0,-56.8,-13.6,208.1,-0.192254,0.100975,-1.451961*14"
240,3709,valid,1,0,0,-0.056598,-0.014046,0.208178,0.216191,-0.192341,0.100683,-1.450026,0.119830 0.975503 0.184486 -0.991638 0.108641 0.069645 0.047897 -0.191289 0.980364,3.617e-06,3.546,
241,3729,valid,1,0,0,-0.056399,-0.014308,0.208088,0.216070,-0.193420,0.099956,-1.448402,0.121515 0.975269 0.184618 -0.991385 0.110087 0.070976 0.048896 -0.191652 0.980244,3.599e-06,3.539,
242,3747,valid,1,0,0,-0.056228,-0.014374,0.207892,0.215841,-0.193752,0.098843,-1.446693,0.123287 0.975156 0.184042 -0.991126 0.111709 0.072048 0.049699 -0.191291 0.980274,3.619e-06,3.550,
243,3765,valid,1,0,0,-0.056225,-0.014207,0.207717,0.215661,-0.194917,0.097845,-1.445943,0.124129 0.975048 0.184050 -0.990954 0.112278 0.073512 0.051013 -0.191510 0.980164,3.568e-06,3.528,
244,3783,valid,1,0,0,-0.056356,-0.013854,0.207618,0.215576,-0.195664,0.097280,-1.446544,0.123595 0.975102 0.184121 -0.990974 0.111578 0.074296 0.051902 -0.191642 0.980092,3.490e-06,3.491,
245,3802,valid,1,0,0,-0.056521,-0.013436,0.207486,0.215466,-0.196246,0.097004,-1.447786,0.122405 0.975219 0.184298 -0.991088 0.110275 0.074728 0.052553 -0.191803 0.980025,3.585e-06,3.541,"$CV1,35,3802,1,0,-56.5,-13.4,207.5,-0.196246,0.097004,-1.447786*11"
246,3821,valid,1,0,0,-0.056766,-0.012997,0.207136,0.215166,-0.196649,0.096610,-1.449291,0.120956 0.975400 0.184295 -0.991231 0.108733 0.075084 0.053198 -0.191760 0.979999,3.578e-06,3.545,
247,3840,valid,1,0,0,-0.057105,-0.012578,0.206773,0.214882,-0.196769,0.095973,-1.450723,0.119588 0.975632 0.183958 -0.991363 0.107298 0.075406 0.053831 -0.191387 0.980037,3.524e-06,3.525,
248,3859,valid,1,0,0,-0.057526,-0.012086,0.206553,0.214755,-0.195868,0.095099,-1.452444,0.117918 0.976042 0.182859 -0.991552 0.105711 0.075161 0.054031 -0.190177 0.980262,3.528e-06,3.531,
249,3877,valid,1,0,0,-0.057809,-0.011777,0.206453,0.214717,-0.195341,0.093766,-1.453122,0.117319 0.976338 0.181658 -0.991588 0.105094 0.075552 0.054673 -0.188993 0.980455,3.579e-06,3.558,
250,3898,valid,1,0,0,-0.057971,-0.011706,0.206265,0.214577,-0.194477,0.092868,-1.452187,0.118273 0.976434 0.180524 -0.991475 0.106116 0.075614 0.054676 -0.187928 0.980660,3.613e-06,3.578,
251,3915,valid,1,0,0,-0.058103,-0.011719,0.206147,0.214500,-0.193813,0.091796,-1.450982,0.119511 0.976492 0.179388 -0.991314 0.107374 0.075942 0.054895 -0.186906 0.980843,3.544e-06,3.545,"$CV1,36,3915,1,0,-58.1,-11.7,206.1,-0.193813,0.091796,-1.450982*12"
252,3934,valid,1,0,0,-0.058247,-0.011660,0.206128,0.214517,-0.193174,0.090934,-1.450895,0.119632 0.976654 0.178424 -0.991289 0.107532 0.076047 0.055085 -0.185968 0.981011,3.563e-06,3.555,
253,3955,valid,1,0,0,-0.058367,-0.011711,0.206179,0.214601,-0.193645,0.089138,-1.450391,0.120254 0.976749 0.177486 -0.991132 0.107942 0.077504 0.056544 -0.185232 0.981067,3.566e-06,3.556,
254,3974,valid,1,0,0,-0.058490,-0.011694,0.206432,0.214877,-0.193132,0.089544,-1.449994,0.120606 0.976712 0.177448 -0.991124 0.108405 0.076953 0.055924 -0.185154 0.981117,3.497e-06,3.518,
255,3993,valid,1,0,0,-0.058536,-0.011575,0.206576,0.215021,-0.193471,0.089261,-1.450618,0.120017 0.976781 0.177469 -0.991170 0.107743 0.077291 0.056375 -0.185178 0.981087,3.562e-06,3.548,
256,4012,valid,1,0,0,-0.058533,-0.011365,0.206516,0.214952,-0.194009,0.089461,-1.450940,0.119703 0.976736 0.177930 -0.991196 0.107357 0.077498 0.056593 -0.185640 0.980987,3.652e-06,3.593,
257,4030,valid,1,0,0,-0.058552,-0.011103,0.206436,0.214866,-0.193997,0.089396,-1.451096,0.119552 0.976763 0.177881 -0.991211 0.107205 0.077514 0.056643 -0.185585 0.980994,3.651e-06,3.593,"$CV1,37,4030,1,0,-58.6,-11.1,206.4,-0.193997,0.089396,-1.451096*13"
258,4049,valid,1,0,0,-0.058602,-0.010788,0.206451,0.214878,-0.194330,0.089873,-1.451329,0.119303 0.976698 0.178405 -0.991247 0.106938 0.077423 0.056541 -0.186080 0.980906,3.612e-06,3.574,
259,4067,valid,1,0,0,-0.058698,-0.010459,0.206343,0.214784,-0.194511,0.088937,-1.452248,0.118457 0.976893 0.177898 -0.991301 0.105996 0.078023 0.057364 -0.185592 0.980951,3.677e-06,3.608,
260,4085,valid,1,0,0,-0.058805,-0.010043,0.206148,0.214607,-0.194772,0.088521,-1.453683,0.117072 0.977078 0.177798 -0.991433 0.104543 0.078309 0.057927 -0.185443 0.980946,3.727e-06,3.636,
261,4104,valid,1,0,0,-0.058881,-0.009570,0.206167,0.214624,-0.193746,0.088603,-1.454784,0.115948 0.977310 0.177260 -0.991599 0.103593 0.077464 0.057344 -0.184752 0.981111,3.728e-06,3.634,
262,4124,valid,1,0,0,-0.058935,-0.009309,0.206063,0.214528,-0.194121,0.087123,-1.454984,0.115851 0.977461 0.176491 -0.991537 0.103328 0.078597 0.058589 -0.184103 0.981159,3.723e-06,3.632,
263,4141,valid,1,0,0,-0.058939,-0.009009,0.206060,0.214512,-0.193795,0.087198,-1.455623,0.115204 0.977561 0.176358 -0.991624 0.102741 0.078271 0.058395 -0.183898 0.981209,3.664e-06,3.602,"$CV1,38,4141,1,0,-58.9,-9.0,206.1,-0.193795,0.087198,-1.455623*2B"
264,4159,valid,1,0,0,-0.058867,-0.008705,0.206094,0.214513,-0.194228,0.087082,-1.456152,0.114702 0.977586 0.176548 -0.991659 0.102162 0.078578 0.058781 -0.184088 0.981150,3.635e-06,3.587,
265,4178,valid,1,0,0,-0.058778,-0.008547,0.206160,0.214546,-0.193799,0.086996,-1.456454,0.114395 0.977678 0.176239 -0.991705 0.101919 0.078315 0.058604 -0.183736 0.981227,3.628e-06,3.581,
266,4197,valid,1,0,0,-0.058743,-0.008470,0.206174,0.214547,-0.193650,0.086317,-1.456074,0.114806 0.977729 0.175687 -0.991638 0.102304 0.078666 0.058941 -0.183249 0.981298,3.587e-06,3.560,
267,4216,valid,1,0,0,-0.058709,-0.008440,0.206195,0.214556,-0.193512,0.086413,-1.455909,0.114959 0.977715 0.175666 -0.991630 0.102486 0.078532 0.058779 -0.183223 0.981313,3.571e-06,3.552,
268,4235,valid,1,0,0,-0.058679,-0.008382,0.206213,0.214563,-0.193632,0.086256,-1.455963,0.114919 0.977725 0.175633 -0.991624 0.102415 0.078702 0.058962 -0.183206 0.981305,3.538e-06,3.535,
269,4253,valid,1,0,0,-0.058666,-0.008297,0.206155,0.214500,-0.193742,0.086204,-1.456458,0.114436 0.977775 0.175672 -0.991671 0.101912 0.078759 0.059106 -0.183222 0.981293,3.522e-06,3.527,"$CV1,39,4253,1,0,-58.7,-8.3,206.2,-0.193742,0.086204,-1.456458*25"
270,4271,valid,1,0,0,-0.058676,-0.008151,0.206087,0.214433,-0.193357,0.086299,-1.457566,0.113323 0.977931 0.175525 -0.991811 0.100871 0.078336 0.058902 -0.182965 0.981353,3.463e-06,3.498,
271,4291,valid,1,0,0,-0.058636,-0.008051,0.205980,0.214315,-0.193441,0.086216,-1.458165,0.112738 0.977998 0.175530 -0.991868 0.100269 0.078384 0.059059 -0.182940 0.981349,3.433e-06,3.483,
272,4309,valid,1,0,0,-0.058592,-0.007991,0.205853,0.214179,-0.193373,0.086583,-1.457986,0.112892 0.977943 0.175733 -0.991869 0.100459 0.078133 0.058755 -0.183124 0.981332,3.462e-06,3.500,
273,4327,valid,1,0,0,-0.058547,-0.007947,0.205788,0.214102,-0.193268,0.086735,-1.458138,0.112730 0.977955 0.175774 -0.991896 0.100326 0.077955 0.058602 -0.183138 0.981339,3.469e-06,3.505,
274,4345,valid,1,0,0,-0.058553,-0.007814,0.205803,0.214113,-0.193250,0.086222,-1.458758,0.112146 0.978084 0.175430 -0.991939 0.099710 0.078195 0.058989 -0.182786 0.981382,3.402e-06,3.470,
275,4365,valid,1,0,0,-0.058568,-0.007721,0.205754,0.214067,-0.193200,0.086380,-1.458567,0.112324 0.978050 0.175503 -0.991928 0.099907 0.078084 0.058836 -0.182857 0.981377,3.455e-06,3.498,"$CV1,40,4365,1,0,-58.6,-7.7,205.8,-0.193200,0.086380,-1.458567*21"
276,4383,valid,1,0,0,-0.058620,-0.007629,0.205691,0.214017,-0.193481,0.086452,-1.458840,0.112058 0.978041 0.175724 -0.991950 0.099601 0.078201 0.058981 -0.183072 0.981329,3.377e-06,3.460,
277,4401,valid,1,0,0,-0.058691,-0.007456,0.205770,0.214107,-0.193313,0.087049,-1.460196,0.110677 0.978140 0.176048 -0.992128 0.098295 0.077592 0.058591 -0.183250 0.981319,3.399e-06,3.470,
278,4419,valid,1,0,0,-0.058741,-0.007360,0.205953,0.214293,-0.192846,0.086007,-1.460990,0.109939 0.978396 0.175083 -0.992181 0.097559 0.077839 0.059076 -0.182271 0.981472,3.465e-06,3.499,
279,4436,valid,1,0,0,-0.058696,-0.007357,0.205965,0.214292,-0.192728,0.086930,-1.460296,0.110568 0.978229 0.175620 -0.992156 0.098271 0.077264 0.058324 -0.182785 0.981421,3.547e-06,3.542,
280,4453,valid,1,0,0,-0.058556,-0.007319,0.205992,0.214278,-0.192807,0.086319,-1.460652,0.110254 0.978329 0.175263 -0.992162 0.097901 0.077655 0.058814 -0.182451 0.981454,3.477e-06,3.503,
281,4470,valid,1,0,0,-0.058349,-0.007230,0.205819,0.214053,-0.192813,0.086499,-1.460444,0.110450 0.978285 0.175384 -0.992148 0.098108 0.077570 0.058679 -0.182574 0.981439,3.497e-06,3.516,"$CV1,41,4470,1,0,-58.3,-7.2,205.8,-0.192813,0.086499,-1.460444*2E"
282,4488,valid,1,0,0,-0.058214,-0.007193,0.205657,0.213859,-0.193127,0.086186,-1.459837,0.111077 0.978220 0.175351 -0.992057 0.098662 0.078029 0.059029 -0.182625 0.981409,3.415e-06,3.476,
283,4506,valid,1,0,0,-0.058149,-0.007088,0.205604,0.213786,-0.193608,0.085646,-1.459340,0.111615 0.978174 0.175268 -0.991960 0.099081 0.078728 0.059644 -0.182646 0.981368,3.435e-06,3.486,
284,4523,valid,1,0,0,-0.058130,-0.006958,0.205374,0.213556,-0.193950,0.085676,-1.459301,0.111662 0.978128 0.175492 -0.991944 0.099076 0.078942 0.059828 -0.182893 0.981311,3.413e-06,3.479,
285,4540,valid,1,0,0,-0.058222,-0.006633,0.205249,0.213450,-0.193230,0.086421,-1.460703,0.110210 0.978276 0.175585 -0.992155 0.097797 0.077870 0.059006 -0.182790 0.981380,3.408e-06,3.477,
286,4557,valid,1,0,0,-0.058361,-0.006289,0.205295,0.213522,-0.192978,0.086291,-1.462368,0.108563 0.978498 0.175376 -0.992332 0.096186 0.077619 0.059081 -0.182457 0.981437,3.456e-06,3.503,
287,4578,valid,1,0,0,-0.058467,-0.006210,0.205313,0.213566,-0.192458,0.085380,-1.462455,0.108515 0.978667 0.174455 -0.992319 0.096157 0.077821 0.059386 -0.181559 0.981585,3.407e-06,3.478,"$CV1,42,4578,1,0,-58.5,-6.2,205.3,-0.192458,0.085380,-1.462455*25"
288,4597,valid,1,0,0,-0.058585,-0.006242,0.205366,0.213651,-0.192540,0.085076,-1.462245,0.108743 0.978670 0.174296 -0.992280 0.096349 0.078082 0.059623 -0.181441 0.981593,3.364e-06,3.455,
289,4615,valid,1,0,0,-0.058583,-0.006210,0.205415,0.213696,-0.192558,0.085109,-1.462367,0.108620 0.978678 0.174332 -0.992294 0.096227 0.078062 0.059622 -0.181467 0.981588,3.417e-06,3.480,
290,4634,valid,1,0,0,-0.058574,-0.006245,0.205393,0.213673,-0.192342,0.085324,-1.462214,0.108753 0.978661 0.174343 -0.992296 0.096409 0.077801 0.059333 -0.181461 0.981607,3.462e-06,3.504,
291,4653,valid,1,0,0,-0.058549,-0.006224,0.205326,0.213601,-0.192585,0.085375,-1.462151,0.108820 0.978622 0.174523 -0.992283 0.096440 0.077938 0.059441 -0.181657 0.981564,3.292e-06,3.419,
292,4672,valid,1,0,0,-0.058442,-0.006206,0.205331,0.213576,-0.192416,0.084595,-1.462138,0.108872 0.978727 0.173898 -0.992252 0.096463 0.078304 0.059863 -0.181076 0.981646,3.368e-06,3.456,
293,4691,valid,1,0,0,-0.058236,-0.006217,0.205107,0.213305,-0.192134,0.084420,-1.460934,0.110065 0.978648 0.173590 -0.992129 0.097686 0.078339 0.059709 -0.180846 0.981697,3.367e-06,3.458,"$CV1,43,4691,1,0,-58.2,-6.2,205.1,-0.192134,0.084420,-1.460934*2E"
294,4710,valid,1,0,0,-0.058067,-0.006199,0.204890,0.213050,-0.192308,0.084344,-1.460038,0.110961 0.978540 0.173628 -0.992024 0.098546 0.078589 0.059792 -0.180963 0.981671,3.442e-06,3.498,
295,4730,valid,1,0,0,-0.058035,-0.006052,0.204650,0.212806,-0.193118,0.084600,-1.460206,0.110804 0.978441 0.174288 -0.992022 0.098277 0.078955 0.060124 -0.181646 0.981524,3.355e-06,3.457,
296,4750,valid,1,0,0,-0.058168,-0.005805,0.204728,0.212910,-0.192493,0.085563,-1.461550,0.109401 0.978546 0.174583 -0.992233 0.097047 0.077820 0.059208 -0.181741 0.981562,3.407e-06,3.484,
297,4770,valid,1,0,0,-0.058325,-0.005537,0.204936,0.213146,-0.192768,0.085671,-1.463504,0.107469 0.978712 0.174853 -0.992428 0.095085 0.077747 0.059466 -0.181885 0.981520,3.359e-06,3.458,
298,4788,valid,1,0,0,-0.058471,-0.005469,0.205098,0.213340,-0.192443,0.085065,-1.463971,0.107033 0.978865 0.174260 -0.992461 0.094659 0.077856 0.059716 -0.181280 0.981617,3.344e-06,3.447,
299,4805,valid,1,0,0,-0.058617,-0.005467,0.205259,0.213535,-0.192704,0.084831,-1.464596,0.106435 0.978929 0.174271 -0.992503 0.094005 0.078113 0.060084 -0.181279 0.981595,3.379e-06,3.463,"$CV1,44,4805,1,0,-58.6,-5.5,205.3,-0.192704,0.084831,-1.464596*21"
300,4822,valid,1,0,0,-0.058690,-0.005487,0.205391,0.213682,-0.192435,0.085012,-1.464933,0.106083 0.978973 0.174237 -0.992556 0.093709 0.077790 0.059826 -0.181192 0.981626,3.414e-06,3.479,
301,4841,valid,1,0,0,-0.058697,-0.005530,0.205428,0.213721,-0.192487,0.085096,-1.465261,0.105755 0.978992 0.174330 -0.992591 0.093380 0.077741 0.059829 -0.181260 0.981614,3.373e-06,3.458,
302,4859,valid,1,0,0,-0.058533,-0.005592,0.205465,0.213713,-0.192214,0.084928,-1.465690,0.105332 0.979085 0.174061 -0.992637 0.092991 0.077621 0.059811 -0.180955 0.981671,3.468e-06,3.504,
303,4878,valid,1,0,0,-0.058204,-0.005818,0.205305,0.213475,-0.192259,0.084924,-1.464517,0.106495 0.978959 0.174065 -0.992517 0.094142 0.077767 0.059744 -0.181044 0.981659,3.492e-06,3.517,
304,4897,valid,1,0,0,-0.057804,-0.006137,0.205024,0.213105,-0.191909,0.085180,-1.462453,0.108511 0.978750 0.173992 -0.992332 0.096226 0.077578 0.059187 -0.181076 0.981687,3.473e-06,3.510,
305,4914,valid,1,0,0,-0.057461,-0.006418,0.204776,0.212782,-0.192645,0.084720,-1.460615,0.110379 0.978524 0.174092 -0.992089 0.097938 0.078528 0.059791 -0.181383 0.981593,3.350e-06,3.453,"$CV1,45,4914,1,0,-57.5,-6.4,204.8,-0.192645,0.084720,-1.460615*22"
306,4931,valid,1,0,0,-0.057225,-0.006597,0.204457,0.212417,-0.193464,0.085357,-1.459881,0.111092 0.978281 0.174997 -0.992010 0.098563 0.078755 0.059797 -0.182348 0.981414,3.337e-06,3.450,
307,4949,valid,1,0,0,-0.057193,-0.006585,0.204441,0.212392,-0.193863,0.085411,-1.461032,0.109962 0.978356 0.175292 -0.992117 0.097377 0.078876 0.060100 -0.182584 0.981352,3.314e-06,3.437,
308,4968,valid,1,0,0,-0.057173,-0.006673,0.204315,0.212268,-0.194122,0.085264,-1.462172,0.108851 0.978467 0.175369 -0.992218 0.096217 0.079027 0.060452 -0.182606 0.981326,3.298e-06,3.437,
309,4986,valid,1,0,0,-0.057067,-0.006851,0.204313,0.212244,-0.192850,0.085804,-1.463052,0.107911 0.978640 0.174984 -0.992385 0.095522 0.077765 0.059389 -0.182043 0.981495,3.401e-06,3.486,
310,5004,valid,1,0,0,-0.056798,-0.007142,0.204246,0.212117,-0.192307,0.085009,-1.462434,0.108552 0.978724 0.174116 -0.992306 0.096191 0.077949 0.059542 -0.181237 0.981635,3.455e-06,3.511,
311,5023,valid,1,0,0,-0.056310,-0.007624,0.203811,0.211584,-0.193127,0.084085,-1.460193,0.110847 0.978496 0.173947 -0.991996 0.098283 0.079277 0.060476 -0.181342 0.981559,3.497e-06,3.541,"$CV1,46,5023,1,0,-56.3,-7.6,203.8,-0.193127,0.084085,-1.460193*2D"
312,5041,valid,1,0,0,-0.055689,-0.008247,0.202982,0.210644,-0.193788,0.084258,-1.455984,0.115018 0.977937 0.174382 -0.991525 0.102347 0.080022 0.060409 -0.182108 0.981421,3.372e-06,3.486,
313,5058,valid,1,0,0,-0.055263,-0.008616,0.202467,0.210050,-0.194783,0.083933,-1.453311,0.117709 0.977559 0.174707 -0.991172 0.104846 0.081146 0.061008 -0.182717 0.981271,3.231e-06,3.421,
314,5074,valid,1,0,0,-0.054963,-0.008749,0.202055,0.209579,-0.195357,0.083899,-1.451815,0.119206 0.977326 0.174998 -0.990978 0.106243 0.081697 0.061252 -0.183158 0.981173,3.217e-06,3.418,
315,5091,valid,1,0,0,-0.054871,-0.008717,0.201760,0.209270,-0.196100,0.084395,-1.451314,0.119696 0.977128 0.175766 -0.990915 0.106645 0.081942 0.061323 -0.183978 0.981016,3.105e-06,3.363,
316,5108,valid,1,0,0,-0.054998,-0.008393,0.201722,0.209254,-0.196343,0.084537,-1.452876,0.118150 0.977267 0.176037 -0.991089 0.105075 0.081865 0.061507 -0.184140 0.980974,3.012e-06,3.315,
317,5127,valid,1,0,0,-0.055270,-0.007960,0.201961,0.209539,-0.196120,0.084035,-1.455092,0.115982 0.977604 0.175609 -0.991321 0.102915 0.081803 0.061898 -0.183572 0.981055,2.953e-06,3.279,"$CV1,47,5127,1,0,-55.3,-8.0,202.0,-0.196120,0.084035,-1.455092*25"
318,5146,valid,1,0,0,-0.055560,-0.007478,0.202265,0.209890,-0.195639,0.084610,-1.456932,0.114117 0.977799 0.175743 -0.991570 0.101174 0.080951 0.061373 -0.183499 0.981102,2.987e-06,3.297,
319,5165,valid,1,0,0,-0.055858,-0.007049,0.202544,0.210224,-0.195408,0.084064,-1.459315,0.111785 0.978152 0.175282 -0.991809 0.098849 0.080896 0.061802 -0.182889 0.981189,2.836e-06,3.206,
320,5183,valid,1,0,0,-0.056103,-0.006631,0.202915,0.210633,-0.194560,0.084072,-1.461581,0.109517 0.978490 0.174822 -0.992082 0.096726 0.080104 0.061472 -0.182210 0.981336,2.944e-06,3.261,
321,5202,valid,1,0,0,-0.056180,-0.006349,0.203062,0.210786,-0.194147,0.084305,-1.463078,0.108010 0.978669 0.174758 -0.992265 0.095307 0.079541 0.061189 -0.181997 0.981393,3.001e-06,3.289,
322,5219,valid,1,0,0,-0.056165,-0.006287,0.203090,0.210806,-0.194135,0.084155,-1.463599,0.107503 0.978743 0.174660 -0.992312 0.094793 0.079574 0.061326 -0.181871 0.981408,3.102e-06,3.345,
323,5237,valid,1,0,0,-0.056103,-0.006298,0.203114,0.210814,-0.193407,0.083936,-1.463967,0.107129 0.978886 0.174083 -0.992368 0.094522 0.079188 0.061061 -0.181237 0.981542,3.064e-06,3.322,"$CV1,48,5237,1,0,-56.1,-6.3,203.1,-0.193407,0.083936,-1.463967*2A"
324,5256,valid,1,0,0,-0.056000,-0.006435,0.203024,0.210703,-0.193311,0.084196,-1.464095,0.106985 0.978881 0.174201 -0.992398 0.094412 0.078953 0.060839 -0.181324 0.981540,3.140e-06,3.364,
325,5276,valid,1,0,0,-0.055848,-0.006621,0.202895,0.210545,-0.193469,0.083838,-1.463716,0.107386 0.978864 0.174050 -0.992335 0.094761 0.079314 0.061144 -0.181233 0.981538,3.181e-06,3.386,
326,5295,valid,1,0,0,-0.055631,-0.006811,0.202604,0.210213,-0.194197,0.083779,-1.462524,0.108589 0.978665 0.174425 -0.992181 0.095840 0.079950 0.061528 -0.181743 0.981419,3.227e-06,3.414,
327,5315,valid,1,0,0,-0.055457,-0.006820,0.202305,0.209879,-0.194577,0.083896,-1.461991,0.109122 0.978552 0.174722 -0.992116 0.096318 0.080184 0.061635 -0.182094 0.981347,3.152e-06,3.380,
328,5337,valid,1,0,0,-0.055360,-0.006705,0.201858,0.209419,-0.194300,0.084578,-1.463034,0.108043 0.978617 0.175031 -0.992267 0.095335 0.079481 0.061095 -0.182265 0.981349,3.221e-06,3.420,
329,5358,valid,1,0,0,-0.055371,-0.006508,0.201648,0.209213,-0.194150,0.085456,-1.465358,0.105688 0.978777 0.175570 -0.992551 0.093074 0.078616 0.060607 -0.182571 0.981323,3.081e-06,3.354,"$CV1,49,5358,1,0,-55.4,-6.5,201.6,-0.194150,0.085456,-1.465358*2B"
330,5376,valid,1,0,0,-0.055372,-0.006315,0.201567,0.209129,-0.194243,0.085646,-1.467416,0.103643 0.978957 0.175788 -0.992760 0.091034 0.078360 0.060709 -0.182637 0.981304,3.070e-06,3.350,
331,5396,valid,1,0,0,-0.055354,-0.006271,0.201605,0.209160,-0.194147,0.085239,-1.468551,0.102540 0.979129 0.175479 -0.992856 0.089920 0.078435 0.061018 -0.182268 0.981354,3.066e-06,3.348,
332,5416,valid,1,0,0,-0.055302,-0.006343,0.201698,0.209238,-0.194154,0.085032,-1.468434,0.102668 0.979139 0.175343 -0.992834 0.090032 0.078578 0.061152 -0.182154 0.981367,3.057e-06,3.341,
333,5437,valid,1,0,0,-0.055208,-0.006458,0.201727,0.209245,-0.194268,0.084899,-1.467638,0.103467 0.979062 0.175308 -0.992746 0.090801 0.078813 0.061244 -0.182191 0.981354,3.021e-06,3.318,
334,5459,valid,1,0,0,-0.055105,-0.006518,0.201674,0.209168,-0.194798,0.084197,-1.466906,0.104247 0.979008 0.175144 -0.992618 0.091444 0.079666 0.061978 -0.182156 0.981314,3.038e-06,3.327,"$CV1,50,5459,1,0,-55.1,-6.5,201.7,-0.194798,0.084197,-1.466906*28"
335,5477,valid,1,0,0,-0.055036,-0.006510,0.201564,0.209044,-0.194460,0.084762,-1.466491,0.104616 0.978939 0.175311 -0.992618 0.091906 0.079137 0.061358 -0.182296 0.981327,2.967e-06,3.290,
336,5497,valid,1,0,0,-0.055099,-0.006379,0.201540,0.209034,-0.194986,0.084579,-1.467405,0.103737 0.978995 0.175521 -0.992678 0.090932 0.079508 0.061877 -0.182484 0.981260,2.928e-06,3.271,
337,5517,valid,1,0,0,-0.055254,-0.006277,0.201524,0.209055,-0.194770,0.084720,-1.467910,0.103223 0.979054 0.175495 -0.992743 0.090464 0.079228 0.061693 -0.182400 0.981287,2.938e-06,3.277,
338,5536,valid,1,0,0,-0.055440,-0.006099,0.201286,0.208871,-0.195887,0.084638,-1.468635,0.102545 0.979012 0.176124 -0.992764 0.089602 0.079948 0.062489 -0.183048 0.981116,2.954e-06,3.291,
339,5554,valid,1,0,0,-0.055637,-0.005850,0.201142,0.208777,-0.195392,0.085643,-1.470589,0.100537 0.979147 0.176532 -0.993020 0.087753 0.078812 0.061678 -0.183223 0.981135,2.986e-06,3.314,
340,5575,valid,1,0,0,-0.055740,-0.005765,0.201103,0.208764,-0.194613,0.085469,-1.471929,0.099196 0.979385 0.175970 -0.993170 0.086529 0.078271 0.061431 -0.182532 0.981279,3.021e-06,3.333,"$CV1,51,5575,1,0,-55.7,-5.8,201.1,-0.194613,0.085469,-1.471929*24"
341,5594,valid,1,0,0,-0.055702,-0.005956,0.201152,0.208807,-0.193428,0.084999,-1.470685,0.100420 0.979448 0.174923 -0.993078 0.087905 0.077897 0.060919 -0.181535 0.981496,3.018e-06,3.328,
342,5614,valid,1,0,0,-0.055558,-0.006231,0.201149,0.208774,-0.193539,0.084858,-1.469050,0.102050 0.979289 0.174868 -0.992911 0.089502 0.078217 0.060946 -0.181610 0.981480,3.025e-06,3.332,
343,5634,valid,1,0,0,-0.055372,-0.006477,0.201199,0.208780,-0.193665,0.084122,-1.467561,0.103570 0.979208 0.174426 -0.992726 0.090946 0.078896 0.061393 -0.181328 0.981504,3.002e-06,3.317,
344,5652,valid,1,0,0,-0.055291,-0.006622,0.201275,0.208836,-0.193736,0.084142,-1.466386,0.104734 0.979078 0.174460 -0.992608 0.092096 0.079045 0.061325 -0.181449 0.981486,2.959e-06,3.292,
345,5671,valid,1,0,0,-0.055359,-0.006663,0.201479,0.209053,-0.193896,0.084115,-1.466674,0.104455 0.979093 0.174544 -0.992629 0.091790 0.079141 0.061465 -0.181524 0.981464,2.898e-06,3.256,
346,5690,valid,1,0,0,-0.055489,-0.006664,0.201750,0.209348,-0.194121,0.084360,-1.467228,0.103899 0.979097 0.174853 -0.992686 0.091218 0.079085 0.061482 -0.181791 0.981413,2.938e-06,3.275,"$CV1,52,5690,1,0,-55.5,-6.7,201.7,-0.194121,0.084360,-1.467228*23"
347,5709,valid,1,0,0,-0.055620,-0.006634,0.202151,0.209768,-0.193819,0.085198,-1.467310,0.103761 0.979044 0.175233 -0.992746 0.091187 0.078364 0.060742 -0.182093 0.981403,2.934e-06,3.265,
348,5728,valid,1,0,0,-0.055726,-0.006660,0.202453,0.210088,-0.194366,0.084094,-1.467562,0.103591 0.979134 0.174828 -0.992696 0.090852 0.079378 0.061838 -0.181774 0.981394,3.024e-06,3.311,
349,5748,valid,1,0,0,-0.055840,-0.006656,0.202565,0.210226,-0.194508,0.084480,-1.467678,0.103458 0.979087 0.175173 -0.992720 0.090724 0.079224 0.061675 -0.182094 0.981345,2.974e-06,3.281,
350,5766,valid,1,0,0,-0.055960,-0.006612,0.202762,0.210446,-0.195057,0.084374,-1.468376,0.102790 0.979108 0.175444 -0.992760 0.089963 0.079585 0.062139 -0.182355 0.981267,3.067e-06,3.331,
351,5784,valid,1,0,0,-0.056027,-0.006710,0.202623,0.210333,-0.194520,0.084253,-1.468194,0.102961 0.979163 0.175038 -0.992759 0.090211 0.079321 0.061878 -0.181937 0.981361,3.116e-06,3.360,
352,5803,valid,1,0,0,-0.056020,-0.006786,0.202471,0.210188,-0.194286,0.084761,-1.468298,0.102823 0.979142 0.175238 -0.992803 0.090146 0.078845 0.061404 -0.182084 0.981364,3.122e-06,3.366,"$CV1,53,5803,1,0,-56.0,-6.8,202.5,-0.194286,0.084761,-1.468298*21"
353,5821,valid,1,0,0,-0.055908,-0.006900,0.202355,0.210050,-0.193905,0.084552,-1.468098,0.103021 0.979188 0.174866 -0.992789 0.090390 0.078740 0.061295 -0.181717 0.981439,3.154e-06,3.384,
354,5838,valid,1,0,0,-0.055722,-0.007174,0.202282,0.209939,-0.193422,0.084541,-1.466954,0.104139 0.979126 0.174549 -0.992696 0.091581 0.078537 0.060912 -0.181452 0.981511,3.093e-06,3.352,
355,5858,valid,1,0,0,-0.055573,-0.007452,0.202327,0.209952,-0.193763,0.084528,-1.465211,0.105875 0.978910 0.174714 -0.992508 0.093256 0.078942 0.060984 -0.181763 0.981449,3.013e-06,3.308,
356,5875,valid,1,0,0,-0.055505,-0.007729,0.202522,0.210133,-0.194467,0.084533,-1.463740,0.107352 0.978678 0.175114 -0.992330 0.094615 0.079550 0.061286 -0.182311 0.981329,3.105e-06,3.353,
357,5894,valid,1,0,0,-0.055535,-0.007842,0.202794,0.210407,-0.194815,0.084162,-1.463352,0.107768 0.978641 0.175067 -0.992259 0.094948 0.080047 0.061715 -0.182338 0.981297,2.892e-06,3.235,
358,5914,valid,1,0,0,-0.055607,-0.007834,0.202963,0.210588,-0.195595,0.084060,-1.464050,0.107106 0.978640 0.175479 -0.992293 0.094156 0.080559 0.062316 -0.182754 0.981182,3.055e-06,3.321,"$CV1,54,5914,1,0,-55.6,-7.8,203.0,-0.195595,0.084060,-1.464050*29"
359,5932,valid,1,0,0,-0.055631,-0.007778,0.203014,0.210641,-0.195674,0.084329,-1.464453,0.106694 0.978642 0.175714 -0.992343 0.093751 0.080407 0.062216 -0.182947 0.981152,3.102e-06,3.347,
360,5951,valid,1,0,0,-0.055588,-0.007654,0.203028,0.210640,-0.195374,0.084542,-1.464473,0.106654 0.978653 0.175677 -0.992368 0.093774 0.080075 0.061892 -0.182876 0.981186,3.105e-06,3.347,
361,5972,valid,1,0,0,-0.055505,-0.007476,0.203079,0.210661,-0.195178,0.084895,-1.465121,0.105986 0.978703 0.175808 -0.992458 0.093165 0.079666 0.061590 -0.182925 0.981196,3.061e-06,3.321,
362,5991,valid,1,0,0,-0.055379,-0.007318,0.203206,0.210744,-0.195085,0.084825,-1.465440,0.105671 0.978754 0.175710 -0.992491 0.092861 0.079615 0.061607 -0.182804 0.981217,3.090e-06,3.334,
363,6012,valid,1,0,0,-0.055245,-0.007224,0.203338,0.210833,-0.195058,0.085032,-1.465455,0.105644 0.978735 0.175833 -0.992503 0.092853 0.079470 0.061453 -0.182910 0.981207,3.057e-06,3.312,
364,6031,valid,1,0,0,-0.055153,-0.007048,0.203682,0.211134,-0.195119,0.085450,-1.466643,0.104446 0.978803 0.176170 -0.992639 0.091678 0.079138 0.061309 -0.183139 0.981173,3.007e-06,3.277,"$CV1,55,6031,1,0,-55.2,-7.0,203.7,-0.195119,0.085450,-1.466643*2E"
365,6050,valid,1,0,0,-0.055143,-0.006758,0.204306,0.211725,-0.194681,0.086171,-1.468896,0.102161 0.978998 0.176428 -0.992911 0.089523 0.078184 0.060747 -0.183164 0.981204,2.888e-06,3.202,
366,6070,valid,1,0,0,-0.055274,-0.006494,0.205409,0.212815,-0.195239,0.086066,-1.472923,0.098197 0.979343 0.176761 -0.993265 0.085475 0.078222 0.061497 -0.183252 0.981141,2.866e-06,3.177,
367,6089,valid,1,0,0,-0.055479,-0.006547,0.206499,0.213922,-0.194788,0.086392,-1.476072,0.095045 0.979654 0.176759 -0.993586 0.082429 0.077413 0.061268 -0.182983 0.981205,2.855e-06,3.158,
368,6108,valid,1,0,0,-0.055645,-0.006728,0.207705,0.215134,-0.194290,0.087703,-1.478722,0.092327 0.979804 0.177372 -0.993901 0.079895 0.076017 0.060311 -0.183308 0.981204,2.943e-06,3.186,
369,6126,valid,1,0,0,-0.055384,-0.007192,0.208846,0.216185,-0.196494,0.086267,-1.479976,0.091237 0.979834 0.177770 -0.993852 0.078349 0.078230 0.062724 -0.183814 0.980958,3.143e-06,3.276,
370,6145,valid,1,0,0,-0.054959,-0.008084,0.209724,0.216956,-0.196473,0.084668,-1.478651,0.092641 0.979900 0.176673 -0.993662 0.079639 0.079331 0.063666 -0.182903 0.981067,3.396e-06,3.394,"$CV1,56,6145,1,0,-55.0,-8.1,209.7,-0.196473,0.084668,-1.478651*27"
371,6162,valid,1,0,0,-0.054668,-0.009141,0.210147,0.217334,-0.197304,0.084814,-1.476160,0.095126 0.979562 0.177228 -0.993414 0.081990 0.080035 0.063869 -0.183674 0.980910,3.365e-06,3.372,
372,6179,valid,1,0,0,-0.054326,-0.010218,0.210532,0.217668,-0.198965,0.085495,-1.473781,0.097494 0.979073 0.178638 -0.993161 0.084128 0.080949 0.064227 -0.185308 0.980579,3.295e-06,3.331,
373,6196,valid,1,0,0,-0.053781,-0.011250,0.210897,0.217937,-0.200878,0.085711,-1.471864,0.099440 0.978646 0.179896 -0.992913 0.085766 0.082273 0.065087 -0.186803 0.980239,3.262e-06,3.312,
374,6213,valid,1,0,0,-0.053443,-0.012136,0.211015,0.218016,-0.201194,0.086440,-1.468710,0.102530 0.978214 0.180514 -0.992635 0.088844 0.082353 0.064521 -0.187628 0.980119,3.306e-06,3.331,
375,6229,valid,1,0,0,-0.053211,-0.012674,0.211001,0.217976,-0.202157,0.088904,-1.465717,0.105375 0.977509 0.182681 -0.992423 0.091699 0.081785 0.063194 -0.189915 0.979765,3.207e-06,3.279,
376,6247,valid,1,0,0,-0.053032,-0.012742,0.211609,0.218525,-0.202322,0.090445,-1.464128,0.106859 0.977142 0.183781 -0.992332 0.093264 0.081114 0.062120 -0.191040 0.979615,3.072e-06,3.198,"$CV1,57,6247,1,0,-53.0,-12.7,211.6,-0.202322,0.090445,-1.464128*15"
377,6263,valid,1,0,0,-0.052748,-0.012299,0.212418,0.219215,-0.204059,0.093075,-1.463696,0.107178 0.976578 0.186571 -0.992344 0.093490 0.080702 0.061369 -0.193792 0.979121,2.961e-06,3.127,
378,6281,valid,1,0,0,-0.052543,-0.011306,0.213657,0.220313,-0.206585,0.092792,-1.464622,0.106360 0.976411 0.187909 -0.992318 0.092225 0.082454 0.063179 -0.195235 0.978719,2.975e-06,3.118,
379,6297,valid,1,0,0,-0.052674,-0.009922,0.214952,0.221534,-0.207477,0.094267,-1.467260,0.103687 0.976396 0.189473 -0.992615 0.089523 0.081865 0.062970 -0.196562 0.978467,2.933e-06,3.077,
380,6313,valid,1,0,0,-0.053265,-0.008422,0.216317,0.222938,-0.206995,0.096038,-1.470452,0.100400 0.976556 0.190417 -0.993027 0.086471 0.080124 0.061780 -0.197133 0.978428,2.807e-06,2.993,
381,6329,valid,1,0,0,-0.054123,-0.006730,0.218234,0.224946,-0.205548,0.096877,-1.475867,0.094941 0.977146 0.190191 -0.993623 0.081344 0.078083 0.060828 -0.196391 0.978637,2.917e-06,3.028,
382,6346,valid,1,0,0,-0.054919,-0.005000,0.220401,0.227195,-0.204668,0.098614,-1.482959,0.087776 0.977675 0.190912 -0.994345 0.074493 0.075688 0.059777 -0.196476 0.978685,2.813e-06,2.946,
383,6363,valid,1,0,0,-0.055514,-0.003721,0.222703,0.229548,-0.204128,0.098705,-1.488077,0.082683 0.978157 0.190715 -0.994777 0.069515 0.074740 0.059850 -0.195899 0.978796,2.961e-06,2.993,"$CV1,58,6363,1,0,-55.5,-3.7,222.7,-0.204128,0.098705,-1.488077*27"
384,6379,valid,1,0,0,-0.056167,-0.002884,0.225179,0.232096,-0.203515,0.099180,-1.490871,0.079863 0.978396 0.190693 -0.995034 0.066847 0.073752 0.059411 -0.195636 0.978875,3.095e-06,3.029,
385,6395,valid,1,0,0,-0.056514,-0.002124,0.228226,0.235128,-0.201087,0.102265,-1.493982,0.076495 0.978549 0.191285 -0.995487 0.064149 0.069931 0.056160 -0.195771 0.979040,3.129e-06,3.006,
386,6411,valid,1,0,0,-0.055680,-0.001605,0.231433,0.238042,-0.203929,0.104919,-1.495647,0.074754 0.977998 0.194762 -0.995611 0.062168 0.069962 0.056315 -0.199137 0.978352,3.230e-06,3.015,
387,6429,valid,1,0,0,-0.054744,-0.001400,0.234317,0.240632,-0.206864,0.103144,-1.496510,0.074118 0.977922 0.195387 -0.995480 0.060887 0.072880 0.059374 -0.199905 0.978015,3.184e-06,2.953,
388,6445,valid,1,0,0,-0.053809,-0.001158,0.237493,0.243515,-0.204704,0.102548,-1.502797,0.067853 0.978700 0.193757 -0.995949 0.054957 0.071175 0.059011 -0.197802 0.978464,3.480e-06,3.038,
389,6462,valid,1,0,0,-0.051915,-0.000947,0.240733,0.246269,-0.217766,0.096146,-1.509353,0.062216 0.978303 0.197619 -0.995470 0.046564 0.082890 0.071890 -0.201881 0.976768,4.385e-06,3.368,
390,6478,valid,1,0,0,-0.049250,-0.000948,0.243060,0.248001,-0.221563,0.094846,-1.510873,0.060925 0.978081 0.199111 -0.995303 0.044496 0.085975 0.075231 -0.203414 0.976198,4.157e-06,3.237,"$CV1,59,6478,1,0,-49.2,-0.9,243.1,-0.221563,0.094846,-1.510873*29"
391,6495,valid,1,0,0,-0.047368,-0.000709,0.244938,0.249477,-0.225161,0.099038,-1.519877,0.051859 0.977563 0.204161 -0.995791 0.035147 0.084649 0.075574 -0.207692 0.975271,3.641e-06,3.007,
392,6511,valid,1,0,0,-0.045999,0.000072,0.247180,0.251423,-0.227572,0.103775,-1.531297,0.040305 0.977118 0.208843 -0.996361 0.023593 0.081903 0.075101 -0.211384 0.974513,3.499e-06,2.918,
393,6528,valid,1,0,0,-0.045301,0.000847,0.249506,0.253587,-0.229480,0.102454,-1.540154,0.031676 0.977340 0.209293 -0.996451 0.014539 0.082915 0.077993 -0.211177 0.974331,3.499e-06,2.890,
394,6546,valid,1,0,0,-0.044191,0.001058,0.251655,0.255508,-0.228725,0.115989,-1.541973,0.028890 0.975647 0.217437 -0.997196 0.013107 0.073681 0.069037 -0.218956 0.973289,3.110e-06,2.705,
395,6562,valid,1,0,0,-0.042641,0.001128,0.253333,0.256899,-0.242105,0.122288,-1.541396,0.029510 0.972834 0.229614 -0.996870 0.011788 0.078177 0.073346 -0.231203 0.970137,3.184e-06,2.735,
396,6578,valid,1,0,0,-0.041053,0.000987,0.255814,0.259089,-0.244570,0.114434,-1.540406,0.031192 0.973594 0.226144 -0.996323 0.012221 0.084806 0.079803 -0.227958 0.970395,3.141e-06,2.681,
397,6594,valid,1,0,0,-0.039453,0.000704,0.257488,0.260495,-0.243227,0.115985,-1.538648,0.032764 0.973510 0.226283 -0.996431 0.014195 0.083204 0.077787 -0.228202 0.970501,3.138e-06,2.656,"$CV1,60,6594,1,0,-39.5,0.7,257.5,-0.243227,0.115985,-1.538648*0B"
398,6611,valid,1,0,0,-0.037925,0.000437,0.258928,0.261691,-0.248879,0.118591,-1.536872,0.034561 0.972253 0.231365 -0.996238 0.015108 0.085331 0.079468 -0.233444 0.969118,3.229e-06,2.686,
399,6627,valid,1,0,0,-0.036497,0.000252,0.260327,0.262873,-0.252454,0.117064,-1.535621,0.036067 0.971913 0.232561 -0.995934 0.015735 0.088697 0.082547 -0.234814 0.968529,3.111e-06,2.619,
400,6644,valid,1,0,0,-0.035366,0.000153,0.261477,0.263858,-0.253207,0.117486,-1.534457,0.037220 0.971699 0.233270 -0.995886 0.016768 0.089054 0.082622 -0.235625 0.968326,3.101e-06,2.602,
401,6661,valid,1,0,0,-0.034904,0.000095,0.262491,0.264801,-0.255522,0.117673,-1.533787,0.037968 0.971304 0.234789 -0.995753 0.017053 0.090476 0.083875 -0.237227 0.967826,3.012e-06,2.557,
402,6678,valid,1,0,0,-0.034623,0.000215,0.263521,0.265786,-0.253163,0.114168,-1.537012,0.034934 0.972284 0.231178 -0.995769 0.014191 0.090790 0.084993 -0.233371 0.968666,3.033e-06,2.548,
403,6695,valid,1,0,0,-0.033595,0.000067,0.264995,0.267116,-0.248162,0.110456,-1.547490,0.024603 0.973833 0.225928 -0.996050 0.004591 0.088681 0.085323 -0.227217 0.970099,3.062e-06,2.535,"$CV1,61,6695,1,0,-33.6,0.1,265.0,-0.248162,0.110456,-1.547490*03"
404,6712,valid,1,0,0,-0.032817,-0.000489,0.265778,0.267797,-0.252739,0.108168,-1.555922,0.016597 0.973653 0.227429 -0.995757 -0.004496 0.091914 0.090515 -0.227990 0.969447,3.569e-06,2.739,
405,6728,valid,1,0,0,-0.032116,-0.001174,0.265117,0.267058,-0.262461,0.132338,-1.562731,0.008434 0.968581 0.248557 -0.996585 -0.012276 0.081653 0.082139 -0.248397 0.965170,2.420e-06,2.295,
406,6744,valid,1,0,0,-0.031110,-0.001668,0.265401,0.267223,-0.262104,0.143210,-1.569966,0.000309 0.966915 0.255098 -0.997112 -0.019075 0.073508 0.075942 -0.254384 0.964117,2.209e-06,2.213,
407,6762,valid,1,0,0,-0.029862,-0.002037,0.266442,0.268118,-0.264631,0.137606,-1.578407,-0.007434 0.967375 0.253240 -0.996603 -0.027939 0.077471 0.082019 -0.251804 0.964296,2.430e-06,2.310,
408,6778,valid,1,0,0,-0.028549,-0.002114,0.267315,0.268843,-0.268173,0.136768,-1.582626,-0.011371 0.966892 0.254932 -0.996292 -0.032698 0.079576 0.085277 -0.253082 0.963679,2.501e-06,2.339,
409,6795,valid,1,0,0,-0.027385,-0.001964,0.267786,0.269190,-0.264136,0.147628,-1.586331,-0.016191 0.965721 0.259076 -0.996944 -0.035397 0.069642 0.076425 -0.257156 0.963343,2.570e-06,2.360,
410,6811,valid,1,0,0,-0.026225,-0.001395,0.267916,0.269200,-0.255263,0.160500,-1.592443,-0.023878 0.964941 0.261379 -0.997692 -0.039625 0.055144 0.063568 -0.259459 0.963660,1.918e-06,2.025,"$CV1,62,6811,1,0,-26.2,-1.4,267.9,-0.255263,0.160500,-1.592443*2D"
411,6828,valid,1,0,0,-0.025379,-0.000431,0.267225,0.268427,-0.260240,0.171399,-1.594316,-0.026620 0.962206 0.271018 -0.997825 -0.041931 0.050861 0.060303 -0.269075 0.961230,1.551e-06,1.841,
412,6847,valid,1,0,0,-0.024967,0.000093,0.266811,0.267977,-0.271264,0.181184,-1.591938,-0.024818 0.958584 0.283727 -0.997825 -0.041089 0.051538 0.061061 -0.281831 0.957519,9.177e-07,1.426,
413,6866,valid,1,0,0,-0.025271,0.000524,0.265674,0.266874,-0.262835,0.211774,-1.589175,-0.026222 0.954539 0.296930 -0.998986 -0.035898 0.027179 0.036603 -0.295916 0.954512,2.357e-08,0.221,
414,6884,valid,1,0,0,-0.028339,0.001957,0.264919,0.266438,-0.243996,0.222742,-1.589981,-0.029347 0.956002 0.291890 -0.999408 -0.033308 0.008610 0.017954 -0.291464 0.956413,8.977e-08,0.448,
415,6901,valid,1,0,0,-0.030570,0.002738,0.262952,0.264737,-0.214656,0.242435,-1.589980,-0.033391 0.957781 0.285553 -0.999360 -0.028319 -0.021875 -0.012865 -0.286100 0.958113,1.029e-06,1.525,
416,6919,valid,1,0,0,-0.031110,0.003353,0.260735,0.262606,-0.183669,0.261987,-1.598166,-0.045600 0.959648 0.277480 -0.998015 -0.031686 -0.054427 -0.043439 -0.279412 0.959188,1.663e-06,1.936,"$CV1,63,6919,1,0,-31.1,3.4,260.7,-0.183669,0.261987,-1.598166*09"
417,6936,valid,1,0,0,-0.031511,0.004188,0.259033,0.260976,-0.161306,0.268933,-1.608600,-0.057688 0.961998 0.266893 -0.996498 -0.039275 -0.073825 -0.060537 -0.270217 0.960894,1.225e-06,1.675,
418,6954,valid,1,0,0,-0.033178,0.004392,0.255889,0.258068,-0.126509,0.286234,-1.613548,-0.066399 0.964725 0.254747 -0.993484 -0.040220 -0.106636 -0.092628 -0.260167 0.961110,1.789e-06,2.071,
419,6972,valid,1,0,0,-0.034517,0.004433,0.252565,0.254951,-0.107392,0.294614,-1.616380,-0.071071 0.966331 0.247293 -0.991438 -0.041208 -0.123908 -0.109545 -0.253982 0.960985,2.182e-06,2.322,
420,6991,valid,1,0,0,-0.035522,0.004067,0.248577,0.251136,-0.111310,0.284053,-1.618272,-0.070994 0.967310 0.243457 -0.992398 -0.043898 -0.114973 -0.100528 -0.249769 0.963073,1.827e-06,2.158,
421,7010,valid,1,0,0,-0.036259,0.003186,0.243101,0.245811,-0.113570,0.274192,-1.617398,-0.068417 0.968553 0.239217 -0.993278 -0.043690 -0.107188 -0.093366 -0.244943 0.965032,1.621e-06,2.073,
422,7029,valid,1,0,0,-0.037166,0.001759,0.236652,0.239559,-0.119267,0.241425,-1.615199,-0.060987 0.972739 0.223740 -0.995647 -0.043459 -0.082448 -0.070477 -0.227794 0.971155,7.797e-07,1.457,"$CV1,64,7029,1,0,-37.2,1.8,236.7,-0.119267,0.241425,-1.615199*05"
423,7054,valid,1,0,0,-0.037939,0.000347,0.228693,0.231819,-0.112267,0.224383,-1.616171,-0.059672 0.976067 0.209123 -0.996120 -0.044650 -0.075840 -0.064688 -0.212837 0.974944,3.967e-07,1.081,
424,7077,valid,1,0,0,-0.038267,-0.000940,0.221389,0.224673,-0.112670,0.206331,-1.619266,-0.060348 0.978255 0.198432 -0.996757 -0.048458 -0.064242 -0.053229 -0.201665 0.978007,1.770e-07,0.732,
425,7098,valid,1,0,0,-0.038609,-0.001977,0.214423,0.217880,-0.107260,0.187191,-1.622669,-0.061527 0.981120 0.183350 -0.997097 -0.052163 -0.055468 -0.044857 -0.186230 0.981482,3.698e-08,0.330,
426,7119,valid,1,0,0,-0.038775,-0.002438,0.207026,0.210640,-0.091505,0.177235,-1.629986,-0.067962 0.983627 0.166908 -0.996513 -0.058809 -0.059186 -0.048401 -0.170348 0.984194,3.198e-08,0.321,
427,7139,valid,1,0,0,-0.038738,-0.002918,0.200591,0.204318,-0.075974,0.173089,-1.635744,-0.073470 0.985317 0.154121 -0.995751 -0.063874 -0.066327 -0.055509 -0.158339 0.985823,6.821e-08,0.483,"$CV1,65,7139,1,0,-38.7,-2.9,200.6,-0.075974,0.173089,-1.635744*23"
428,7155,valid,1,0,0,-0.038701,-0.003765,0.194904,0.198745,-0.065077,0.165287,-1.636260,-0.073327 0.987090 0.142399 -0.995627 -0.064166 -0.067899 -0.057885 -0.146755 0.987478,1.200e-07,0.679,
429,7177,valid,1,0,0,-0.038482,-0.004633,0.189496,0.193419,-0.061650,0.155028,-1.635731,-0.071846 0.988364 0.134071 -0.995953 -0.063813 -0.063287 -0.053995 -0.138075 0.988949,2.651e-07,1.047,
430,7198,valid,1,0,0,-0.038296,-0.005183,0.184161,0.188172,-0.064990,0.137160,-1.636442,-0.070928 0.989559 0.125472 -0.996638 -0.065134 -0.049694 -0.041003 -0.128575 0.990852,6.097e-07,1.636,
431,7215,valid,1,0,0,-0.038064,-0.005314,0.179600,0.183666,-0.070068,0.115255,-1.639480,-0.072206 0.990683 0.115468 -0.997094 -0.068882 -0.032528 -0.024271 -0.117482 0.992778,9.468e-07,2.078,
432,7230,valid,1,0,0,-0.037812,-0.005390,0.175860,0.179959,-0.059789,0.114273,-1.640976,-0.073750 0.991394 0.108160 -0.996817 -0.069987 -0.038191 -0.030293 -0.110632 0.993400,1.131e-06,2.326,
433,7246,valid,1,0,0,-0.037375,-0.005600,0.172130,0.176230,-0.053745,0.117118,-1.639515,-0.072561 0.991715 0.106002 -0.996713 -0.068262 -0.043638 -0.036041 -0.108820 0.993408,1.436e-06,2.696,"$CV1,66,7246,1,0,-37.4,-5.6,172.1,-0.053745,0.117118,-1.639515*27"
434,7263,valid,1,0,0,-0.036488,-0.005884,0.168481,0.172488,-0.048602,0.115454,-1.636531,-0.069525 0.992375 0.101773 -0.996835 -0.065167 -0.045541 -0.038562 -0.104617 0.993765,1.868e-06,3.161,
435,7277,valid,1,0,0,-0.035362,-0.005923,0.165169,0.169016,-0.044575,0.114638,-1.633939,-0.066924 0.992858 0.098766 -0.996922 -0.062488 -0.047348 -0.040838 -0.101631 0.993984,2.014e-06,3.379,
436,7294,valid,1,0,0,-0.034274,-0.005828,0.161222,0.164928,-0.050564,0.105030,-1.635014,-0.067298 0.993026 0.096797 -0.997250 -0.063929 -0.037504 -0.031054 -0.099054 0.994597,2.410e-06,3.803,
437,7310,valid,1,0,0,-0.033880,-0.005154,0.157335,0.161024,-0.049132,0.091681,-1.643202,-0.074664 0.993358 0.087556 -0.996932 -0.072287 -0.030018 -0.023490 -0.089529 0.995707,2.787e-06,4.215,
438,7326,valid,1,0,0,-0.033612,-0.004646,0.154176,0.157866,-0.032755,0.092550,-1.647764,-0.079379 0.993845 0.077278 -0.996247 -0.076410 -0.040655 -0.034500 -0.080215 0.996180,2.997e-06,4.507,
439,7341,valid,1,0,0,-0.033350,-0.004484,0.151736,0.155422,-0.031745,0.087052,-1.648157,-0.079479 0.994138 0.073300 -0.996328 -0.076875 -0.037688 -0.031832 -0.076026 0.996598,3.374e-06,4.873,
440,7357,valid,1,0,0,-0.032728,-0.004097,0.149780,0.153369,-0.035233,0.081882,-1.649857,-0.080886 0.994089 0.072419 -0.996375 -0.078721 -0.032259 -0.026367 -0.074766 0.996852,3.781e-06,5.239,"$CV1,67,7357,1,0,-32.7,-4.1,149.8,-0.035233,0.081882,-1.649857*2A"
441,7372,valid,1,0,0,-0.032441,-0.003414,0.148337,0.151881,-0.036668,0.075827,-1.653524,-0.084238 0.994010 0.069627 -0.996211 -0.082494 -0.027549 -0.021640 -0.071683 0.997193,3.840e-06,5.341,
442,7389,valid,1,0,0,-0.032519,-0.003017,0.147266,0.150844,-0.030777,0.073984,-1.655108,-0.085769 0.994217 0.064631 -0.996018 -0.083978 -0.029933 -0.024332 -0.066941 0.997460,3.734e-06,5.331,
443,7405,valid,1,0,0,-0.032583,-0.002917,0.146590,0.150196,-0.022978,0.077284,-1.654226,-0.085081 0.994472 0.061533 -0.995877 -0.082927 -0.036760 -0.031454 -0.064407 0.997428,3.832e-06,5.443,
444,7423,valid,1,0,0,-0.032608,-0.002983,0.146498,0.150112,-0.016860,0.083476,-1.652546,-0.083732 0.994601 0.061298 -0.995715 -0.081086 -0.044451 -0.039240 -0.064757 0.997129,3.760e-06,5.411,
445,7441,valid,1,0,0,-0.032648,-0.002993,0.146679,0.150298,-0.014604,0.087830,-1.652870,-0.084285 0.994484 0.062425 -0.995500 -0.081317 -0.048663 -0.043318 -0.066246 0.996863,3.856e-06,5.466,
446,7458,valid,1,0,0,-0.032666,-0.002936,0.147700,0.151298,-0.020596,0.081199,-1.655104,-0.086151 0.994332 0.062298 -0.995655 -0.083711 -0.040777 -0.035331 -0.065540 0.997224,3.646e-06,5.266,"$CV1,68,7458,1,0,-32.7,-2.9,147.7,-0.020596,0.081199,-1.655104*2F"
447,7476,valid,1,0,0,-0.032772,-0.003160,0.149421,0.153006,-0.025700,0.077430,-1.653557,-0.084409 0.994411 0.063419 -0.995986 -0.082298 -0.035200 -0.029784 -0.066135 0.997366,3.420e-06,5.024,
448,7493,valid,1,0,0,-0.032837,-0.003296,0.152359,0.155892,-0.027775,0.083274,-1.651881,-0.083014 0.994203 0.068329 -0.996034 -0.080574 -0.037726 -0.032001 -0.071190 0.996949,3.125e-06,4.690,
449,7510,valid,1,0,0,-0.032828,-0.003425,0.156110,0.159561,-0.033330,0.093675,-1.649536,-0.081203 0.993619 0.078273 -0.996093 -0.078167 -0.041101 -0.034720 -0.081305 0.996084,2.717e-06,4.237,
450,7528,valid,1,0,0,-0.032568,-0.003091,0.159651,0.162969,-0.041025,0.109947,-1.648534,-0.081151 0.992345 0.093089 -0.995918 -0.077030 -0.047047 -0.039516 -0.096527 0.994546,2.406e-06,3.873,
451,7544,valid,1,0,0,-0.032317,-0.002406,0.163159,0.166346,-0.034752,0.132552,-1.648416,-0.082731 0.991283 0.102537 -0.994930 -0.076253 -0.065568 -0.057178 -0.107442 0.992566,1.793e-06,3.269,
452,7561,valid,1,0,0,-0.032400,-0.002205,0.166689,0.169823,-0.026078,0.154568,-1.647849,-0.084122 0.990359 0.110053 -0.993550 -0.074935 -0.085105 -0.076038 -0.116502 0.990275,1.174e-06,2.583,"$CV1,69,7561,1,0,-32.4,-2.2,166.7,-0.026078,0.154568,-1.647849*2D"
453,7577,valid,1,0,0,-0.032679,-0.002233,0.170460,0.173579,-0.019519,0.169085,-1.646942,-0.084664 0.989812 0.114475 -0.992424 -0.073502 -0.098451 -0.089033 -0.121943 0.988536,8.494e-07,2.143,
454,7592,valid,1,0,0,-0.033009,-0.002415,0.174902,0.178006,-0.019203,0.177561,-1.645041,-0.083666 0.989311 0.119434 -0.992010 -0.071333 -0.104056 -0.094425 -0.127185 0.987374,5.005e-07,1.601,
455,7608,valid,1,0,0,-0.033398,-0.002753,0.180065,0.183157,-0.027302,0.187687,-1.641354,-0.081094 0.988064 0.130967 -0.992124 -0.067436 -0.105558 -0.095466 -0.138495 0.985751,3.155e-07,1.221,
456,7624,valid,1,0,0,-0.033594,-0.002899,0.185648,0.188686,-0.037123,0.197142,-1.639277,-0.080076 0.986464 0.143093 -0.992264 -0.065224 -0.105635 -0.094872 -0.150445 0.984056,2.213e-07,0.980,
457,7640,valid,1,0,0,-0.033648,-0.003111,0.191517,0.194476,-0.044458,0.204591,-1.635729,-0.077413 0.985264 0.152517 -0.992477 -0.061601 -0.105807 -0.094853 -0.159560 0.982621,7.155e-08,0.545,
458,7655,valid,1,0,0,-0.033520,-0.003072,0.196949,0.199804,-0.037921,0.231963,-1.631763,-0.077159 0.983302 0.164814 -0.990278 -0.056393 -0.127158 -0.115740 -0.173023 0.978094,6.418e-08,0.476,
459,7670,valid,1,0,0,-0.033322,-0.002764,0.202302,0.205046,-0.046964,0.239863,-1.633214,-0.079644 0.981312 0.175167 -0.990239 -0.057722 -0.126868 -0.114386 -0.183562 0.976330,5.451e-08,0.426,"$CV1,70,7670,1,0,-33.3,-2.8,202.3,-0.046964,0.239863,-1.633214*22"
460,7686,valid,1,0,0,-0.033090,-0.001791,0.207064,0.209699,-0.047035,0.252982,-1.638811,-0.087104 0.979361 0.182384 -0.988770 -0.062676 -0.135666 -0.121435 -0.192153 0.973823,1.707e-07,0.749,
461,7701,valid,1,0,0,-0.032735,-0.000556,0.211842,0.214357,-0.058702,0.244315,-1.646782,-0.093542 0.978439 0.184141 -0.989756 -0.071351 -0.123663 -0.107858 -0.193822 0.975090,2.289e-07,0.856,
462,7715,valid,1,0,0,-0.032470,0.000062,0.218258,0.220660,-0.078594,0.226187,-1.648445,-0.092369 0.978142 0.186295 -0.992171 -0.074620 -0.100147 -0.084056 -0.194087 0.977376,1.277e-07,0.620,
463,7730,valid,1,0,0,-0.032151,0.000129,0.224063,0.226358,-0.084631,0.226868,-1.643037,-0.087036 0.977725 0.190995 -0.992898 -0.069529 -0.096536 -0.081105 -0.198041 0.976833,1.521e-07,0.636,
464,7746,valid,1,0,0,-0.031910,0.000187,0.229595,0.231802,-0.079387,0.237191,-1.640448,-0.086003 0.977253 0.193856 -0.992140 -0.066256 -0.106155 -0.090897 -0.201462 0.975270,2.696e-07,0.834,
465,7761,valid,1,0,0,-0.031569,0.000079,0.234563,0.236678,-0.080093,0.235790,-1.640984,-0.086322 0.977306 0.193449 -0.992234 -0.066882 -0.104870 -0.089551 -0.200999 0.975490,2.269e-07,0.770,
466,7776,valid,1,0,0,-0.031186,-0.000307,0.239870,0.241889,-0.090661,0.238022,-1.638563,-0.084082 0.975825 0.201733 -0.992891 -0.064930 -0.099758 -0.084248 -0.208686 0.974347,1.651e-07,0.663,"$CV1,71,7776,1,0,-31.2,-0.3,239.9,-0.090661,0.238022,-1.638563*2D"
467,7792,valid,1,0,0,-0.031044,-0.000997,0.244778,0.246741,-0.092298,0.262189,-1.630681,-0.079936 0.972774 0.217533 -0.991935 -0.056094 -0.113660 -0.098363 -0.224864 0.969413,5.995e-07,1.244,
468,7808,valid,1,0,0,-0.030873,-0.001041,0.248067,0.249983,-0.093461,0.268242,-1.630312,-0.080520 0.971755 0.221830 -0.991601 -0.055497 -0.116820 -0.101209 -0.229373 0.968062,9.282e-07,1.525,
469,7824,valid,1,0,0,-0.030589,-0.001121,0.250346,0.252211,-0.098261,0.256471,-1.634726,-0.082914 0.972495 0.217666 -0.992429 -0.060717 -0.106762 -0.090609 -0.224871 0.970167,5.091e-07,1.120,
470,7840,valid,1,0,0,-0.030325,-0.001762,0.253089,0.254905,-0.103605,0.248909,-1.634249,-0.081191 0.972853 0.216716 -0.993258 -0.060926 -0.098619 -0.082738 -0.223262 0.971241,2.846e-07,0.825,
471,7856,valid,1,0,0,-0.029797,-0.002571,0.255951,0.257693,-0.107661,0.254139,-1.630719,-0.078430 0.971741 0.222639 -0.993407 -0.057448 -0.099212 -0.083619 -0.228953 0.969839,4.065e-07,0.979,
472,7871,valid,1,0,0,-0.029172,-0.003417,0.258939,0.260600,-0.126540,0.253967,-1.625405,-0.072760 0.969277 0.234964 -0.994754 -0.053541 -0.087171 -0.071913 -0.240074 0.968087,4.132e-07,0.977,
473,7887,valid,1,0,0,-0.029104,-0.004061,0.260601,0.262252,-0.187350,0.222705,-1.612838,-0.054079 0.965236 0.255726 -0.998418 -0.048314 -0.028776 -0.015421 -0.256878 0.966321,5.029e-08,0.337,"$CV1,72,7887,1,0,-29.1,-4.1,260.6,-0.187350,0.222705,-1.612838*22"
474,7902,valid,1,0,0,-0.029873,-0.004082,0.262026,0.263755,-0.252208,0.184673,-1.598957,-0.033033 0.961175 0.273955 -0.998318 -0.044798 0.036798 0.047641 -0.272278 0.961038,6.774e-09,0.122,
475,7918,valid,1,0,0,-0.030692,-0.003944,0.264553,0.266357,-0.313961,0.135651,-1.587251,-0.013493 0.959188 0.282446 -0.993205 -0.045511 0.107106 0.115589 -0.279082 0.953285,6.689e-07,1.219,
476,7936,valid,1,0,0,-0.030759,-0.003794,0.266925,0.268718,-0.346417,0.073245,-1.582355,-0.002713 0.964474 0.264163 -0.984753 -0.048524 0.167053 0.173936 -0.259682 0.949901,1.469e-06,1.800,
477,7952,valid,1,0,0,-0.030754,-0.003749,0.266963,0.268755,-0.346798,0.059752,-1.581751,-0.001533 0.966649 0.256101 -0.983215 -0.048181 0.175973 0.182443 -0.251533 0.950498,1.460e-06,1.793,
478,7968,valid,1,0,0,-0.030866,-0.003680,0.265103,0.266919,-0.340092,0.093482,-1.583593,-0.005368 0.962083 0.272706 -0.987485 -0.048085 0.150202 0.157620 -0.268487 0.950300,1.570e-06,1.872,
479,7985,valid,1,0,0,-0.031114,-0.003711,0.264470,0.266320,-0.349070,0.094220,-1.584271,-0.005538 0.960371 0.278670 -0.986631 -0.050638 0.154906 0.162878 -0.274087 0.947812,1.862e-06,2.050,
480,8001,valid,1,0,0,-0.031292,-0.003870,0.265102,0.266971,-0.345914,0.081660,-1.586484,-0.007228 0.963061 0.269185 -0.985610 -0.052324 0.160735 0.168883 -0.264150 0.949581,1.516e-06,1.842,"$CV1,73,8001,1,0,-31.3,-3.9,265.1,-0.345914,0.081660,-1.586484*26"
481,8017,valid,1,0,0,-0.031398,-0.004227,0.266109,0.267989,-0.331724,0.074894,-1.586447,-0.007706 0.966556 0.256340 -0.986406 -0.049427 0.156714 0.164143 -0.251648 0.953798,1.196e-06,1.622,
482,8032,valid,1,0,0,-0.031378,-0.004743,0.266958,0.268838,-0.297300,0.081834,-1.587444,-0.010939 0.970865 0.239379 -0.990333 -0.043624 0.131672 0.138279 -0.235625 0.961956,9.109e-07,1.402,
483,8049,valid,1,0,0,-0.031101,-0.005285,0.268031,0.269881,-0.263979,0.081892,-1.585295,-0.010459 0.975744 0.218663 -0.993082 -0.035713 0.111863 0.116959 -0.215980 0.969367,7.022e-07,1.214,
484,8064,valid,1,0,0,-0.030681,-0.006062,0.267817,0.269637,-0.260341,0.077299,-1.582679,-0.007801 0.976914 0.213490 -0.993069 -0.032608 0.112920 0.117275 -0.211130 0.970397,7.504e-07,1.248,
485,8079,valid,1,0,0,-0.030196,-0.006834,0.267442,0.269228,-0.263842,0.075493,-1.578950,-0.003853 0.976729 0.214443 -0.992733 -0.029530 0.116661 0.120279 -0.212435 0.969744,7.753e-07,1.273,
486,8096,valid,1,0,0,-0.029610,-0.007708,0.266086,0.267839,-0.267025,0.076491,-1.574227,0.000933 0.976194 0.216898 -0.992624 -0.025391 0.118548 0.121234 -0.215408 0.968969,7.684e-07,1.282,
487,8111,valid,1,0,0,-0.029148,-0.008453,0.264679,0.266413,-0.268837,0.076863,-1.569949,0.005244 0.975908 0.218121 -0.992547 -0.021476 0.119953 0.121748 -0.217124 0.968522,6.639e-07,1.191,"$CV1,74,8111,1,0,-29.1,-8.5,264.7,-0.268837,0.076863,-1.569949*2C"
488,8126,valid,1,0,0,-0.028805,-0.008757,0.263626,0.265340,-0.269292,0.076800,-1.567896,0.007306 0.975855 0.218299 -0.992518 -0.019532 0.120529 0.121883 -0.217546 0.968410,6.894e-07,1.223,
489,8143,valid,1,0,0,-0.028718,-0.008871,0.262513,0.264228,-0.270883,0.077647,-1.567581,0.007651 0.975515 0.219802 -0.992461 -0.019481 0.121003 0.122322 -0.219070 0.968011,6.259e-07,1.168,
490,8159,valid,1,0,0,-0.028896,-0.010353,0.261110,0.262908,-0.268638,0.084607,-1.568299,0.006477 0.974849 0.222774 -0.993157 -0.019707 0.115109 0.116604 -0.221995 0.968050,5.614e-07,1.116,
491,8175,valid,1,0,0,-0.029061,-0.012803,0.260172,0.262103,-0.261825,0.089032,-1.570065,0.004169 0.975182 0.221364 -0.993956 -0.020244 0.107898 0.109702 -0.220476 0.969204,5.217e-07,1.078,
492,8191,valid,1,0,0,-0.029253,-0.014069,0.259391,0.261414,-0.259365,0.093838,-1.571854,0.002004 0.974846 0.222872 -0.994438 -0.021527 0.103104 0.105308 -0.221839 0.969380,5.786e-07,1.141,
493,8207,valid,1,0,0,-0.029519,-0.014235,0.259178,0.261242,-0.254538,0.097595,-1.573004,0.000422 0.974992 0.222241 -0.994986 -0.021819 0.097608 0.100016 -0.221167 0.970094,4.654e-07,1.022,
494,8222,valid,1,0,0,-0.030053,-0.015689,0.258904,0.261115,-0.249249,0.102463,-1.576359,-0.003447 0.975032 0.222038 -0.995571 -0.024207 0.090843 0.093950 -0.220742 0.970797,5.256e-07,1.088,"$CV1,75,8222,1,0,-30.1,-15.7,258.9,-0.249249,0.102463,-1.576359*12"
495,8238,valid,1,0,0,-0.030504,-0.016203,0.259182,0.261474,-0.246111,0.104844,-1.580236,-0.007584 0.975104 0.221620 -0.995835 -0.027501 0.086923 0.090854 -0.220038 0.971251,5.472e-07,1.108,
496,8253,valid,1,0,0,-0.030776,-0.017085,0.259218,0.261597,-0.242130,0.106876,-1.582060,-0.009701 0.975356 0.220422 -0.996140 -0.028657 0.082966 0.087238 -0.218766 0.971870,5.338e-07,1.094,
497,8268,valid,1,0,0,-0.030973,-0.017458,0.259341,0.261766,-0.241289,0.103885,-1.581423,-0.008906 0.975898 0.218043 -0.996036 -0.027957 0.084445 0.088506 -0.216427 0.972279,6.482e-07,1.205,
498,8284,valid,1,0,0,-0.031007,-0.017760,0.259369,0.261819,-0.239682,0.102287,-1.578813,-0.006280 0.976369 0.216021 -0.996080 -0.025168 0.084799 0.088232 -0.214642 0.972699,6.134e-07,1.172,
499,8300,valid,1,0,0,-0.030889,-0.018153,0.259407,0.261869,-0.238308,0.100896,-1.576458,-0.003911 0.976766 0.214273 -0.996112 -0.022663 0.085127 0.088005 -0.213107 0.973057,6.766e-07,1.230,
500,8317,valid,1,0,0,-0.030618,-0.018719,0.259880,0.262346,-0.237603,0.097761,-1.575553,-0.002845 0.977293 0.211875 -0.995989 -0.021719 0.086805 0.089435 -0.210778 0.973434,7.986e-07,1.333,
501,8332,valid,1,0,0,-0.030423,-0.019656,0.260466,0.262972,-0.237482,0.094066,-1.573548,-0.000636 0.977815 0.209471 -0.995806 -0.019783 0.089326 0.091488 -0.208535 0.973726,8.210e-07,1.349,"$CV1,76,8332,1,0,-30.4,-19.7,260.5,-0.237482,0.094066,-1.573548*1B"
502,8348,valid,1,0,0,-0.030245,-0.019217,0.261713,0.264155,-0.240852,0.083043,-1.567324,0.006302 0.978833 0.204564 -0.994969 -0.014316 0.099155 0.099985 -0.204160 0.973818,9.472e-07,1.433,
503,8364,valid,1,0,0,-0.030326,-0.017656,0.262923,0.265255,-0.246337,0.074358,-1.564004,0.010265 0.979240 0.202444 -0.994029 -0.012001 0.108450 0.108628 -0.202349 0.973270,8.904e-07,1.378,
504,8381,valid,1,0,0,-0.030584,-0.015604,0.264397,0.266617,-0.255041,0.062537,-1.563983,0.011175 0.979646 0.200421 -0.992521 -0.013500 0.121327 0.121563 -0.200278 0.972168,9.135e-07,1.373,
505,8397,valid,1,0,0,-0.030589,-0.014642,0.265420,0.267577,-0.263124,0.058484,-1.561996,0.013664 0.979122 0.202812 -0.991547 -0.012904 0.129105 0.129026 -0.202862 0.970670,8.508e-07,1.340,
506,8413,valid,1,0,0,-0.030151,-0.014402,0.266356,0.268443,-0.265332,0.054949,-1.557371,0.018484 0.979258 0.201774 -0.991043 -0.008750 0.133254 0.132256 -0.202430 0.970325,1.004e-06,1.448,
507,8429,valid,1,0,0,-0.029503,-0.014560,0.266946,0.268966,-0.269676,0.051577,-1.552752,0.023382 0.979078 0.202137 -0.990334 -0.004968 0.138615 0.136719 -0.203424 0.969498,9.778e-07,1.430,
508,8446,valid,1,0,0,-0.028477,-0.014463,0.266534,0.268441,-0.274636,0.052899,-1.551202,0.025106 0.978238 0.205962 -0.989996 -0.004285 0.141028 0.138841 -0.207443 0.968344,8.275e-07,1.323,"$CV1,77,8446,1,0,-28.5,-14.5,266.5,-0.274636,0.052899,-1.551202*1E"
509,8463,valid,1,0,0,-0.027952,-0.014786,0.265339,0.267217,-0.274896,0.053808,-1.549838,0.026440 0.978060 0.206638 -0.990036 -0.002979 0.140781 0.138308 -0.208302 0.968236,8.516e-07,1.354,
510,8479,valid,1,0,0,-0.027663,-0.014693,0.263800,0.265653,-0.272579,0.054891,-1.549737,0.026395 0.978219 0.205892 -0.990334 -0.002467 0.138680 0.136167 -0.207563 0.968698,7.910e-07,1.311,
511,8496,valid,1,0,0,-0.027727,-0.014031,0.262559,0.264392,-0.273666,0.056170,-1.550614,0.025530 0.977921 0.207407 -0.990365 -0.003506 0.138437 0.136108 -0.208943 0.968410,7.249e-07,1.262,
512,8512,valid,1,0,0,-0.028321,-0.012681,0.261772,0.263604,-0.276265,0.058458,-1.556223,0.020002 0.977349 0.210685 -0.990401 -0.009458 0.137899 0.136768 -0.211421 0.967779,5.648e-07,1.118,
513,8528,valid,1,0,0,-0.029920,-0.011330,0.261831,0.263778,-0.275574,0.059690,-1.563387,0.012815 0.977332 0.211323 -0.990600 -0.016376 0.135805 0.136187 -0.211077 0.967936,7.120e-07,1.250,
514,8544,valid,1,0,0,-0.032412,-0.010094,0.261729,0.263922,-0.269728,0.055660,-1.568531,0.007581 0.978652 0.205386 -0.990748 -0.020481 0.134159 0.135502 -0.204503 0.969442,6.843e-07,1.232,
515,8560,valid,1,0,0,-0.033901,-0.008752,0.261851,0.264182,-0.285813,0.060105,-1.575847,0.000935 0.975854 0.218422 -0.989656 -0.030431 0.140193 0.143455 -0.216294 0.965732,3.973e-07,0.941,"$CV1,78,8560,1,0,-33.9,-8.8,261.9,-0.285813,0.060105,-1.575847*2E"
516,8575,valid,1,0,0,-0.037583,-0.006578,0.262956,0.265710,-0.317546,0.058662,-1.587696,-0.009076 0.971295 0.237706 -0.986188 -0.048010 0.158520 0.165382 -0.232984 0.958315,8.884e-07,1.415,
517,8590,valid,1,0,0,-0.040937,-0.004530,0.264230,0.267420,-0.338338,0.056465,-1.598695,-0.018671 0.968123 0.249779 -0.983333 -0.062970 0.170563 0.180855 -0.242431 0.953162,1.431e-06,1.803,
518,8605,valid,1,0,0,-0.042838,-0.002860,0.266051,0.269493,-0.330116,0.052206,-1.604685,-0.024941 0.969855 0.242404 -0.983560 -0.067188 0.167618 0.178852 -0.234238 0.955586,1.395e-06,1.764,
519,8621,valid,1,0,0,-0.043266,-0.002270,0.267197,0.270686,-0.323523,0.051198,-1.605859,-0.026456 0.970966 0.237750 -0.984139 -0.067033 0.164249 0.175418 -0.229634 0.957338,1.598e-06,1.877,
520,8636,valid,1,0,0,-0.043461,-0.002278,0.267563,0.271079,-0.330059,0.049218,-1.603854,-0.024029 0.970348 0.240513 -0.983270 -0.066392 0.169624 0.180562 -0.232413 0.955710,1.630e-06,1.896,
521,8652,valid,1,0,0,-0.043367,-0.002569,0.267829,0.271329,-0.330568,0.051435,-1.604223,-0.024433 0.969920 0.242194 -0.983443 -0.066835 0.168444 0.179564 -0.234068 0.955494,1.773e-06,1.976,
522,8670,valid,1,0,0,-0.042377,-0.002929,0.268144,0.271487,-0.330368,0.055500,-1.603613,-0.023975 0.969352 0.244503 -0.983937 -0.066157 0.165807 0.176901 -0.236600 0.955367,1.635e-06,1.895,"$CV1,79,8670,1,0,-42.4,-2.9,268.1,-0.330368,0.055500,-1.603613*2E"
523,8686,valid,1,0,0,-0.041941,-0.003270,0.267381,0.270670,-0.342227,0.067220,-1.596800,-0.016975 0.965831 0.258617 -0.984149 -0.061806 0.166225 0.176529 -0.251696 0.951571,1.795e-06,2.004,
524,8701,valid,1,0,0,-0.042742,-0.002504,0.265418,0.268849,-0.363498,0.079709,-1.586946,-0.006490 0.960334 0.278777 -0.983435 -0.056631 0.172188 0.181146 -0.273042 0.944793,1.400e-06,1.784,
525,8716,valid,1,0,0,-0.043322,-0.001405,0.266663,0.270163,-0.332411,0.088049,-1.577329,0.000676 0.964403 0.264435 -0.987842 -0.040464 0.150100 0.155457 -0.261322 0.952651,1.225e-06,1.646,
526,8732,valid,1,0,0,-0.043452,-0.000855,0.266456,0.269977,-0.342259,0.076405,-1.571293,0.007819 0.964756 0.263029 -0.985724 -0.036804 0.164295 0.168185 -0.260558 0.950696,2.158e-06,2.200,
527,8747,valid,1,0,0,-0.043362,-0.000660,0.265542,0.269060,-0.359554,0.057555,-1.573804,0.007183 0.965011 0.262112 -0.981579 -0.043242 0.186101 0.190924 -0.258620 0.946923,3.184e-06,2.696,
528,8763,valid,1,0,0,-0.043879,-0.000022,0.264847,0.268457,-0.366583,0.062521,-1.581600,-0.000257 0.962888 0.269903 -0.981188 -0.052348 0.185820 0.193053 -0.264778 0.944788,2.528e-06,2.413,
529,8780,valid,1,0,0,-0.045266,0.001667,0.266351,0.270175,-0.352866,0.063895,-1.591249,-0.010702 0.964773 0.262867 -0.982743 -0.058696 0.175416 0.184666 -0.256453 0.948752,2.510e-06,2.387,"$CV1,80,8780,1,0,-45.3,1.7,266.4,-0.352866,0.063895,-1.591249*0B"
530,8796,valid,1,0,0,-0.046380,0.002638,0.264455,0.268504,-0.386005,0.072749,-1.589852,-0.007543 0.957469 0.288437 -0.979810 -0.064706 0.189172 0.199790 -0.281186 0.938626,4.256e-06,3.171,
531,8811,valid,1,0,0,-0.047188,0.003627,0.263327,0.267546,-0.415691,0.069664,-1.586019,-0.001546 0.952561 0.304342 -0.975577 -0.068286 0.208773 0.219652 -0.296587 0.929403,6.475e-06,3.955,
532,8828,valid,1,0,0,-0.047662,0.004676,0.263957,0.268266,-0.397164,0.095984,-1.587750,-0.005919 0.951006 0.309114 -0.981318 -0.064969 0.181089 0.192299 -0.302268 0.933625,4.581e-06,3.316,
533,8845,valid,1,0,0,-0.047752,0.004779,0.264346,0.268667,-0.416162,0.088851,-1.600079,-0.016265 0.948294 0.316977 -0.977558 -0.081676 0.194187 0.210036 -0.306705 0.928341,7.202e-06,4.147,
534,8861,valid,1,0,0,-0.047961,0.004303,0.264081,0.268436,-0.432301,0.100294,-1.613126,-0.028502 0.942071 0.334199 -0.976213 -0.098122 0.193341 0.214933 -0.320739 0.922459,1.057e-05,5.050,
535,8878,valid,1,0,0,-0.047660,0.003643,0.262521,0.266837,-0.433332,0.124890,-1.623598,-0.040348 0.936006 0.349664 -0.978472 -0.107900 0.175928 0.202399 -0.335038 0.920209,9.582e-06,4.852,
536,8895,valid,1,0,0,-0.047614,0.003535,0.263065,0.267363,-0.422963,0.110914,-1.630719,-0.047138 0.940828 0.335589 -0.977604 -0.112437 0.177900 0.205106 -0.319687 0.925057,7.700e-06,4.329,"$CV1,81,8895,1,0,-47.6,3.5,263.1,-0.422963,0.110914,-1.630719*07"
537,8912,valid,1,0,0,-0.047391,0.003757,0.263798,0.268048,-0.418982,0.086434,-1.637187,-0.052335 0.946220 0.319264 -0.974577 -0.118138 0.190378 0.217857 -0.301184 0.928346,6.463e-06,3.951,
538,8928,valid,1,0,0,-0.046086,0.003958,0.263310,0.267342,-0.385928,0.105753,-1.650675,-0.069139 0.947990 0.310700 -0.979888 -0.122972 0.157153 0.187187 -0.293585 0.937427,2.152e-06,2.257,
539,8944,valid,1,0,0,-0.043845,0.004348,0.265168,0.268804,-0.333736,0.099379,-1.647629,-0.069275 0.959106 0.274438 -0.985139 -0.109111 0.132648 0.157167 -0.261170 0.952412,6.315e-07,1.139,
540,8959,valid,1,0,0,-0.042033,0.004858,0.269591,0.272891,-0.277428,0.025858,-1.653268,-0.075317 0.977760 0.195737 -0.983403 -0.105326 0.147733 0.165064 -0.181362 0.969465,4.812e-08,0.320,
541,8975,valid,1,0,0,-0.039362,0.003788,0.267814,0.270718,-0.306405,0.016278,-1.652493,-0.072840 0.975299 0.208533 -0.979218 -0.109617 0.170636 0.189280 -0.191770 0.963015,1.964e-07,0.625,
542,8990,valid,1,0,0,-0.037391,0.003359,0.268075,0.270691,-0.278123,0.010353,-1.656265,-0.078078 0.979223 0.187154 -0.981486 -0.108434 0.157885 0.174898 -0.171362 0.969560,2.018e-07,0.644,
543,9006,valid,1,0,0,-0.035943,0.002724,0.267174,0.269595,-0.277205,0.019854,-1.660363,-0.082264 0.977866 0.192382 -0.982187 -0.112272 0.150680 0.168944 -0.176559 0.969683,3.619e-07,0.865,"$CV1,82,9006,1,0,-35.9,2.7,267.2,-0.277205,0.019854,-1.660363*05"
544,9022,valid,1,0,0,-0.034629,0.002060,0.264165,0.266433,-0.310649,0.039241,-1.665938,-0.086243 0.970439 0.225412 -0.979976 -0.123390 0.156276 0.179469 -0.207420 0.961648,4.086e-07,0.930,
545,9039,valid,1,0,0,-0.033548,0.001232,0.258971,0.261138,-0.361276,0.087377,-1.671639,-0.090402 0.954097 0.285530 -0.978665 -0.138223 0.152015 0.184503 -0.265696 0.946237,7.150e-07,1.228,
546,9057,valid,1,0,0,-0.032964,0.000612,0.256589,0.258698,-0.324870,0.134169,-1.676397,-0.100508 0.951901 0.289453 -0.985821 -0.134570 0.100239 0.134369 -0.275274 0.951929,6.138e-08,0.368,
547,9075,valid,1,0,0,-0.032548,0.000936,0.256826,0.258882,-0.263618,0.174001,-1.688439,-0.119405 0.954534 0.273143 -0.990178 -0.134642 0.037668 0.072732 -0.265962 0.961236,2.539e-07,0.767,
548,9090,valid,1,0,0,-0.032512,0.001306,0.257759,0.259805,-0.203954,0.197853,-1.694967,-0.131128 0.959807 0.248145 -0.991155 -0.132080 -0.012883 0.020410 -0.247640 0.968637,1.231e-06,1.654,
549,9107,valid,1,0,0,-0.032579,0.000470,0.253968,0.256049,-0.093224,0.282425,-1.695756,-0.146899 0.963564 0.223530 -0.983999 -0.119318 -0.132325 -0.100833 -0.239392 0.965673,3.767e-06,3.006,"$CV1,83,9107,1,0,-32.6,0.5,254.0,-0.093224,0.282425,-1.695756*07"
550,9124,valid,1,0,0,-0.032268,-0.000293,0.249725,0.251801,-0.008685,0.338135,-1.694864,-0.156811 0.967387 0.198927 -0.969662 -0.112559 -0.216993 -0.187525 -0.226919 0.955689,5.803e-06,3.788,
551,9140,valid,1,0,0,-0.031627,-0.000078,0.244254,0.246293,0.024231,0.344882,-1.700586,-0.163609 0.969941 0.180126 -0.963482 -0.117869 -0.240434 -0.211975 -0.212886 0.953806,2.828e-06,2.720,
552,9155,valid,1,0,0,-0.031462,-0.000603,0.235525,0.237618,0.039016,0.325332,-1.700556,-0.159755 0.974144 0.159755 -0.964323 -0.119396 -0.236275 -0.211092 -0.191801 0.958464,1.193e-06,1.805,
553,9172,valid,1,0,0,-0.031439,-0.001894,0.226659,0.228837,0.049116,0.299951,-1.696576,-0.151262 0.978575 0.139681 -0.967147 -0.117302 -0.225536 -0.204319 -0.169207 0.964170,6.165e-07,1.351,
554,9187,valid,1,0,0,-0.031475,-0.003425,0.218559,0.220840,0.046229,0.258897,-1.690355,-0.138607 0.983119 0.119437 -0.973799 -0.113341 -0.197153 -0.180288 -0.143634 0.973070,4.362e-07,1.131,
555,9203,valid,1,0,0,-0.031739,-0.005176,0.209577,0.212029,0.025866,0.213480,-1.683077,-0.125368 0.986236 0.107799 -0.981919 -0.107811 -0.155604 -0.141841 -0.125357 0.981920,1.879e-07,0.792,
556,9218,valid,1,0,0,-0.032233,-0.007102,0.199881,0.202588,0.013842,0.189128,-1.673340,-0.112938 0.988301 0.102495 -0.986247 -0.098975 -0.132369 -0.120676 -0.116035 0.985887,8.213e-09,0.179,"$CV1,84,9218,1,0,-32.2,-7.1,199.9,0.013842,0.189128,-1.673340*08"
557,9234,valid,1,0,0,-0.032933,-0.008601,0.191464,0.194466,0.003396,0.179606,-1.662036,-0.100744 0.989391 0.104669 -0.988911 -0.088042 -0.119599 -0.109115 -0.115557 0.987290,5.014e-08,0.440,
558,9249,valid,1,0,0,-0.033491,-0.009601,0.182851,0.186140,-0.024091,0.149001,-1.652357,-0.088095 0.990543 0.105186 -0.993381 -0.079548 -0.082865 -0.073714 -0.111790 0.990994,1.198e-07,0.738,
559,9263,valid,1,0,0,-0.033543,-0.009435,0.173414,0.176880,-0.021334,0.150082,-1.647636,-0.083520 0.991033 0.104302 -0.993567 -0.074784 -0.085036 -0.076473 -0.110734 0.990904,5.469e-07,1.668,
560,9278,valid,1,0,0,-0.033530,-0.008818,0.164524,0.168137,-0.025312,0.143402,-1.645975,-0.081263 0.991357 0.102998 -0.994232 -0.073371 -0.078226 -0.069992 -0.108760 0.991601,1.127e-06,2.518,
561,9291,valid,1,0,0,-0.033363,-0.007947,0.156064,0.159788,-0.026076,0.133587,-1.650310,-0.084745 0.991630 0.097409 -0.994387 -0.077953 -0.071545 -0.063353 -0.102925 0.992670,1.650e-06,3.277,
562,9306,valid,1,0,0,-0.032632,-0.006847,0.146324,0.150075,-0.025638,0.122571,-1.657546,-0.091086 0.991748 0.090213 -0.994231 -0.085411 -0.064885 -0.056644 -0.095603 0.993807,2.776e-06,4.573,
563,9320,target_missing,0,,-1,,,,,,,,,,,"$CV1,85,9320,0,-1,0.0,0.0,0.0,0.000000,0.000000,0.000000*3D"
564,9335,valid,1,0,0,-0.030747,-0.004440,0.130989,0.134622,-0.026772,0.082376,-1.678640,-0.109574 0.991761 0.066365 -0.993493 -0.107190 -0.038489 -0.031058 -0.070150 0.997053,6.195e-06,7.837,
565,9348,target_missing,0,,-1,,,,,,,,,,,
566,9361,target_missing,0,,-1,,,,,,,,,,,
567,9375,target_missing,0,,-1,,,,,,,,,,,
568,9389,target_missing,0,,-1,,,,,,,,,,,
569,9403,target_missing,0,,-1,,,,,,,,,,,
570,9418,target_missing,0,,-1,,,,,,,,,,,
571,9432,target_missing,0,,-1,,,,,,,,,,,"$CV1,86,9432,0,-1,0.0,0.0,0.0,0.000000,0.000000,0.000000*3A"
572,9447,target_missing,0,,-1,,,,,,,,,,,
573,9462,target_missing,0,,-1,,,,,,,,,,,
574,9476,target_missing,0,,-1,,,,,,,,,,,
575,9491,target_missing,0,,-1,,,,,,,,,,,
576,9506,target_missing,0,,-1,,,,,,,,,,,
577,9520,target_missing,0,,-1,,,,,,,,,,,
578,9535,target_missing,0,,-1,,,,,,,,,,,"$CV1,87,9535,0,-1,0.0,0.0,0.0,0.000000,0.000000,0.000000*3D"
579,9549,target_missing,0,,-1,,,,,,,,,,,
580,9563,valid,1,0,0,-0.031054,-0.002702,0.143945,0.147282,-0.023052,0.066535,-1.699151,-0.129242 0.990137 0.054092 -0.991335 -0.127720 -0.030710 -0.023499 -0.057592 0.998064,3.124e-06,5.043,
581,9577,valid,1,0,0,-0.030686,-0.002741,0.153484,0.156546,-0.013405,0.085286,-1.698611,-0.129571 0.989836 0.058613 -0.990729 -0.126801 -0.048758 -0.040830 -0.064388 0.997089,2.503e-06,4.225,
582,9591,valid,1,0,0,-0.030037,-0.002946,0.163879,0.166635,-0.031963,0.101922,-1.695483,-0.127300 0.988578 0.080678 -0.991123 -0.123640 -0.048862 -0.038328 -0.086182 0.995542,1.797e-06,3.277,
583,9607,valid,1,0,0,-0.029465,-0.003333,0.176721,0.179192,-0.041889,0.124061,-1.689289,-0.122559 0.987375 0.100348 -0.991442 -0.117224 -0.057464 -0.044975 -0.106532 0.993292,7.593e-07,1.962,
584,9622,valid,1,0,0,-0.028564,-0.003481,0.188464,0.190648,-0.022799,0.173327,-1.682397,-0.120163 0.985865 0.116748 -0.988960 -0.108602 -0.100810 -0.086706 -0.127573 0.988032,3.218e-07,1.194,
585,9637,valid,1,0,0,-0.027204,-0.003744,0.200058,0.201934,-0.043092,0.204998,-1.677268,-0.118490 0.981754 0.148727 -0.988675 -0.102756 -0.109380 -0.092102 -0.160003 0.982810,3.058e-07,1.032,"$CV1,88,9637,1,0,-27.2,-3.7,200.1,-0.043092,0.204998,-1.677268*27"
586,9652,valid,1,0,0,-0.025741,-0.004026,0.210999,0.212601,-0.055952,0.231594,-1.671947,-0.116540 0.978031 0.172840 -0.988188 -0.096747 -0.118848 -0.099516 -0.184649 0.977753,1.303e-07,0.599,
587,9670,valid,1,0,0,-0.024039,-0.004127,0.220092,0.221440,-0.058223,0.269194,-1.669038,-0.119192 0.973328 0.196027 -0.985602 -0.092143 -0.141767 -0.119923 -0.210102 0.970297,4.305e-07,1.135,
588,9686,valid,1,0,0,-0.022738,-0.004223,0.226770,0.227947,-0.090565,0.270865,-1.666697,-0.116692 0.968915 0.218143 -0.988130 -0.091170 -0.123640 -0.099908 -0.229981 0.968053,4.609e-07,1.143,
589,9704,valid,1,0,0,-0.021744,-0.004112,0.232009,0.233062,-0.089051,0.276117,-1.666788,-0.117652 0.968350 0.220127 -0.987605 -0.090905 -0.127953 -0.103893 -0.232453 0.967043,4.605e-07,1.100,
590,9720,valid,1,0,0,-0.020885,-0.004242,0.235951,0.236912,-0.081881,0.279478,-1.665766,-0.117320 0.968985 0.217496 -0.986910 -0.089355 -0.134257 -0.110659 -0.230400 0.966784,4.456e-07,1.052,
591,9736,valid,1,0,0,-0.020109,-0.004577,0.239772,0.240657,-0.091416,0.281377,-1.664188,-0.115927 0.967466 0.224877 -0.987619 -0.088186 -0.129736 -0.105685 -0.237132 0.965712,4.532e-07,1.054,
592,9752,valid,1,0,0,-0.019316,-0.004774,0.243815,0.244626,-0.098026,0.288221,-1.663067,-0.115855 0.965526 0.233105 -0.987658 -0.087081 -0.130183 -0.105396 -0.245310 0.963698,5.231e-07,1.100,"$CV1,89,9752,1,0,-19.3,-4.8,243.8,-0.098026,0.288221,-1.663067*22"
593,9768,valid,1,0,0,-0.018678,-0.005150,0.246387,0.247147,-0.142074,0.258501,-1.660625,-0.107649 0.963589 0.244762 -0.992394 -0.089359 -0.084671 -0.059716 -0.252015 0.965879,1.121e-07,0.521,
594,9784,valid,1,0,0,-0.018459,-0.005665,0.247202,0.247955,-0.171493,0.237244,-1.657049,-0.100132 0.962618 0.251676 -0.994565 -0.089580 -0.053068 -0.028539 -0.255622 0.966355,1.332e-07,0.558,
595,9799,valid,1,0,0,-0.018364,-0.005830,0.247590,0.248338,-0.174782,0.225221,-1.655160,-0.096517 0.964199 0.246991 -0.995138 -0.088588 -0.043042 -0.019621 -0.249944 0.968062,1.159e-07,0.528,
596,9815,valid,1,0,0,-0.018407,-0.005937,0.247407,0.248162,-0.161468,0.233744,-1.655489,-0.098431 0.964925 0.243376 -0.994587 -0.087207 -0.056499 -0.033293 -0.247620 0.968285,1.879e-07,0.671,
597,9832,valid,1,0,0,-0.018505,-0.005940,0.246709,0.247473,-0.143577,0.250338,-1.656410,-0.102244 0.965027 0.241389 -0.993261 -0.085726 -0.077994 -0.054573 -0.247737 0.967289,2.048e-07,0.703,
598,9848,valid,1,0,0,-0.018729,-0.006186,0.245908,0.246698,-0.135678,0.261179,-1.654920,-0.102638 0.964671 0.242644 -0.992511 -0.083073 -0.089559 -0.066238 -0.250019 0.965973,2.430e-07,0.764,
599,9864,valid,1,0,0,-0.019100,-0.006297,0.244171,0.244998,-0.117342,0.284283,-1.654679,-0.106581 0.963882 0.244074 -0.990073 -0.080260 -0.115383 -0.091626 -0.253949 0.962868,4.358e-07,1.022,"$CV1,90,9864,1,0,-19.1,-6.3,244.2,-0.117342,0.284283,-1.654679*28"
600,9880,valid,1,0,0,-0.019903,-0.006642,0.241778,0.242687,-0.107627,0.294126,-1.652267,-0.106117 0.964037 0.243663 -0.988901 -0.076691 -0.127249 -0.103986 -0.254462 0.961476,5.088e-07,1.122,
601,9896,valid,1,0,0,-0.021157,-0.006989,0.237098,0.238142,-0.092554,0.309768,-1.649177,-0.106186 0.964152 0.243179 -0.986678 -0.071854 -0.145955 -0.123249 -0.255438 0.958938,4.741e-07,1.088,
602,9911,valid,1,0,0,-0.022663,-0.007131,0.231212,0.232429,-0.090197,0.307293,-1.647304,-0.103946 0.965074 0.240474 -0.986867 -0.070020 -0.145570 -0.123648 -0.252447 0.959678,7.320e-07,1.378,
603,9927,valid,1,0,0,-0.024470,-0.007460,0.224503,0.225956,-0.111401,0.262428,-1.647566,-0.096194 0.968796 0.228432 -0.991824 -0.073958 -0.104000 -0.083860 -0.236568 0.967989,2.831e-07,0.871,
604,9944,valid,1,0,0,-0.026351,-0.007372,0.216086,0.217811,-0.095050,0.254512,-1.650897,-0.098571 0.972044 0.213106 -0.991093 -0.076624 -0.108917 -0.089543 -0.221944 0.970939,2.611e-07,0.899,
605,9960,valid,1,0,0,-0.028216,-0.007917,0.206765,0.208832,-0.097557,0.231440,-1.649062,-0.093377 0.975022 0.201524 -0.992828 -0.076009 -0.092279 -0.074657 -0.208695 0.975127,2.006e-07,0.809,
606,9976,valid,1,0,0,-0.029849,-0.008019,0.197258,0.199665,-0.107302,0.197126,-1.648111,-0.087848 0.978265 0.187833 -0.994968 -0.077051 -0.064045 -0.048180 -0.192514 0.980111,1.387e-07,0.701,"$CV1,91,9976,1,0,-29.8,-8.0,197.3,-0.107302,0.197126,-1.648111*2C"
607,9992,valid,1,0,0,-0.030988,-0.007162,0.187570,0.190247,-0.099821,0.184275,-1.653029,-0.091389 0.980285 0.175185 -0.994798 -0.081923 -0.060538 -0.044992 -0.179806 0.982673,3.277e-07,1.115,
608,10007,valid,1,0,0,-0.031872,-0.005651,0.177633,0.180558,-0.101667,0.165786,-1.662844,-0.099129 0.981293 0.165036 -0.994561 -0.092380 -0.048103 -0.031957 -0.168907 0.985114,8.499e-07,1.868,
609,10024,valid,1,0,0,-0.032659,-0.004625,0.168722,0.171916,-0.103908,0.142453,-1.669814,-0.103846 0.982827 0.152535 -0.994462 -0.100114 -0.031969 -0.016149 -0.155010 0.987781,7.698e-07,1.992,
610,10039,valid,1,0,0,-0.033364,-0.004040,0.160217,0.163704,-0.089097,0.140647,-1.672706,-0.106834 0.984127 0.141704 -0.993972 -0.102182 -0.039731 -0.024621 -0.145095 0.989111,8.247e-07,2.218,
611,10056,valid,1,0,0,-0.034182,-0.004161,0.151428,0.155293,-0.090639,0.128843,-1.669538,-0.102727 0.985381 0.135911 -0.994566 -0.099429 -0.030851 -0.016886 -0.138342 0.990241,1.336e-06,2.997,
612,10072,valid,1,0,0,-0.034630,-0.004791,0.141958,0.146200,-0.094703,0.104302,-1.666200,-0.097643 0.987441 0.124200 -0.995221 -0.096891 -0.012098 0.000088 -0.124787 0.992184,1.711e-06,3.646,
613,10088,valid,1,0,0,-0.034671,-0.005320,0.134389,0.138891,-0.085819,0.095951,-1.664085,-0.095199 0.988966 0.113504 -0.995458 -0.094473 -0.011770 -0.000917 -0.114109 0.993468,2.473e-06,4.709,"$CV1,92,10088,1,0,-34.7,-5.3,134.4,-0.085819,0.095951,-1.664085*1F"
614,10106,valid,1,0,0,-0.034530,-0.005854,0.127085,0.131823,-0.075349,0.095711,-1.659345,-0.090638 0.990158 0.106637 -0.995852 -0.089263 -0.017608 -0.007916 -0.107791 0.994142,3.936e-06,6.348,
615,10121,target_missing,0,,-1,,,,,,,,,,,
616,10137,target_missing,0,,-1,,,,,,,,,,,
617,10153,target_missing,0,,-1,,,,,,,,,,,
618,10168,target_missing,0,,-1,,,,,,,,,,,
619,10183,target_missing,0,,-1,,,,,,,,,,,
620,10198,target_missing,0,,-1,,,,,,,,,,,"$CV1,93,10198,0,-1,0.0,0.0,0.0,0.000000,0.000000,0.000000*03"
621,10213,target_missing,0,,-1,,,,,,,,,,,
622,10228,target_missing,0,,-1,,,,,,,,,,,
623,10245,target_missing,0,,-1,,,,,,,,,,,
624,10261,target_missing,0,,-1,,,,,,,,,,,
625,10279,target_missing,0,,-1,,,,,,,,,,,
626,10296,target_missing,0,,-1,,,,,,,,,,,
627,10312,target_missing,0,,-1,,,,,,,,,,,"$CV1,94,10312,0,-1,0.0,0.0,0.0,0.000000,0.000000,0.000000*04"
628,10327,target_missing,0,,-1,,,,,,,,,,,
629,10342,target_missing,0,,-1,,,,,,,,,,,
630,10357,target_missing,0,,-1,,,,,,,,,,,
631,10372,target_missing,0,,-1,,,,,,,,,,,
632,10386,target_missing,0,,-1,,,,,,,,,,,
633,10399,target_missing,0,,-1,,,,,,,,,,,
634,10413,target_missing,0,,-1,,,,,,,,,,,"$CV1,95,10413,0,-1,0.0,0.0,0.0,0.000000,0.000000,0.000000*03"
635,10428,valid,1,0,0,-0.026552,-0.002623,0.151465,0.153797,0.065987,0.115137,-1.718565,-0.150601 0.988349 0.022036 -0.982456 -0.147149 -0.114577 -0.110000 -0.038905 0.993170,2.768e-06,4.671,
636,10444,valid,1,0,0,-0.026028,-0.004426,0.163223,0.165345,0.054873,0.136348,-1.711686,-0.145487 0.988468 0.042017 -0.982654 -0.139435 -0.122266 -0.114997 -0.059076 0.991608,1.462e-06,3.104,
637,10459,valid,1,0,0,-0.025528,-0.007319,0.175267,0.177267,0.035431,0.152553,-1.696828,-0.132360 0.989050 0.065276 -0.984833 -0.123771 -0.121596 -0.112186 -0.080381 0.990431,7.987e-07,2.112,
638,10476,valid,1,0,0,-0.024937,-0.009852,0.187105,0.189017,0.028799,0.184164,-1.681956,-0.120834 0.988669 0.089062 -0.984517 -0.107880 -0.138163 -0.126990 -0.104378 0.986397,4.419e-07,1.456,
639,10492,valid,1,0,0,-0.024206,-0.011924,0.198839,0.200661,0.013590,0.209566,-1.671860,-0.113881 0.986857 0.114647 -0.984622 -0.096722 -0.145476 -0.132475 -0.129451 0.982697,1.593e-07,0.804,
640,10510,valid,1,0,0,-0.023354,-0.013981,0.209466,0.211227,-0.007273,0.237093,-1.660530,-0.106368 0.983654 0.145294 -0.985010 -0.084284 -0.150502 -0.135796 -0.159124 0.977875,4.830e-08,0.404,
641,10525,valid,1,0,0,-0.022614,-0.015509,0.218248,0.219964,-0.007758,0.278371,-1.652572,-0.104858 0.979809 0.170233 -0.981508 -0.074397 -0.176371 -0.160145 -0.185579 0.969492,6.060e-09,0.127,"$CV1,96,10525,1,0,-22.6,-15.5,218.2,-0.007758,0.278371,-1.652572*22"
642,10543,valid,1,0,0,-0.021792,-0.016930,0.225063,0.226748,-0.002407,0.311218,-1.647294,-0.105442 0.976844 0.186167 -0.977433 -0.067347 -0.200222 -0.183048 -0.203078 0.961901,7.101e-08,0.442,
643,10559,valid,1,0,0,-0.021139,-0.017616,0.229428,0.231073,-0.021973,0.304957,-1.645614,-0.102608 0.975328 0.195466 -0.980604 -0.066190 -0.184487 -0.166998 -0.210604 0.963202,1.404e-07,0.621,
644,10578,valid,1,0,0,-0.020608,-0.017744,0.232216,0.233803,-0.040378,0.279160,-1.645316,-0.097720 0.976399 0.192605 -0.985284 -0.067646 -0.156968 -0.140234 -0.205109 0.968641,5.617e-08,0.384,
645,10596,valid,1,0,0,-0.019846,-0.017543,0.234116,0.235610,-0.032907,0.278490,-1.649231,-0.101502 0.977107 0.186973 -0.984324 -0.071391 -0.161275 -0.144235 -0.200412 0.969036,8.435e-08,0.438,
646,10614,valid,1,0,0,-0.019083,-0.017351,0.236600,0.238002,-0.042307,0.268924,-1.654633,-0.105179 0.976713 0.187001 -0.985662 -0.077440 -0.149912 -0.131940 -0.200087 0.970854,4.886e-08,0.346,
647,10630,valid,1,0,0,-0.018195,-0.017506,0.240107,0.241430,-0.031782,0.289049,-1.654766,-0.108711 0.975419 0.191678 -0.982638 -0.076280 -0.169128 -0.150350 -0.206736 0.966776,3.539e-08,0.298,"$CV1,97,10630,1,0,-18.2,-17.5,240.1,-0.031782,0.289049,-1.654766*20"
648,10647,valid,1,0,0,-0.017002,-0.017924,0.243220,0.244471,-0.031082,0.307653,-1.652934,-0.110206 0.973164 0.202007 -0.980675 -0.073413 -0.181349 -0.161652 -0.218089 0.962448,7.062e-08,0.416,
649,10664,valid,1,0,0,-0.015818,-0.018363,0.245628,0.246821,-0.045103,0.311947,-1.650951,-0.108952 0.970798 0.213728 -0.981853 -0.071524 -0.175641 -0.155225 -0.228986 0.960974,1.163e-07,0.528,
650,10680,valid,1,0,0,-0.015290,-0.019124,0.246396,0.247609,-0.070889,0.285197,-1.645885,-0.098967 0.971440 0.215663 -0.987365 -0.068911 -0.142694 -0.123757 -0.227060 0.965986,5.141e-08,0.345,
651,10696,valid,1,0,0,-0.015214,-0.019543,0.246638,0.247879,-0.061413,0.282633,-1.644727,-0.097519 0.973209 0.208219 -0.986889 -0.067526 -0.146595 -0.128608 -0.219785 0.967034,3.837e-08,0.291,
652,10714,valid,1,0,0,-0.015272,-0.019631,0.246870,0.248119,-0.061561,0.277131,-1.643522,-0.095417 0.974042 0.205274 -0.987497 -0.066627 -0.142866 -0.125481 -0.216339 0.968221,5.453e-08,0.333,
653,10731,valid,1,0,0,-0.015397,-0.019368,0.247028,0.248264,-0.052026,0.287964,-1.644904,-0.098701 0.973727 0.205216 -0.985533 -0.067097 -0.155639 -0.137781 -0.217608 0.966262,6.147e-08,0.383,"$CV1,98,10731,1,0,-15.4,-19.4,247.0,-0.052026,0.287964,-1.644904*22"
654,10748,valid,1,0,0,-0.015416,-0.019136,0.247372,0.248590,-0.059662,0.289053,-1.644640,-0.098547 0.972553 0.210782 -0.986141 -0.067033 -0.151762 -0.133467 -0.222817 0.965681,7.369e-08,0.417,
655,10764,valid,1,0,0,-0.015240,-0.018789,0.246984,0.248166,-0.057904,0.300675,-1.645541,-0.101489 0.971062 0.216193 -0.984768 -0.067221 -0.160352 -0.141179 -0.229174 0.963093,1.677e-07,0.631,
656,10782,valid,1,0,0,-0.015463,-0.018579,0.245646,0.246833,-0.070956,0.306525,-1.644637,-0.101498 0.968356 0.228004 -0.985475 -0.066502 -0.156256 -0.136148 -0.240552 0.961040,1.915e-07,0.673,
657,10800,valid,1,0,0,-0.016164,-0.018353,0.242869,0.244098,-0.079555,0.311167,-1.643574,-0.101187 0.966406 0.236265 -0.985890 -0.065573 -0.154017 -0.133350 -0.248516 0.959405,3.003e-07,0.835,
658,10816,valid,1,0,0,-0.017447,-0.018123,0.237694,0.239021,-0.076932,0.311894,-1.643070,-0.100870 0.966734 0.235055 -0.985622 -0.064911 -0.155997 -0.135550 -0.247410 0.959382,2.479e-07,0.765,
659,10833,valid,1,0,0,-0.019110,-0.018128,0.230598,0.232098,-0.076733,0.303778,-1.639769,-0.096157 0.968269 0.230672 -0.986643 -0.062106 -0.150592 -0.131488 -0.242072 0.961308,2.371e-07,0.806,"$CV1,99,10833,1,0,-19.1,-18.1,230.6,-0.076733,0.303778,-1.639769*21"
660,10848,valid,1,0,0,-0.021052,-0.018297,0.222244,0.223987,-0.091606,0.263930,-1.635715,-0.085172 0.972302 0.217659 -0.991416 -0.060954 -0.115666 -0.099196 -0.225642 0.969147,1.575e-07,0.672,
661,10864,valid,1,0,0,-0.022976,-0.017815,0.212592,0.214571,-0.096018,0.225619,-1.637992,-0.081695 0.976801 0.197954 -0.993944 -0.065202 -0.088458 -0.073498 -0.203982 0.976212,1.307e-07,0.629,
662,10879,valid,1,0,0,-0.024730,-0.016750,0.202835,0.205022,-0.079028,0.213935,-1.642799,-0.085176 0.980004 0.179825 -0.993374 -0.069549 -0.091496 -0.077160 -0.186427 0.979434,2.757e-07,0.975,
663,10896,valid,1,0,0,-0.026326,-0.015869,0.192605,0.195043,-0.085298,0.177000,-1.646680,-0.084576 0.983182 0.161862 -0.995122 -0.075065 -0.064010 -0.050783 -0.166486 0.984735,3.473e-07,1.136,
664,10911,valid,1,0,0,-0.027610,-0.014642,0.182597,0.185252,-0.063158,0.163635,-1.652682,-0.089465 0.986203 0.139280 -0.994368 -0.080464 -0.068978 -0.056820 -0.144667 0.987848,3.780e-07,1.326,
665,10927,valid,1,0,0,-0.028941,-0.013824,0.172356,0.175315,-0.042907,0.152945,-1.654492,-0.090450 0.988684 0.119676 -0.993868 -0.081937 -0.074242 -0.063596 -0.125657 0.990033,7.867e-07,2.044,
666,10943,valid,1,0,0,-0.030321,-0.013425,0.162064,0.165422,-0.037609,0.124251,-1.654604,-0.088217 0.991153 0.099165 -0.994847 -0.082674 -0.058690 -0.049972 -0.103831 0.993339,1.262e-06,2.766,"$CV1,100,10943,1,0,-30.3,-13.4,162.1,-0.037609,0.124251,-1.654604*17"
667,10958,valid,1,0,0,-0.031366,-0.012819,0.152972,0.156680,-0.027845,0.098582,-1.656990,-0.088932 0.993028 0.077378 -0.995197 -0.085398 -0.047851 -0.040910 -0.081262 0.995853,1.875e-06,3.611,
668,10973,valid,1,0,0,-0.032047,-0.012418,0.144280,0.148317,-0.018972,0.080568,-1.658283,-0.089289 0.994151 0.060763 -0.995359 -0.086866 -0.041418 -0.035898 -0.064179 0.997293,3.311e-06,5.105,
669,10988,valid,1,0,0,-0.032418,-0.012405,0.134531,0.138937,-0.014400,0.055282,-1.656325,-0.086324 0.995353 0.042665 -0.995983 -0.085197 -0.027561 -0.023798 -0.044873 0.998709,4.839e-06,6.698,
670,11005,valid,1,0,0,-0.031840,-0.011597,0.128309,0.132708,0.045470,0.000057,-1.651079,-0.080001 0.996352 -0.029708 -0.996350 -0.080820 -0.027476 -0.029777 0.027401 0.999181,1.203e-05,11.625,
671,11021,valid,1,0,0,-0.030979,-0.010384,0.123251,0.127508,0.081719,-0.064177,-1.649176,-0.078914 0.992619 -0.092089 -0.996773 -0.079928 -0.007366 -0.014673 0.091211 0.995723,1.901e-05,15.880,
672,11037,target_missing,0,,-1,,,,,,,,,,,
673,11051,target_missing,0,,-1,,,,,,,,,,,"$CV1,101,11051,0,-1,0.0,0.0,0.0,0.000000,0.000000,0.000000*3C"
674,11068,target_missing,0,,-1,,,,,,,,,,,
675,11084,target_missing,0,,-1,,,,,,,,,,,
676,11100,target_missing,0,,-1,,,,,,,,,,,
677,11116,target_missing,0,,-1,,,,,,,,,,,
678,11132,target_missing,0,,-1,,,,,,,,,,,
679,11151,valid,1,0,0,-0.030958,-0.009092,0.121481,0.125693,0.106528,-0.045980,-1.653398,-0.082071 0.991865 -0.097300 -0.995740 -0.085723 -0.033962 -0.042026 0.094099 0.994675,2.181e-05,17.649,
680,11169,valid,1,0,0,-0.031415,-0.010214,0.124623,0.128926,0.091015,-0.031225,-1.653331,-0.081951 0.993554 -0.078325 -0.995803 -0.084843 -0.034330 -0.040754 0.075183 0.996337,1.787e-05,15.157,"$CV1,102,11169,1,0,-31.4,-10.2,124.6,0.091015,-0.031225,-1.653331*17"
681,11185,valid,1,0,0,-0.032552,-0.010973,0.128276,0.132796,0.060592,0.014495,-1.656981,-0.085793 0.995831 -0.030993 -0.995136 -0.087161 -0.045900 -0.048410 0.026905 0.998465,9.856e-06,10.535,
682,11203,valid,1,0,0,-0.033627,-0.011478,0.132991,0.137656,0.037266,0.051014,-1.662113,-0.091836 0.995756 0.006082 -0.994254 -0.091357 -0.055788 -0.054995 -0.011170 0.998424,6.224e-06,7.811,
683,11219,valid,1,0,0,-0.034262,-0.011692,0.139939,0.144546,0.037119,0.057256,-1.666122,-0.096029 0.995330 0.009786 -0.993654 -0.095279 -0.059776 -0.058565 -0.015464 0.998164,4.530e-06,6.301,
684,11236,valid,1,0,0,-0.034541,-0.011711,0.147967,0.152396,0.047311,0.072463,-1.668519,-0.098917 0.995023 0.012054 -0.992321 -0.097730 -0.075811 -0.074256 -0.019460 0.997049,3.730e-06,5.389,
685,11253,valid,1,0,0,-0.034430,-0.012040,0.156898,0.161082,0.038262,0.082039,-1.672056,-0.102946 0.994408 0.023552 -0.991937 -0.100873 -0.076713 -0.073908 -0.031259 0.996775,3.152e-06,4.612,
686,11268,valid,1,0,0,-0.034318,-0.013104,0.166976,0.170969,0.034916,0.099388,-1.670680,-0.102539 0.994074 0.036094 -0.991342 -0.099130 -0.086105 -0.082017 -0.044611 0.995632,1.521e-06,3.015,
687,11285,valid,1,0,0,-0.034056,-0.015186,0.178831,0.182677,0.054430,0.142192,-1.659521,-0.094380 0.994315 0.049302 -0.988209 -0.087573 -0.125598 -0.120566 -0.060574 0.990855,7.523e-07,1.976,"$CV1,103,11285,1,0,-34.1,-15.2,178.8,0.054430,0.142192,-1.659521*35"
688,11302,valid,1,0,0,-0.033249,-0.017433,0.189834,0.193511,0.035273,0.173145,-1.649903,-0.087935 0.992833 0.080931 -0.988005 -0.076576 -0.134101 -0.126943 -0.091753 0.987657,4.197e-07,1.370,
689,11319,valid,1,0,0,-0.032534,-0.019586,0.200907,0.204464,0.028963,0.201362,-1.642700,-0.084020 0.991190 0.102387 -0.986574 -0.068305 -0.148347 -0.140047 -0.113477 0.983621,7.772e-08,0.553,
690,11336,valid,1,0,0,-0.031256,-0.021573,0.210280,0.213682,0.046604,0.248377,-1.635064,-0.082725 0.989390 0.119434 -0.980225 -0.059163 -0.188833 -0.179764 -0.132694 0.974719,1.140e-08,0.189,
691,11352,valid,1,0,0,-0.029792,-0.023763,0.218240,0.221542,0.017387,0.258490,-1.628526,-0.078008 0.986344 0.145050 -0.982781 -0.051636 -0.177415 -0.167502 -0.156392 0.973388,7.432e-09,0.150,
692,11368,valid,1,0,0,-0.028607,-0.025810,0.225308,0.228578,0.007664,0.271238,-1.621099,-0.072768 0.984488 0.159651 -0.982837 -0.043577 -0.179255 -0.169517 -0.169955 0.970762,3.179e-08,0.301,
693,11384,valid,1,0,0,-0.027449,-0.027332,0.229853,0.233094,0.000145,0.273607,-1.616529,-0.068669 0.983665 0.166395 -0.983634 -0.038907 -0.175930 -0.166582 -0.175753 0.970238,2.549e-08,0.274,
694,11401,valid,1,0,0,-0.026206,-0.027953,0.232885,0.236016,-0.015145,0.271300,-1.615705,-0.067455 0.982265 0.174942 -0.985533 -0.038275 -0.165103 -0.155479 -0.183549 0.970637,3.326e-08,0.296,"$CV1,104,11401,1,0,-26.2,-28.0,232.9,-0.015145,0.271300,-1.615705*11"
695,11416,valid,1,0,0,-0.025539,-0.028908,0.236301,0.239429,-0.008475,0.272076,-1.612227,-0.064176 0.983092 0.171499 -0.984928 -0.034737 -0.169442 -0.160620 -0.179788 0.970504,6.835e-08,0.438,
696,11432,valid,1,0,0,-0.025146,-0.029340,0.238128,0.241243,-0.002860,0.259417,-1.612085,-0.061987 0.985103 0.160407 -0.985694 -0.035184 -0.164834 -0.156734 -0.168330 0.973190,3.012e-08,0.279,
697,11449,valid,1,0,0,-0.024373,-0.029711,0.239778,0.242838,-0.012066,0.249609,-1.611330,-0.059704 0.985220 0.160555 -0.987621 -0.034928 -0.152924 -0.145055 -0.167697 0.975109,1.100e-09,0.053,
698,11466,valid,1,0,0,-0.023656,-0.030558,0.243493,0.246540,-0.013872,0.259914,-1.605461,-0.055521 0.984146 0.168448 -0.987023 -0.028640 -0.158002 -0.150673 -0.175034 0.972965,1.027e-08,0.160,
699,11482,valid,1,0,0,-0.023166,-0.030929,0.246416,0.249428,-0.008273,0.277282,-1.603177,-0.056147 0.982886 0.175448 -0.984717 -0.025499 -0.172286 -0.164864 -0.182440 0.969296,1.127e-07,0.538,
700,11499,valid,1,0,0,-0.023123,-0.030964,0.246588,0.249598,-0.043992,0.258748,-1.600424,-0.050211 0.980987 0.187468 -0.990083 -0.024232 -0.138377 -0.131204 -0.192557 0.972475,3.327e-09,0.089,
701,11515,valid,1,0,0,-0.023448,-0.031011,0.246390,0.249438,-0.041426,0.256514,-1.600807,-0.050254 0.981554 0.184463 -0.990046 -0.024648 -0.138569 -0.131467 -0.189591 0.973022,5.531e-08,0.366,"$CV1,105,11515,1,0,-23.4,-31.0,246.4,-0.041426,0.256514,-1.600807*1F"
702,11530,valid,1,0,0,-0.023882,-0.030472,0.245886,0.248915,-0.026128,0.264243,-1.603176,-0.053921 0.982353 0.179093 -0.987866 -0.026319 -0.153063 -0.145648 -0.185173 0.971853,1.324e-07,0.553,
703,11545,valid,1,0,0,-0.024496,-0.029752,0.244552,0.247570,-0.011570,0.278224,-1.605758,-0.058840 0.982301 0.177829 -0.984867 -0.028032 -0.171027 -0.163015 -0.185201 0.969085,1.089e-07,0.532,
704,11563,valid,1,0,0,-0.025269,-0.029565,0.243102,0.246194,0.001412,0.291825,-1.604837,-0.060321 0.982238 0.177678 -0.981910 -0.026384 -0.187502 -0.179484 -0.185774 0.966061,1.230e-07,0.569,
705,11580,valid,1,0,0,-0.026256,-0.029637,0.241191,0.244419,-0.006332,0.283865,-1.603869,-0.057963 0.982316 0.178035 -0.983749 -0.025846 -0.177678 -0.169935 -0.185440 0.967850,2.323e-07,0.786,
706,11597,valid,1,0,0,-0.027506,-0.029926,0.238076,0.241521,-0.018618,0.270620,-1.600449,-0.052316 0.982569 0.178384 -0.986594 -0.023203 -0.161537 -0.154582 -0.184443 0.970611,1.728e-07,0.667,
707,11611,valid,1,0,0,-0.028744,-0.030083,0.233222,0.236905,-0.016991,0.270710,-1.597840,-0.049767 0.982830 0.177676 -0.986507 -0.020591 -0.162421 -0.155974 -0.183362 0.970593,1.503e-07,0.655,
708,11626,valid,1,0,0,-0.030141,-0.029669,0.227566,0.231463,-0.025699,0.262507,-1.598383,-0.048920 0.982765 0.178267 -0.988159 -0.021635 -0.151898 -0.145424 -0.183587 0.972187,1.381e-07,0.602,"$CV1,106,11626,1,0,-30.1,-29.7,227.6,-0.025699,0.262507,-1.598383*17"
709,11643,valid,1,0,0,-0.031796,-0.028835,0.220631,0.224768,-0.024342,0.242419,-1.602125,-0.049491 0.985052 0.164995 -0.989769 -0.026238 -0.140243 -0.133817 -0.170248 0.976273,8.315e-08,0.504,
710,11658,valid,1,0,0,-0.033238,-0.027570,0.212827,0.217164,0.006146,0.242476,-1.608602,-0.055946 0.987867 0.144874 -0.986678 -0.032501 -0.159406 -0.152763 -0.151862 0.976525,4.176e-08,0.364,
711,11674,valid,1,0,0,-0.034369,-0.026996,0.205248,0.209849,0.009616,0.217079,-1.613339,-0.057042 0.990268 0.126943 -0.988603 -0.038282 -0.145596 -0.139319 -0.133802 0.981166,1.096e-08,0.194,
712,11691,valid,1,0,0,-0.035216,-0.027004,0.197937,0.202850,0.017382,0.193542,-1.613549,-0.054265 0.992700 0.107715 -0.990014 -0.039432 -0.135343 -0.130108 -0.113984 0.984926,1.675e-08,0.257,
713,11707,valid,1,0,0,-0.035586,-0.026276,0.190180,0.195257,0.039963,0.191383,-1.615735,-0.056057 0.994213 0.091644 -0.988111 -0.042083 -0.147874 -0.143161 -0.098843 0.984751,1.582e-07,0.832,
714,11722,valid,1,0,0,-0.035762,-0.025458,0.183060,0.188250,0.037161,0.167681,-1.620642,-0.058337 0.995190 0.078701 -0.990221 -0.047677 -0.131105 -0.126722 -0.085579 0.988240,4.932e-07,1.524,
715,11737,valid,1,0,0,-0.035917,-0.025019,0.177326,0.182648,0.033666,0.147349,-1.622289,-0.058033 0.995962 0.068505 -0.992006 -0.049828 -0.115940 -0.112058 -0.074685 0.990891,5.666e-07,1.699,"$CV1,107,11737,1,0,-35.9,-25.0,177.3,0.033666,0.147349,-1.622289*39"
716,11755,valid,1,0,0,-0.035882,-0.024186,0.171709,0.177078,0.046047,0.146270,-1.623521,-0.059070 0.996465 0.059738 -0.991096 -0.051388 -0.122834 -0.119330 -0.066462 0.990628,9.312e-07,2.259,
717,11772,valid,1,0,0,-0.035743,-0.022673,0.165983,0.171295,0.045781,0.137262,-1.629647,-0.064381 0.996462 0.054029 -0.991460 -0.057717 -0.116942 -0.113410 -0.061096 0.991668,1.791e-06,3.223,
718,11787,valid,1,0,0,-0.035743,-0.021650,0.160837,0.166177,0.040360,0.114136,-1.635109,-0.068086 0.996743 0.043212 -0.993080 -0.063555 -0.098752 -0.095684 -0.049637 0.994173,1.836e-06,3.402,
719,11802,valid,1,0,0,-0.035471,-0.020957,0.155023,0.160405,0.051167,0.108812,-1.636189,-0.068708 0.997095 0.032890 -0.992669 -0.065042 -0.101871 -0.099436 -0.039648 0.994254,2.340e-06,4.027,
720,11816,valid,1,0,0,-0.035194,-0.020862,0.150659,0.156116,0.069273,0.077883,-1.634072,-0.064638 0.997906 0.002429 -0.993613 -0.064134 -0.092841 -0.092491 -0.008415 0.995678,4.275e-06,5.680,
721,11830,valid,1,0,0,-0.034634,-0.020883,0.148184,0.153604,0.113120,0.021307,-1.629904,-0.058030 0.996486 -0.060404 -0.994566 -0.062945 -0.082921 -0.086432 0.055263 0.994724,8.356e-06,8.354,
722,11845,valid,1,0,0,-0.034430,-0.020821,0.146793,0.152207,0.130392,-0.010667,-1.630597,-0.058229 0.994136 -0.091125 -0.995243 -0.064950 -0.072618 -0.078111 0.086463 0.993188,9.308e-06,9.090,"$CV1,108,11845,1,0,-34.4,-20.8,146.8,0.130392,-0.010667,-1.630597*14"
723,11862,valid,1,0,0,-0.034486,-0.021033,0.146010,0.151494,0.123873,-0.030667,-1.631514,-0.059548 0.993292 -0.099117 -0.996316 -0.065279 -0.055622 -0.061719 0.095439 0.993520,8.064e-06,8.544,
724,11878,valid,1,0,0,-0.034522,-0.021337,0.145878,0.151418,0.119651,-0.039743,-1.631996,-0.060318 0.992962 -0.101919 -0.996746 -0.065386 -0.047133 -0.053465 0.098745 0.993676,8.275e-06,8.644,
725,11894,valid,1,0,0,-0.034397,-0.021779,0.146481,0.152033,0.115325,-0.041880,-1.629919,-0.058396 0.993231 -0.100407 -0.997077 -0.062993 -0.043235 -0.049267 0.097589 0.994007,7.866e-06,8.355,
726,11911,valid,1,0,0,-0.034168,-0.021767,0.147200,0.152673,0.125096,-0.025384,-1.628937,-0.056861 0.993693 -0.096648 -0.996222 -0.062836 -0.059944 -0.065639 0.092874 0.993512,8.619e-06,8.729,
727,11927,valid,1,0,0,-0.033854,-0.021597,0.147446,0.152816,0.130021,-0.015000,-1.628545,-0.056226 0.994032 -0.093484 -0.995585 -0.062869 -0.069696 -0.075158 0.089152 0.993178,9.068e-06,8.971,
728,11946,valid,1,0,0,-0.033635,-0.021443,0.147668,0.152961,0.136251,-0.001552,-1.626959,-0.054424 0.994521 -0.089252 -0.994689 -0.061818 -0.082288 -0.087355 0.084300 0.992604,9.213e-06,9.045,"$CV1,109,11946,1,0,-33.6,-21.4,147.7,0.136251,-0.001552,-1.626959*15"
729,11962,valid,1,0,0,-0.033466,-0.021465,0.148096,0.153340,0.140996,0.007722,-1.625574,-0.052940 0.994835 -0.086602 -0.993968 -0.060837 -0.091253 -0.096050 0.081249 0.992055,9.525e-06,9.179,
730,11979,valid,1,0,0,-0.033360,-0.021503,0.147980,0.153210,0.137683,0.002830,-1.625746,-0.053181 0.994747 -0.087462 -0.994437 -0.060731 -0.086064 -0.090924 0.082398 0.992443,8.787e-06,8.820,
731,11995,valid,1,0,0,-0.033469,-0.021799,0.147974,0.153270,0.130103,-0.007489,-1.625465,-0.053102 0.994626 -0.088873 -0.995403 -0.059826 -0.074790 -0.079705 0.084493 0.993231,8.438e-06,8.608,
732,12010,valid,1,0,0,-0.033695,-0.022156,0.148588,0.153963,0.130474,-0.006801,-1.623605,-0.051236 0.994745 -0.088645 -0.995452 -0.058006 -0.075563 -0.080308 0.084370 0.993193,8.366e-06,8.499,
733,12029,valid,1,0,0,-0.033817,-0.022338,0.149040,0.154453,0.128709,-0.005524,-1.623032,-0.050702 0.994943 -0.086709 -0.995510 -0.057297 -0.075347 -0.079935 0.082499 0.993380,8.135e-06,8.353,
734,12046,valid,1,0,0,-0.034087,-0.022497,0.149393,0.154875,0.126912,-0.003788,-1.621427,-0.049138 0.995216 -0.084443 -0.995600 -0.055560 -0.075461 -0.079792 0.080363 0.993567,7.562e-06,8.017,"$CV1,110,12046,1,0,-34.1,-22.5,149.4,0.126912,-0.003788,-1.621427*11"
735,12063,valid,1,0,0,-0.034208,-0.022335,0.149596,0.155074,0.133259,0.004905,-1.622016,-0.049578 0.995297 -0.083220 -0.994776 -0.056652 -0.084923 -0.089238 0.078575 0.992906,7.824e-06,8.172,
736,12079,valid,1,0,0,-0.034187,-0.022203,0.149499,0.154957,0.137237,0.008591,-1.621536,-0.049015 0.995301 -0.083509 -0.994360 -0.056500 -0.089753 -0.094050 0.078639 0.992457,7.698e-06,8.119,
737,12096,valid,1,0,0,-0.034199,-0.022106,0.149458,0.154906,0.140846,0.013112,-1.621790,-0.049207 0.995328 -0.083072 -0.993855 -0.057051 -0.094858 -0.099155 0.077894 0.992019,8.154e-06,8.364,
738,12112,valid,1,0,0,-0.034169,-0.022295,0.149232,0.154709,0.130214,0.000391,-1.621869,-0.049497 0.995234 -0.084020 -0.995193 -0.056261 -0.080155 -0.084500 0.079649 0.993235,7.882e-06,8.210,
739,12128,valid,1,0,0,-0.034149,-0.022311,0.149231,0.154705,0.129348,-0.000494,-1.622291,-0.049938 0.995212 -0.084016 -0.995263 -0.056613 -0.079033 -0.083411 0.079672 0.993325,8.112e-06,8.330,
740,12145,valid,1,0,0,-0.034169,-0.022348,0.149352,0.154832,0.129886,0.001926,-1.622121,-0.049757 0.995317 -0.082874 -0.995118 -0.056486 -0.080935 -0.085237 0.078442 0.993268,8.071e-06,8.299,
741,12163,valid,1,0,0,-0.034286,-0.022330,0.149695,0.155186,0.137246,0.011619,-1.621083,-0.048582 0.995477 -0.081641 -0.994204 -0.056044 -0.091742 -0.095902 0.076711 0.992430,8.236e-06,8.366,"$CV1,111,12163,1,0,-34.3,-22.3,149.7,0.137246,0.011619,-1.621083*36"
742,12180,valid,1,0,0,-0.034391,-0.022361,0.149811,0.155325,0.138815,0.013204,-1.621371,-0.048842 0.995460 -0.081690 -0.993998 -0.056460 -0.093705 -0.097892 0.076623 0.992243,8.634e-06,8.558,
743,12195,valid,1,0,0,-0.034434,-0.022549,0.149880,0.155429,0.132735,0.007208,-1.620305,-0.047892 0.995529 -0.081414 -0.994765 -0.054904 -0.086184 -0.090269 0.076861 0.992947,7.790e-06,8.103,
744,12210,valid,1,0,0,-0.034518,-0.022672,0.150057,0.155637,0.131705,0.006557,-1.619336,-0.046949 0.995598 -0.081120 -0.994908 -0.053857 -0.085186 -0.089179 0.076708 0.993057,7.805e-06,8.085,
745,12226,valid,1,0,0,-0.034620,-0.022646,0.149778,0.155386,0.127755,0.000828,-1.620341,-0.048031 0.995464 -0.082123 -0.995380 -0.054546 -0.079019 -0.083140 0.077948 0.993485,7.466e-06,7.921,
746,12244,valid,1,0,0,-0.034625,-0.022393,0.149492,0.155075,0.131876,0.003203,-1.621251,-0.048844 0.995323 -0.083349 -0.994986 -0.055780 -0.083020 -0.087281 0.078876 0.993056,7.522e-06,7.990,
747,12260,valid,1,0,0,-0.034645,-0.022355,0.149736,0.155309,0.137201,0.009652,-1.621247,-0.048734 0.995372 -0.082826 -0.994315 -0.056207 -0.090434 -0.094671 0.077947 0.992452,7.841e-06,8.158,
748,12276,valid,1,0,0,-0.034642,-0.022668,0.150381,0.155976,0.135023,0.012667,-1.620031,-0.047597 0.995696 -0.079528 -0.994330 -0.054810 -0.091121 -0.095088 0.074740 0.992659,7.756e-06,8.055,"$CV1,112,12276,1,0,-34.6,-22.7,150.4,0.135023,0.012667,-1.620031*39"
749,12292,valid,1,0,0,-0.034538,-0.022906,0.150976,0.156561,0.134345,0.015903,-1.618745,-0.046360 0.995948 -0.077056 -0.994242 -0.053465 -0.092865 -0.096609 0.072308 0.992692,7.723e-06,8.006,
750,12307,valid,1,0,0,-0.034462,-0.022961,0.151255,0.156822,0.135263,0.016972,-1.618200,-0.045805 0.995981 -0.076972 -0.994147 -0.052996 -0.094143 -0.097844 0.072209 0.992579,7.263e-06,7.760,
751,12321,valid,1,0,0,-0.034464,-0.022994,0.151295,0.156865,0.135376,0.015351,-1.618428,-0.046013 0.995887 -0.078049 -0.994227 -0.053237 -0.093154 -0.096926 0.073312 0.992588,7.041e-06,7.640,
752,12336,valid,1,0,0,-0.034492,-0.023113,0.151600,0.157183,0.131968,0.014971,-1.618542,-0.046206 0.996030 -0.076090 -0.994452 -0.053071 -0.090824 -0.094501 0.071471 0.992956,6.856e-06,7.519,
753,12353,valid,1,0,0,-0.034556,-0.023204,0.152228,0.157817,0.135565,0.022489,-1.617723,-0.045388 0.996243 -0.073754 -0.993808 -0.052526 -0.097913 -0.101419 0.068853 0.992458,6.907e-06,7.520,
754,12368,valid,1,0,0,-0.034696,-0.023478,0.153051,0.158681,0.133968,0.028021,-1.616613,-0.044407 0.996609 -0.069275 -0.993609 -0.051263 -0.100561 -0.103771 0.064367 0.992516,6.983e-06,7.496,
755,12384,valid,1,0,0,-0.034800,-0.023603,0.154139,0.159771,0.141442,0.042923,-1.616442,-0.044375 0.996904 -0.064913 -0.992054 -0.051630 -0.114731 -0.117728 0.059306 0.991273,7.516e-06,7.709,"$CV1,113,12384,1,0,-34.8,-23.6,154.1,0.141442,0.042923,-1.616442*34"
756,12399,valid,1,0,0,-0.035363,-0.024090,0.155731,0.161503,0.139691,0.053311,-1.617761,-0.046042 0.997286 -0.057460 -0.991339 -0.052698 -0.120290 -0.122992 0.051424 0.991074,7.729e-06,7.666,
757,12413,valid,1,0,0,-0.036118,-0.024691,0.158026,0.163971,0.125040,0.084114,-1.618456,-0.048392 0.998404 -0.029109 -0.990008 -0.051809 -0.131151 -0.132450 0.022471 0.990935,5.624e-06,6.346,
758,12428,valid,1,0,0,-0.036180,-0.025956,0.161055,0.167097,0.090780,0.096253,-1.616696,-0.047990 0.998848 0.000622 -0.991865 -0.047581 -0.118065 -0.117899 -0.006283 0.993006,3.494e-06,4.785,
759,12443,valid,1,0,0,-0.036269,-0.026970,0.165594,0.171651,0.077420,0.124545,-1.615206,-0.048636 0.998459 0.026726 -0.990753 -0.044833 -0.128053 -0.126658 -0.032707 0.991407,1.535e-06,3.057,
760,12458,valid,1,0,0,-0.036239,-0.027680,0.171939,0.177883,0.074341,0.133488,-1.615497,-0.049679 0.998180 0.034176 -0.990252 -0.044768 -0.131898 -0.130128 -0.040395 0.990674,1.163e-06,2.546,
761,12472,valid,1,0,0,-0.036387,-0.028258,0.179343,0.185166,0.067181,0.144677,-1.616753,-0.051979 0.997608 0.045559 -0.989847 -0.045424 -0.134682 -0.132290 -0.052098 0.989841,6.840e-07,1.861,
762,12487,valid,1,0,0,-0.036488,-0.028493,0.187339,0.192974,0.071130,0.162170,-1.618027,-0.054843 0.997057 0.053560 -0.987854 -0.046371 -0.148301 -0.145381 -0.061043 0.987491,3.630e-07,1.297,"$CV1,114,12487,1,0,-36.5,-28.5,187.3,0.071130,0.162170,-1.618027*3A"
763,12502,valid,1,0,0,-0.036476,-0.028353,0.195434,0.200821,0.064834,0.176020,-1.621499,-0.059804 0.996042 0.065749 -0.986950 -0.049135 -0.153350 -0.149512 -0.074062 0.985982,2.358e-07,0.985,
764,12519,valid,1,0,0,-0.036389,-0.027405,0.204466,0.209480,0.044503,0.177415,-1.626699,-0.065318 0.994705 0.079342 -0.988423 -0.053583 -0.141949 -0.136946 -0.087696 0.986689,4.654e-08,0.414,
765,12535,valid,1,0,0,-0.036439,-0.026519,0.211890,0.216630,0.040435,0.192250,-1.628218,-0.068525 0.993511 0.090772 -0.987331 -0.054483 -0.149026 -0.143114 -0.099834 0.984658,2.214e-08,0.264,
766,12551,valid,1,0,0,-0.037770,-0.025492,0.218355,0.223059,0.040744,0.199789,-1.632065,-0.073230 0.992805 0.094741 -0.986342 -0.058044 -0.154144 -0.147536 -0.104735 0.983496,4.041e-08,0.337,
767,12567,valid,1,0,0,-0.038212,-0.024308,0.225865,0.230361,0.043597,0.205182,-1.636818,-0.078571 0.992308 0.095662 -0.985217 -0.062638 -0.159448 -0.152229 -0.106776 0.982561,5.472e-09,0.122,
768,12584,valid,1,0,0,-0.038013,-0.024574,0.234077,0.238413,0.044225,0.223269,-1.633216,-0.077348 0.991316 0.106345 -0.983486 -0.058359 -0.171314 -0.163621 -0.117839 0.979460,3.285e-08,0.303,
769,12599,valid,1,0,0,-0.037453,-0.025193,0.242364,0.246531,0.037837,0.235330,-1.630211,-0.076104 0.990099 0.117950 -0.983035 -0.054706 -0.175069 -0.166883 -0.129272 0.977466,1.002e-07,0.495,"$CV1,115,12599,1,0,-37.5,-25.2,242.4,0.037837,0.235330,-1.630211*35"
770,12615,valid,1,0,0,-0.036684,-0.025856,0.249423,0.253428,0.038182,0.253154,-1.626808,-0.075382 0.988823 0.128635 -0.981153 -0.050535 -0.186506 -0.177921 -0.140269 0.973996,1.577e-07,0.598,
771,12631,valid,1,0,0,-0.035774,-0.027321,0.256263,0.260186,0.031922,0.272591,-1.620001,-0.071821 0.986832 0.144930 -0.979920 -0.042714 -0.194762 -0.186007 -0.156008 0.970084,2.354e-07,0.714,
772,12647,valid,1,0,0,-0.035073,-0.028579,0.262655,0.266523,0.021327,0.286113,-1.613106,-0.067393 0.984725 0.160546 -0.979871 -0.035019 -0.196534 -0.187910 -0.170560 0.967264,4.150e-07,0.939,
773,12664,valid,1,0,0,-0.034654,-0.028877,0.266613,0.270402,0.003755,0.275462,-1.612546,-0.065061 0.984041 0.165618 -0.983218 -0.034868 -0.179070 -0.170438 -0.174489 0.969796,4.499e-07,0.973,
774,12681,valid,1,0,0,-0.034179,-0.028395,0.269696,0.273332,-0.012083,0.267644,-1.616179,-0.067329 0.983008 0.170769 -0.985580 -0.038898 -0.164676 -0.155235 -0.179394 0.971452,2.302e-07,0.694,
775,12698,valid,1,0,0,-0.033992,-0.028709,0.273434,0.277031,-0.072943,0.219993,-1.612101,-0.055726 0.981766 0.181744 -0.994565 -0.038547 -0.096722 -0.087953 -0.186146 0.978577,4.594e-08,0.299,
776,12714,valid,1,0,0,-0.034022,-0.028696,0.275694,0.279264,-0.128564,0.181918,-1.607415,-0.045355 0.979853 0.194503 -0.998538 -0.038737 -0.037694 -0.029400 -0.195929 0.980177,3.911e-08,0.270,"$CV1,116,12714,1,0,-34.0,-28.7,275.7,-0.128564,0.181918,-1.607415*1B"
777,12730,valid,1,0,0,-0.034387,-0.028294,0.275642,0.279216,-0.143869,0.164742,-1.607079,-0.042806 0.980102 0.193824 -0.999042 -0.040232 -0.017198 -0.009058 -0.194375 0.980886,1.407e-07,0.508,
778,12746,valid,1,0,0,-0.034751,-0.028171,0.276737,0.280330,-0.144256,0.149035,-1.609498,-0.043675 0.981869 0.184461 -0.999045 -0.043115 -0.007047 0.001034 -0.184592 0.982815,1.677e-07,0.551,
779,12764,valid,1,0,0,-0.034937,-0.027982,0.276887,0.280482,-0.127309,0.148838,-1.613264,-0.047817 0.983683 0.173441 -0.998811 -0.045443 -0.017631 -0.009462 -0.174078 0.984686,1.022e-07,0.439,
780,12783,valid,1,0,0,-0.035036,-0.028003,0.277110,0.280716,-0.122549,0.148613,-1.615240,-0.049867 0.984147 0.170202 -0.998681 -0.047047 -0.020565 -0.012232 -0.171003 0.985195,7.047e-08,0.366,
781,12800,valid,1,0,0,-0.035289,-0.028235,0.277268,0.280927,-0.119655,0.154465,-1.614255,-0.049499 0.983864 0.171937 -0.998616 -0.045691 -0.026039 -0.017763 -0.172988 0.984764,4.131e-08,0.280,
782,12816,valid,1,0,0,-0.035696,-0.028421,0.277494,0.281220,-0.108009,0.174019,-1.611870,-0.049351 0.983072 0.176449 -0.998080 -0.041918 -0.045607 -0.037438 -0.178361 0.983253,9.676e-10,0.043,"$CV1,117,12816,1,0,-35.7,-28.4,277.5,-0.108009,0.174019,-1.611870*14"
783,12832,valid,1,0,0,-0.036249,-0.028506,0.277508,0.281313,-0.093515,0.196929,-1.612210,-0.052567 0.982075 0.181013 -0.996771 -0.040583 -0.069289 -0.060701 -0.184070 0.981037,1.019e-07,0.443,
784,12849,valid,1,0,0,-0.037001,-0.028377,0.274609,0.278540,-0.086961,0.210087,-1.614169,-0.056259 0.981200 0.184609 -0.995766 -0.041679 -0.081931 -0.072696 -0.188437 0.979391,1.747e-07,0.592,
785,12867,valid,1,0,0,-0.038338,-0.027899,0.271701,0.275807,-0.053849,0.231219,-1.620519,-0.065817 0.982265 0.175568 -0.992170 -0.045705 -0.116234 -0.106148 -0.181844 0.977581,5.399e-07,1.052,
786,12885,valid,1,0,0,-0.039599,-0.027065,0.268542,0.272791,-0.016499,0.258547,-1.625564,-0.075104 0.983047 0.167266 -0.986433 -0.048686 -0.156782 -0.145980 -0.176772 0.973366,8.048e-07,1.302,
787,12903,valid,1,0,0,-0.040926,-0.026997,0.264132,0.268644,0.008820,0.267431,-1.626831,-0.077783 0.984686 0.156026 -0.982815 -0.049455 -0.177846 -0.167406 -0.167178 0.971610,7.614e-07,1.244,
788,12921,valid,1,0,0,-0.042173,-0.027391,0.260132,0.264948,0.019070,0.267414,-1.624158,-0.075124 0.985874 0.149698 -0.981827 -0.046892 -0.183896 -0.174279 -0.160793 0.971480,7.944e-07,1.313,"$CV1,118,12921,1,0,-42.2,-27.4,260.1,0.019070,0.267414,-1.624158*39"
789,12937,valid,1,0,0,-0.043237,-0.027994,0.256779,0.261894,0.008478,0.251621,-1.622368,-0.070902 0.986531 0.147410 -0.984836 -0.045776 -0.167341 -0.158339 -0.157039 0.974817,8.665e-07,1.405,
790,12953,valid,1,0,0,-0.044245,-0.028735,0.252832,0.258278,-0.013473,0.221347,-1.620404,-0.064593 0.987504 0.143745 -0.989879 -0.045165 -0.134539 -0.126365 -0.150981 0.980427,4.705e-07,1.048,
791,12968,valid,1,0,0,-0.045110,-0.029201,0.248762,0.254500,-0.008131,0.215874,-1.620088,-0.063562 0.988522 0.137057 -0.989920 -0.045034 -0.134280 -0.126567 -0.144210 0.981419,3.606e-07,0.935,
792,12983,valid,1,0,0,-0.045738,-0.029590,0.244959,0.250943,0.003175,0.216928,-1.620196,-0.063813 0.989407 0.130387 -0.988859 -0.045083 -0.141864 -0.134483 -0.137987 0.981261,4.766e-07,1.091,
793,12999,valid,1,0,0,-0.046036,-0.029948,0.240669,0.246855,0.005669,0.202090,-1.621916,-0.063615 0.990766 0.119731 -0.989854 -0.047368 -0.133961 -0.127053 -0.127038 0.983727,3.217e-07,0.909,
794,13015,valid,1,0,0,-0.045770,-0.030551,0.236047,0.242377,0.009287,0.184507,-1.622459,-0.062072 0.992344 0.106771 -0.990979 -0.048546 -0.124914 -0.118774 -0.113561 0.986406,1.807e-07,0.695,
795,13030,valid,1,0,0,-0.045318,-0.032135,0.231549,0.238121,0.022026,0.178763,-1.614593,-0.053592 0.993969 0.095676 -0.990825 -0.041027 -0.128776 -0.124074 -0.101700 0.987048,1.547e-07,0.657,"$CV1,119,13030,1,0,-45.3,-32.1,231.5,0.022026,0.178763,-1.614593*32"
796,13046,valid,1,0,0,-0.044812,-0.033414,0.226592,0.233385,0.016433,0.158512,-1.607937,-0.044896 0.995159 0.087425 -0.993074 -0.034947 -0.112175 -0.108577 -0.091856 0.989835,9.151e-08,0.484,
797,13062,valid,1,0,0,-0.044282,-0.033540,0.221206,0.228074,0.012803,0.147045,-1.605791,-0.041687 0.995688 0.082871 -0.994180 -0.033090 -0.102528 -0.099344 -0.086663 0.991272,1.420e-07,0.614,
798,13077,valid,1,0,0,-0.043952,-0.032907,0.215381,0.222270,0.012310,0.138749,-1.609583,-0.044727 0.995960 0.077863 -0.994593 -0.037082 -0.097005 -0.093726 -0.081781 0.992233,2.070e-07,0.780,
799,13092,valid,1,0,0,-0.043990,-0.031940,0.208907,0.215864,0.008932,0.123169,-1.614156,-0.048026 0.996374 0.070230 -0.995494 -0.041991 -0.085018 -0.081761 -0.073996 0.993901,2.246e-07,0.859,
800,13109,valid,1,0,0,-0.044181,-0.031024,0.202476,0.209549,0.020984,0.117318,-1.616177,-0.049573 0.997041 0.058748 -0.995073 -0.044247 -0.088722 -0.085860 -0.062856 0.994322,2.724e-07,0.970,
801,13124,valid,1,0,0,-0.044295,-0.030100,0.195933,0.203120,0.028237,0.106683,-1.619558,-0.052174 0.997514 0.047363 -0.995108 -0.047947 -0.086380 -0.083894 -0.051638 0.995136,5.161e-07,1.364,
802,13139,valid,1,0,0,-0.044539,-0.029674,0.189321,0.196741,0.021534,0.082331,-1.622530,-0.053753 0.997881 0.036650 -0.996466 -0.051231 -0.066567 -0.064548 -0.040098 0.997109,5.349e-07,1.442,"$CV1,120,13139,1,0,-44.5,-29.7,189.3,0.021534,0.082331,-1.622530*33"
803,13154,valid,1,0,0,-0.044623,-0.029437,0.182622,0.190285,0.038284,0.077415,-1.622878,-0.053766 0.998294 0.022762 -0.995928 -0.051959 -0.073675 -0.072366 -0.026631 0.997023,6.526e-07,1.715,
804,13169,valid,1,0,0,-0.044698,-0.029655,0.176408,0.184383,0.047234,0.069179,-1.619695,-0.050149 0.998669 0.012030 -0.996058 -0.049129 -0.073857 -0.073168 -0.015686 0.997196,1.119e-06,2.337,
805,13183,valid,1,0,0,-0.044716,-0.029911,0.170817,0.179088,0.051016,0.053944,-1.617244,-0.047092 0.998891 0.000288 -0.996689 -0.046969 -0.066362 -0.066275 -0.003412 0.997796,1.556e-06,2.851,
806,13198,valid,1,0,0,-0.044637,-0.029678,0.166536,0.174950,0.069099,0.040760,-1.618137,-0.047399 0.998684 -0.019571 -0.996432 -0.048644 -0.068965 -0.069827 0.016232 0.997427,2.353e-06,3.629,
807,13214,valid,1,0,0,-0.044396,-0.029342,0.163969,0.172388,0.115061,-0.008686,-1.616809,-0.044813 0.995811 -0.079704 -0.996610 -0.050074 -0.065283 -0.069001 0.076508 0.994679,3.681e-06,4.729,
808,13229,valid,1,0,0,-0.044463,-0.028925,0.161201,0.169704,0.104877,-0.043659,-1.620901,-0.049663 0.994267 -0.094697 -0.997923 -0.053293 -0.036198 -0.041037 0.092703 0.994848,2.327e-06,3.884,
809,13244,valid,1,0,0,-0.044281,-0.028398,0.158993,0.167469,0.104358,-0.064706,-1.625544,-0.055002 0.992710 -0.107246 -0.998094 -0.057674 -0.021975 -0.028000 0.105833 0.993990,3.002e-06,4.513,"$CV1,121,13244,1,0,-44.3,-28.4,159.0,0.104358,-0.064706,-1.625544*1A"
810,13259,valid,1,0,0,-0.043997,-0.027979,0.156995,0.165427,0.096996,-0.087601,-1.629557,-0.060205 0.991376 -0.116400 -0.998141 -0.060895 -0.002381 -0.009449 0.116041 0.993200,3.720e-06,5.065,
811,13275,valid,1,0,0,-0.043754,-0.027718,0.155687,0.164077,0.093509,-0.100990,-1.631950,-0.063419 0.990474 -0.122226 -0.997987 -0.062840 0.008588 0.000826 0.122525 0.992465,5.030e-06,5.904,
812,13290,valid,1,0,0,-0.043544,-0.027496,0.154971,0.163304,0.094758,-0.103321,-1.633300,-0.064886 0.990107 -0.124414 -0.997892 -0.064211 0.009427 0.001345 0.124764 0.992186,6.238e-06,6.589,
813,13306,valid,1,0,0,-0.043218,-0.027373,0.154748,0.162984,0.099070,-0.103233,-1.633405,-0.064907 0.989758 -0.127143 -0.997890 -0.064572 0.006757 -0.001522 0.127314 0.991861,6.964e-06,6.985,
814,13321,valid,1,0,0,-0.043102,-0.027612,0.155033,0.163265,0.100345,-0.103747,-1.633204,-0.064716 0.989624 -0.128281 -0.997902 -0.064440 0.006306 -0.002026 0.128420 0.991718,8.721e-06,7.785,
815,13336,valid,1,0,0,-0.043101,-0.027774,0.155441,0.163680,0.101090,-0.098349,-1.631701,-0.062873 0.990096 -0.125525 -0.998005 -0.063091 0.002246 -0.005695 0.125416 0.992088,9.284e-06,7.983,
816,13352,valid,1,0,0,-0.043083,-0.028053,0.155737,0.164003,0.093845,-0.102499,-1.630501,-0.062065 0.990416 -0.123389 -0.998071 -0.061388 0.009278 0.001614 0.123726 0.992315,8.230e-06,7.484,"$CV1,122,13352,1,0,-43.1,-28.1,155.7,0.093845,-0.102499,-1.630501*1D"
817,13368,valid,1,0,0,-0.043168,-0.028176,0.156408,0.164685,0.098102,-0.094564,-1.628623,-0.059643 0.990815 -0.121360 -0.998203 -0.059914 0.001415 -0.005870 0.121226 0.992608,8.120e-06,7.402,
818,13385,valid,1,0,0,-0.043261,-0.028166,0.156794,0.165074,0.100900,-0.087602,-1.627673,-0.058256 0.991190 -0.118947 -0.998231 -0.059255 -0.004871 -0.011876 0.118453 0.992889,6.809e-06,6.762,
819,13400,valid,1,0,0,-0.043432,-0.028013,0.157202,0.165480,0.108426,-0.076316,-1.627460,-0.057334 0.991483 -0.116936 -0.998075 -0.059697 -0.016802 -0.023640 0.115747 0.992997,6.236e-06,6.478,
820,13418,valid,1,0,0,-0.043505,-0.027950,0.157617,0.165883,0.114471,-0.068675,-1.626340,-0.055754 0.991662 -0.116184 -0.997926 -0.059096 -0.025517 -0.032171 0.114521 0.992900,5.445e-06,6.065,
821,13433,valid,1,0,0,-0.043599,-0.028001,0.157999,0.166279,0.115999,-0.062401,-1.625394,-0.054527 0.992058 -0.113345 -0.997828 -0.058338 -0.030580 -0.036950 0.111431 0.993085,5.112e-06,5.868,
822,13448,valid,1,0,0,-0.043678,-0.028072,0.158265,0.166564,0.116067,-0.060131,-1.624576,-0.053625 0.992260 -0.112002 -0.997825 -0.057554 -0.032146 -0.038343 0.110035 0.993188,5.152e-06,5.886,
823,13464,valid,1,0,0,-0.043622,-0.028072,0.158431,0.166707,0.116089,-0.057229,-1.624640,-0.053584 0.992459 -0.110244 -0.997756 -0.057651 -0.034038 -0.040137 0.108172 0.993322,4.694e-06,5.630,"$CV1,123,13464,1,0,-43.6,-28.1,158.4,0.116089,-0.057229,-1.624640*1C"
824,13479,valid,1,0,0,-0.043642,-0.028182,0.158834,0.167114,0.119757,-0.051958,-1.622797,-0.051491 0.992666 -0.109379 -0.997629 -0.056134 -0.039807 -0.045655 0.107070 0.993203,4.787e-06,5.648,
825,13495,valid,1,0,0,-0.043750,-0.028266,0.158832,0.167154,0.117795,-0.054998,-1.622856,-0.051692 0.992589 -0.109976 -0.997757 -0.056020 -0.036634 -0.042524 0.107835 0.993259,5.009e-06,5.767,
826,13513,valid,1,0,0,-0.043856,-0.028084,0.158920,0.167236,0.127602,-0.047706,-1.623994,-0.052376 0.992345 -0.111839 -0.997199 -0.057960 -0.047275 -0.053395 0.109050 0.992601,5.323e-06,5.972,
827,13529,valid,1,0,0,-0.043942,-0.028386,0.158926,0.167314,0.118219,-0.057937,-1.623788,-0.052714 0.992304 -0.112048 -0.997766 -0.056948 -0.034930 -0.041042 0.109956 0.993089,5.454e-06,6.007,
828,13546,valid,1,0,0,-0.043999,-0.028655,0.159212,0.167647,0.113442,-0.061057,-1.622831,-0.051976 0.992474 -0.110878 -0.998000 -0.055622 -0.030047 -0.035988 0.109095 0.993380,5.555e-06,6.025,
829,13563,valid,1,0,0,-0.043990,-0.028730,0.159659,0.168082,0.116599,-0.055736,-1.622105,-0.050995 0.992661 -0.109655 -0.997846 -0.055180 -0.035470 -0.041260 0.107610 0.993337,5.202e-06,5.820,
830,13579,valid,1,0,0,-0.044136,-0.028805,0.160166,0.168614,0.120653,-0.048370,-1.621341,-0.049909 0.992924 -0.107752 -0.997582 -0.054785 -0.042768 -0.048368 0.105357 0.993257,4.865e-06,5.617,"$CV1,124,13579,1,0,-44.1,-28.8,160.2,0.120653,-0.048370,-1.621341*14"
831,13595,valid,1,0,0,-0.044283,-0.028937,0.160799,0.169276,0.121014,-0.044268,-1.620634,-0.049080 0.993211 -0.105466 -0.997487 -0.054142 -0.045689 -0.051089 0.102958 0.993373,3.895e-06,5.032,
832,13611,valid,1,0,0,-0.044412,-0.029153,0.161969,0.170459,0.126836,-0.028915,-1.618250,-0.046225 0.993937 -0.099761 -0.996867 -0.052316 -0.059330 -0.064189 0.096706 0.993241,3.376e-06,4.672,
833,13627,valid,1,0,0,-0.044494,-0.029503,0.163285,0.171791,0.127240,-0.018646,-1.617427,-0.045244 0.994573 -0.093693 -0.996468 -0.051573 -0.066268 -0.070740 0.090364 0.993393,2.901e-06,4.318,
834,13643,valid,1,0,0,-0.044483,-0.029843,0.164688,0.173180,0.130477,-0.005203,-1.615029,-0.042678 0.995255 -0.087443 -0.995798 -0.049472 -0.077069 -0.081029 0.083786 0.993184,2.301e-06,3.816,
835,13659,valid,1,0,0,-0.044438,-0.030345,0.166576,0.175052,0.139413,0.014050,-1.612458,-0.039947 0.995894 -0.081236 -0.994327 -0.047641 -0.095098 -0.098578 0.076976 0.992148,2.413e-06,3.876,
836,13675,valid,1,0,0,-0.044282,-0.031407,0.169063,0.177566,0.133805,0.027008,-1.606885,-0.034691 0.996985 -0.069402 -0.994090 -0.041572 -0.100284 -0.102867 0.065513 0.992535,2.100e-06,3.537,
837,13692,valid,1,0,0,-0.044059,-0.032362,0.171866,0.180351,0.131101,0.051690,-1.600671,-0.029161 0.998218 -0.052057 -0.992780 -0.034986 -0.114735 -0.116352 0.048335 0.992031,2.445e-06,3.707,"$CV1,125,13692,1,0,-44.1,-32.4,171.9,0.131101,0.051690,-1.600671*34"
838,13707,valid,1,0,0,-0.044232,-0.032641,0.174443,0.182900,0.091980,0.100476,-1.599952,-0.031541 0.999496 0.003465 -0.992077 -0.030884 -0.121773 -0.121604 -0.007278 0.992552,1.487e-06,2.770,
839,13724,valid,1,0,0,-0.044437,-0.032709,0.179395,0.187689,0.083519,0.112103,-1.597455,-0.029956 0.999419 0.016287 -0.991898 -0.027710 -0.123980 -0.123456 -0.019869 0.992151,1.075e-06,2.265,
840,13740,valid,1,0,0,-0.044667,-0.032501,0.185038,0.193108,0.084409,0.134443,-1.596618,-0.030826 0.999085 0.029631 -0.989972 -0.026430 -0.138768 -0.137858 -0.033611 0.989882,5.827e-07,1.599,
841,13755,valid,1,0,0,-0.044957,-0.032474,0.190754,0.198653,0.093164,0.163457,-1.595007,-0.031778 0.998609 0.042072 -0.986385 -0.024538 -0.162609 -0.161351 -0.046666 0.985793,3.147e-07,1.119,
842,13772,valid,1,0,0,-0.045369,-0.032692,0.195730,0.203561,0.098146,0.174799,-1.593556,-0.031447 0.998447 0.045994 -0.984676 -0.023050 -0.172865 -0.171536 -0.050726 0.983871,1.710e-07,0.811,
843,13787,valid,1,0,0,-0.045671,-0.032782,0.200897,0.208614,0.100149,0.171676,-1.595608,-0.033110 0.998544 0.042593 -0.984750 -0.025311 -0.172124 -0.170795 -0.047642 0.984154,1.422e-07,0.722,
844,13805,valid,1,0,0,-0.045810,-0.032908,0.207108,0.214652,0.101815,0.177989,-1.597575,-0.035718 0.998338 0.045219 -0.983811 -0.027175 -0.177139 -0.175616 -0.050814 0.983147,1.246e-07,0.648,"$CV1,126,13805,1,0,-45.8,-32.9,207.1,0.101815,0.177989,-1.597575*3F"
845,13823,valid,1,0,0,-0.045865,-0.033550,0.214206,0.221615,0.083558,0.179565,-1.598635,-0.037252 0.997630 0.057843 -0.985603 -0.027126 -0.166887 -0.164922 -0.063227 0.984278,6.067e-08,0.418,
846,13841,valid,1,0,0,-0.045863,-0.034188,0.221463,0.228731,0.080312,0.193512,-1.598181,-0.038463 0.996908 0.068523 -0.984453 -0.026043 -0.173707 -0.171386 -0.074139 0.982410,4.241e-08,0.362,
847,13861,valid,1,0,0,-0.045498,-0.034408,0.228389,0.235405,0.084083,0.222601,-1.599080,-0.043046 0.995557 0.083742 -0.980578 -0.026047 -0.194392 -0.191348 -0.090483 0.977343,1.083e-07,0.537,
848,13879,valid,1,0,0,-0.044958,-0.034720,0.234097,0.240890,0.070629,0.224244,-1.600966,-0.045327 0.994615 0.093198 -0.981945 -0.027209 -0.187199 -0.183655 -0.100001 0.977891,1.374e-07,0.617,
849,13898,valid,1,0,0,-0.044379,-0.034602,0.238126,0.244685,0.079791,0.232535,-1.603394,-0.048769 0.994560 0.092047 -0.979733 -0.029709 -0.198091 -0.194278 -0.099842 0.975852,1.871e-07,0.707,
850,13918,valid,1,0,0,-0.043749,-0.034510,0.240963,0.247321,0.068534,0.219544,-1.607456,-0.051129 0.994536 0.091017 -0.982519 -0.033756 -0.183079 -0.179006 -0.098787 0.978876,8.799e-08,0.477,"$CV1,127,13918,1,0,-43.7,-34.5,241.0,0.068534,0.219544,-1.607456*3F"
851,13937,valid,1,0,0,-0.043233,-0.034662,0.244366,0.250570,0.049743,0.197951,-1.609490,-0.050573 0.994669 0.089865 -0.986801 -0.035907 -0.157904 -0.153836 -0.096665 0.983357,5.505e-08,0.371,
852,13955,valid,1,0,0,-0.042647,-0.034178,0.247824,0.253778,0.059407,0.208711,-1.611737,-0.054047 0.994481 0.089929 -0.984585 -0.038072 -0.170715 -0.166349 -0.097769 0.981208,1.166e-07,0.523,
853,13973,valid,1,0,0,-0.042196,-0.033561,0.250903,0.256631,0.059172,0.222596,-1.614905,-0.059020 0.993422 0.098128 -0.982924 -0.040669 -0.179460 -0.174289 -0.107044 0.978859,1.283e-07,0.554,
854,13989,valid,1,0,0,-0.041936,-0.033426,0.254341,0.259933,0.051830,0.226672,-1.615357,-0.060102 0.992625 0.105274 -0.983264 -0.040701 -0.177583 -0.171989 -0.114185 0.978459,1.714e-07,0.618,
855,14004,valid,1,0,0,-0.041652,-0.033125,0.257132,0.262582,0.061901,0.248063,-1.615077,-0.062823 0.991766 0.111593 -0.979542 -0.039853 -0.197256 -0.191185 -0.121702 0.973980,3.165e-07,0.815,
856,14021,valid,1,0,0,-0.041452,-0.032732,0.258932,0.264264,0.051369,0.244262,-1.617451,-0.064703 0.991155 0.115867 -0.981170 -0.042013 -0.188523 -0.181987 -0.125883 0.975210,2.421e-07,0.714,"$CV1,128,14021,1,0,-41.5,-32.7,258.9,0.051369,0.244262,-1.617451*38"
857,14038,valid,1,0,0,-0.041261,-0.032393,0.260885,0.266107,0.040479,0.233040,-1.620002,-0.065682 0.991082 0.115941 -0.983576 -0.044728 -0.174862 -0.168117 -0.125522 0.977743,2.043e-07,0.662,
858,14054,valid,1,0,0,-0.041085,-0.032194,0.262706,0.267841,0.043356,0.240954,-1.619309,-0.066118 0.990706 0.118873 -0.982395 -0.043772 -0.181616 -0.174725 -0.128788 0.976158,2.488e-07,0.705,
859,14069,valid,1,0,0,-0.040865,-0.032038,0.264381,0.269432,0.044311,0.245923,-1.619818,-0.067349 0.990346 0.121158 -0.981680 -0.044082 -0.185368 -0.178238 -0.131423 0.975171,2.505e-07,0.696,
860,14086,valid,1,0,0,-0.040622,-0.031842,0.265708,0.270675,0.040989,0.247591,-1.621108,-0.068898 0.989868 0.124155 -0.981801 -0.045200 -0.184457 -0.176977 -0.134604 0.974967,2.786e-07,0.755,
861,14102,valid,1,0,0,-0.040495,-0.032031,0.266730,0.271681,0.025038,0.234372,-1.620688,-0.066643 0.989707 0.126645 -0.985038 -0.045043 -0.166345 -0.158928 -0.135836 0.977901,1.836e-07,0.621,
862,14117,valid,1,0,0,-0.040361,-0.032296,0.267153,0.272108,0.012362,0.220577,-1.620353,-0.064443 0.989855 0.126627 -0.987684 -0.045137 -0.149809 -0.142573 -0.134721 0.980573,1.429e-07,0.542,
863,14134,valid,1,0,0,-0.040104,-0.032732,0.267391,0.272356,-0.009665,0.200466,-1.618926,-0.060448 0.989814 0.128896 -0.991358 -0.044471 -0.123415 -0.116426 -0.135242 0.983949,4.414e-08,0.301,"$CV1,129,14134,1,0,-40.1,-32.7,267.4,-0.009665,0.200466,-1.618926*11"
864,14151,valid,1,0,0,-0.039883,-0.033164,0.267392,0.272376,-0.023533,0.184614,-1.616409,-0.056041 0.990130 0.128460 -0.993597 -0.042664 -0.104620 -0.098107 -0.133500 0.986181,8.796e-09,0.125,
865,14169,valid,1,0,0,-0.039768,-0.033479,0.267346,0.272353,-0.026710,0.178596,-1.614467,-0.053428 0.990463 0.126996 -0.994273 -0.040978 -0.098706 -0.092561 -0.131542 0.986980,1.501e-10,0.017,
866,14185,valid,1,0,0,-0.039689,-0.033781,0.267323,0.272356,-0.043132,0.164791,-1.613047,-0.050454 0.990326 0.129262 -0.996006 -0.040347 -0.079651 -0.073665 -0.132764 0.988406,7.980e-09,0.128,
867,14200,valid,1,0,0,-0.039656,-0.033940,0.267373,0.272420,-0.048051,0.155476,-1.613957,-0.050399 0.990659 0.126706 -0.996629 -0.041663 -0.070674 -0.064735 -0.129840 0.989419,2.083e-08,0.200,
868,14218,valid,1,0,0,-0.039690,-0.034018,0.267475,0.272535,-0.046883,0.155418,-1.614122,-0.050567 0.990752 0.125910 -0.996574 -0.041795 -0.071365 -0.065442 -0.129088 0.989471,1.844e-08,0.192,
869,14234,valid,1,0,0,-0.039699,-0.034126,0.267497,0.272572,-0.046337,0.154737,-1.613983,-0.050369 0.990858 0.125152 -0.996588 -0.041661 -0.071255 -0.065389 -0.128314 0.989576,2.185e-08,0.201,
870,14250,valid,1,0,0,-0.039718,-0.034107,0.267616,0.272689,-0.038043,0.160719,-1.614924,-0.051949 0.990996 0.123406 -0.995880 -0.042211 -0.080261 -0.074330 -0.127067 0.989105,3.937e-09,0.090,"$CV1,130,14250,1,0,-39.7,-34.1,267.6,-0.038043,0.160719,-1.614924*12"
871,14266,valid,1,0,0,-0.039832,-0.034044,0.267752,0.272830,-0.034999,0.163844,-1.616223,-0.053572 0.990926 0.123270 -0.995505 -0.043344 -0.084211 -0.078104 -0.127227 0.988794,1.878e-09,0.060,
872,14282,valid,1,0,0,-0.039873,-0.033969,0.267782,0.272857,-0.024659,0.173376,-1.616944,-0.055331 0.990944 0.122347 -0.994356 -0.043579 -0.096733 -0.090525 -0.127009 0.987762,3.566e-10,0.025,
873,14299,valid,1,0,0,-0.039946,-0.033877,0.267749,0.272824,-0.015113,0.182115,-1.617422,-0.056794 0.990971 0.121454 -0.993167 -0.043655 -0.108231 -0.101952 -0.126771 0.986679,2.230e-08,0.215,
874,14316,valid,1,0,0,-0.040066,-0.033717,0.267736,0.272809,-0.001203,0.198626,-1.618014,-0.059328 0.990705 0.122406 -0.990896 -0.043602 -0.127374 -0.120853 -0.128848 0.984273,5.152e-08,0.328,
875,14333,valid,1,0,0,-0.040068,-0.033474,0.267691,0.272735,0.023771,0.223100,-1.617847,-0.062268 0.990697 0.121009 -0.986472 -0.042670 -0.158278 -0.151642 -0.129227 0.979952,1.497e-07,0.550,
876,14349,valid,1,0,0,-0.040146,-0.033495,0.266962,0.272034,0.023584,0.227983,-1.617469,-0.062569 0.990296 0.124090 -0.986014 -0.042091 -0.161260 -0.154472 -0.132444 0.979080,2.335e-07,0.705,
877,14366,valid,1,0,0,-0.040375,-0.033436,0.264896,0.270033,0.042855,0.246947,-1.615460,-0.063217 0.990368 0.123187 -0.981942 -0.039670 -0.184978 -0.178310 -0.132656 0.974991,4.094e-07,0.935,"$CV1,131,14366,1,0,-40.4,-33.4,264.9,0.042855,0.246947,-1.615460*35"
878,14382,valid,1,0,0,-0.040896,-0.033695,0.261353,0.266671,0.061711,0.256567,-1.610676,-0.059798 0.991295 0.117300 -0.978679 -0.035089 -0.202378 -0.196500 -0.126901 0.972257,4.292e-07,0.980,
879,14398,valid,1,0,0,-0.041401,-0.033634,0.257184,0.262657,0.069744,0.253242,-1.609987,-0.058502 0.992185 0.110211 -0.978108 -0.034884 -0.205153 -0.199705 -0.119800 0.972505,4.106e-07,0.960,
880,14414,valid,1,0,0,-0.042038,-0.034001,0.252883,0.258598,0.057129,0.220163,-1.610361,-0.054217 0.993664 0.098451 -0.983625 -0.036176 -0.176558 -0.171877 -0.106412 0.979354,3.071e-07,0.858,
881,14430,valid,1,0,0,-0.042600,-0.034585,0.248526,0.254511,0.043597,0.193934,-1.609170,-0.049823 0.994565 0.091421 -0.987808 -0.035553 -0.151565 -0.147491 -0.097858 0.984210,1.553e-07,0.617,
882,14447,valid,1,0,0,-0.042943,-0.034685,0.244838,0.250983,0.043325,0.188727,-1.609319,-0.049359 0.994860 0.088418 -0.988324 -0.035874 -0.148085 -0.144152 -0.094695 0.985014,1.043e-07,0.506,
883,14463,valid,1,0,0,-0.043185,-0.034845,0.242012,0.248292,0.045558,0.189596,-1.608993,-0.049118 0.994950 0.087535 -0.988045 -0.035580 -0.150004 -0.146132 -0.093856 0.984803,9.776e-08,0.495,
884,14479,valid,1,0,0,-0.043274,-0.035277,0.239261,0.245689,0.063068,0.209107,-1.604291,-0.046684 0.994978 0.088540 -0.984431 -0.030790 -0.173056 -0.169460 -0.095240 0.980924,1.336e-07,0.597,"$CV1,132,14479,1,0,-43.3,-35.3,239.3,0.063068,0.209107,-1.604291*32"
885,14495,valid,1,0,0,-0.043495,-0.035814,0.235867,0.242504,0.073759,0.221108,-1.598558,-0.042473 0.995078 0.089535 -0.982021 -0.025081 -0.187098 -0.183931 -0.095872 0.978252,2.021e-07,0.751,
886,14512,valid,1,0,0,-0.043660,-0.036157,0.231627,0.238463,0.076467,0.221193,-1.594677,-0.038608 0.995349 0.088259 -0.981794 -0.021346 -0.188746 -0.185984 -0.093939 0.978052,1.433e-07,0.645,
887,14528,valid,1,0,0,-0.043556,-0.036008,0.226799,0.233733,0.072987,0.209054,-1.595265,-0.037618 0.995837 0.083027 -0.983605 -0.022235 -0.178962 -0.176371 -0.088398 0.980346,4.492e-08,0.365,
888,14544,valid,1,0,0,-0.043244,-0.035641,0.221586,0.228562,0.076586,0.200022,-1.596040,-0.037189 0.996481 0.075113 -0.984199 -0.023502 -0.175497 -0.173114 -0.080453 0.981610,1.534e-08,0.219,
889,14559,valid,1,0,0,-0.042935,-0.035179,0.215921,0.222942,0.075964,0.181972,-1.597065,-0.036073 0.997275 0.064350 -0.986189 -0.025108 -0.163710 -0.161648 -0.069367 0.984407,2.373e-08,0.271,
890,14575,valid,1,0,0,-0.042566,-0.034042,0.210746,0.217680,0.078375,0.167078,-1.602530,-0.039852 0.997790 0.053172 -0.987299 -0.031131 -0.155790 -0.153791 -0.058705 0.986358,6.964e-08,0.476,
891,14591,valid,1,0,0,-0.042348,-0.033147,0.206579,0.213464,0.077250,0.155839,-1.607092,-0.043277 0.997975 0.046624 -0.988339 -0.035946 -0.147963 -0.145987 -0.052484 0.987893,1.128e-07,0.617,"$CV1,133,14591,1,0,-42.3,-33.1,206.6,0.077250,0.155839,-1.607092*38"
892,14607,valid,1,0,0,-0.042248,-0.032621,0.202860,0.209764,0.079587,0.152094,-1.607591,-0.043382 0.998142 0.042779 -0.988455 -0.036661 -0.147014 -0.145173 -0.048663 0.988209,1.656e-07,0.767,
893,14622,valid,1,0,0,-0.042146,-0.032017,0.199147,0.206060,0.084344,0.148305,-1.609529,-0.044886 0.998298 0.037230 -0.988293 -0.038935 -0.147519 -0.145819 -0.043416 0.988358,1.875e-07,0.846,
894,14638,valid,1,0,0,-0.042092,-0.031282,0.195181,0.202104,0.097772,0.153421,-1.612569,-0.048160 0.998345 0.031432 -0.986361 -0.042576 -0.158996 -0.157394 -0.038661 0.986779,2.411e-07,0.985,
895,14655,valid,1,0,0,-0.042102,-0.031020,0.191181,0.198204,0.095678,0.141547,-1.616816,-0.051340 0.998364 0.025189 -0.987553 -0.046997 -0.150102 -0.148672 -0.032581 0.988350,2.696e-07,1.082,
896,14671,valid,1,0,0,-0.041939,-0.031196,0.187327,0.194482,0.101339,0.132948,-1.618015,-0.051705 0.998531 0.016177 -0.987779 -0.048750 -0.148039 -0.147033 -0.023634 0.988849,3.094e-07,1.199,
897,14686,valid,1,0,0,-0.041422,-0.031797,0.182970,0.190275,0.104897,0.126024,-1.614916,-0.048004 0.998798 0.009871 -0.988238 -0.046055 -0.145823 -0.145193 -0.016754 0.989262,6.295e-07,1.753,
898,14701,valid,1,0,0,-0.040738,-0.032322,0.178644,0.186059,0.098494,0.110530,-1.613236,-0.045320 0.998962 0.004622 -0.990257 -0.044314 -0.132010 -0.131668 -0.010560 0.991238,9.461e-07,2.197,"$CV1,134,14701,1,0,-40.7,-32.3,178.6,0.098494,0.110530,-1.613236*38"
899,14716,valid,1,0,0,-0.040060,-0.032497,0.174877,0.182327,0.102792,0.098049,-1.612679,-0.043883 0.999020 -0.005798 -0.990959 -0.044264 -0.126654 -0.126787 0.000187 0.991930,1.282e-06,2.624,
900,14731,valid,1,0,0,-0.039178,-0.032536,0.172835,0.180182,0.147127,0.051532,-1.610313,-0.038368 0.997278 -0.062957 -0.991213 -0.045965 -0.124035 -0.126591 0.057645 0.990279,3.471e-06,4.496,
901,14747,valid,1,0,0,-0.038991,-0.032341,0.171019,0.178364,0.147484,0.022540,-1.611780,-0.039157 0.995932 -0.081159 -0.993273 -0.047653 -0.105539 -0.108978 0.076481 0.991098,2.363e-06,3.793,
902,14763,valid,1,0,0,-0.038966,-0.031892,0.168944,0.176289,0.144994,0.000131,-1.614977,-0.042254 0.994723 -0.093494 -0.994708 -0.050655 -0.089391 -0.093655 0.089222 0.991599,2.901e-06,4.229,
903,14781,valid,1,0,0,-0.039030,-0.031309,0.166507,0.173863,0.136314,-0.024548,-1.619397,-0.047069 0.993546 -0.103199 -0.996218 -0.054246 -0.067876 -0.073037 0.099614 0.992342,4.003e-06,4.987,
904,14797,valid,1,0,0,-0.039089,-0.030562,0.164324,0.171652,0.134873,-0.039178,-1.622927,-0.050910 0.992483 -0.111294 -0.996697 -0.057551 -0.057300 -0.063275 0.108010 0.992134,5.270e-06,5.785,
905,14814,valid,1,0,0,-0.038995,-0.029764,0.162416,0.169663,0.137828,-0.043936,-1.625319,-0.053341 0.991800 -0.116135 -0.996626 -0.060141 -0.055856 -0.062383 0.112764 0.991662,6.863e-06,6.684,"$CV1,135,14814,1,0,-39.0,-29.8,162.4,0.137828,-0.043936,-1.625319*15"
906,14830,valid,1,0,0,-0.038728,-0.028715,0.160181,0.167280,0.140974,-0.047809,-1.628368,-0.056407 0.991103 -0.120556 -0.996468 -0.063408 -0.055046 -0.062200 0.117025 0.991179,7.642e-06,7.183,
907,14845,valid,1,0,0,-0.038529,-0.027982,0.158345,0.165350,0.139826,-0.054740,-1.629857,-0.058137 0.990572 -0.124047 -0.996663 -0.064724 -0.049744 -0.057304 0.120741 0.991029,8.431e-06,7.636,
908,14859,valid,1,0,0,-0.038444,-0.027302,0.156870,0.163803,0.143894,-0.057009,-1.631346,-0.059590 0.989975 -0.128057 -0.996499 -0.066531 -0.050626 -0.058638 0.124592 0.990474,9.797e-06,8.325,
909,14874,valid,1,0,0,-0.038410,-0.026697,0.155213,0.162108,0.139293,-0.067020,-1.633670,-0.062402 0.989393 -0.131174 -0.996813 -0.068328 -0.041165 -0.049691 0.128187 0.990504,9.752e-06,8.398,
910,14890,valid,1,0,0,-0.038499,-0.026374,0.153850,0.160772,0.131927,-0.080046,-1.635840,-0.065330 0.988785 -0.134301 -0.997173 -0.069698 -0.028077 -0.037122 0.132087 0.990543,1.095e-05,8.961,
911,14905,valid,1,0,0,-0.038590,-0.026074,0.153077,0.160005,0.133309,-0.082245,-1.636156,-0.065719 0.988455 -0.136518 -0.997163 -0.070090 -0.027455 -0.036707 0.134326 0.990257,1.225e-05,9.513,
912,14921,valid,1,0,0,-0.038654,-0.025831,0.152821,0.159736,0.139413,-0.075202,-1.635627,-0.064700 0.988566 -0.136201 -0.996893 -0.070173 -0.035767 -0.044915 0.133464 0.990035,1.337e-05,9.960,"$CV1,136,14921,1,0,-38.7,-25.8,152.8,0.139413,-0.075202,-1.635627*1E"
913,14936,valid,1,0,0,-0.038653,-0.025594,0.152431,0.159325,0.140118,-0.073064,-1.634720,-0.063684 0.988747 -0.135364 -0.996881 -0.069362 -0.037651 -0.046617 0.132544 0.990080,1.297e-05,9.825,
914,14951,valid,1,0,0,-0.038508,-0.025378,0.152073,0.158913,0.141979,-0.072891,-1.635137,-0.064042 0.988573 -0.136459 -0.996794 -0.069939 -0.038856 -0.047956 0.133533 0.989883,1.328e-05,9.989,
915,14966,valid,1,0,0,-0.038216,-0.025171,0.151830,0.158576,0.146484,-0.066346,-1.634726,-0.063235 0.988770 -0.135404 -0.996491 -0.070009 -0.045866 -0.054831 0.132029 0.989728,1.425e-05,10.374,
916,14982,valid,1,0,0,-0.037784,-0.025222,0.151214,0.157891,0.135447,-0.078783,-1.636187,-0.065527 0.988566 -0.135806 -0.997041 -0.070347 -0.031000 -0.040199 0.133373 0.990250,1.520e-05,10.740,
917,14998,valid,1,0,0,-0.037399,-0.025065,0.150477,0.157068,0.133259,-0.086025,-1.637606,-0.067356 0.988033 -0.138758 -0.997133 -0.071467 -0.024856 -0.034475 0.136686 0.990014,1.682e-05,11.340,
918,15016,valid,1,0,0,-0.037027,-0.024829,0.149502,0.156008,0.129636,-0.093317,-1.638396,-0.068628 0.987656 -0.140807 -0.997256 -0.071841 -0.017858 -0.027753 0.139195 0.989876,1.851e-05,11.941,
919,15033,valid,1,0,0,-0.036804,-0.024859,0.148918,0.155399,0.123587,-0.105132,-1.640871,-0.071942 0.986963 -0.143972 -0.997267 -0.073615 -0.006325 -0.016841 0.143123 0.989562,2.025e-05,12.524,"$CV1,137,15033,1,0,-36.8,-24.9,148.9,0.123587,-0.105132,-1.640871*11"
920,15048,target_missing,0,,-1,,,,,,,,,,,
921,15065,target_missing,0,,-1,,,,,,,,,,,
922,15080,target_missing,0,,-1,,,,,,,,,,,
923,15096,target_missing,0,,-1,,,,,,,,,,,
924,15112,target_missing,0,,-1,,,,,,,,,,,
925,15128,target_missing,0,,-1,,,,,,,,,,,
926,15145,target_missing,0,,-1,,,,,,,,,,,"$CV1,138,15145,0,-1,0.0,0.0,0.0,0.000000,0.000000,0.000000*36"
927,15160,target_missing,0,,-1,,,,,,,,,,,
928,15176,target_missing,0,,-1,,,,,,,,,,,
929,15192,valid,1,0,0,-0.037460,-0.025218,0.150267,0.156905,0.128863,-0.095629,-1.639005,-0.069384 0.987476 -0.141692 -0.997254 -0.072344 -0.015840 -0.025892 0.140204 0.989784,1.773e-05,11.622,
930,15210,valid,1,0,0,-0.037508,-0.025190,0.151092,0.157702,0.138997,-0.083001,-1.638538,-0.067982 0.987725 -0.140630 -0.996880 -0.072914 -0.030216 -0.040099 0.138138 0.989601,1.561e-05,10.916,
931,15227,valid,1,0,0,-0.037683,-0.025216,0.152449,0.159049,0.151417,-0.059228,-1.634498,-0.062600 0.988965 -0.134273 -0.996090 -0.070313 -0.053492 -0.062343 0.130400 0.989499,1.244e-05,9.698,
932,15243,valid,1,0,0,-0.037902,-0.025495,0.153872,0.160509,0.150583,-0.049182,-1.633549,-0.061347 0.989921 -0.127641 -0.995807 -0.069396 -0.059598 -0.067855 0.123450 0.990028,8.566e-06,8.045,
933,15259,valid,1,0,0,-0.038185,-0.025570,0.155635,0.162278,0.162831,-0.025397,-1.631506,-0.058417 0.990925 -0.121059 -0.994213 -0.068701 -0.082590 -0.090158 0.115534 0.989203,5.913e-06,6.739,"$CV1,139,15259,1,0,-38.2,-25.6,155.6,0.162831,-0.025397,-1.631506*18"
934,15275,valid,1,0,0,-0.038776,-0.025760,0.157490,0.164226,0.171578,-0.002052,-1.628141,-0.054601 0.992163 -0.112387 -0.992443 -0.066311 -0.103243 -0.109886 0.105901 0.988286,4.665e-06,5.969,
935,15291,valid,1,0,0,-0.039375,-0.025922,0.159405,0.166230,0.177142,0.022510,-1.626819,-0.053260 0.993466 -0.100942 -0.990292 -0.065545 -0.122576 -0.128391 0.093433 0.987313,6.251e-06,6.753,
936,15306,valid,1,0,0,-0.040695,-0.026343,0.162099,0.169192,0.132802,0.074792,-1.628456,-0.057712 0.997514 -0.040443 -0.989607 -0.062505 -0.129502 -0.131708 0.032549 0.990754,3.755e-06,4.951,
937,15321,valid,1,0,0,-0.041896,-0.026925,0.165828,0.173145,0.115331,0.116736,-1.624660,-0.056792 0.998381 -0.003283 -0.987655 -0.056662 -0.146035 -0.145985 -0.005051 0.989274,1.416e-06,2.916,
938,15335,valid,1,0,0,-0.042429,-0.026821,0.169570,0.176843,0.127042,0.141664,-1.621098,-0.054962 0.998478 0.004579 -0.984138 -0.053397 -0.169179 -0.168677 -0.013805 0.985575,1.418e-06,2.807,
939,15349,valid,1,0,0,-0.042643,-0.025741,0.173650,0.180652,0.136433,0.153644,-1.625831,-0.060514 0.998153 0.005333 -0.981482 -0.058528 -0.182395 -0.181746 -0.016272 0.983211,1.190e-06,2.504,
940,15365,valid,1,0,0,-0.042655,-0.024633,0.178824,0.185484,0.137032,0.167462,-1.633169,-0.069121 0.997529 0.012579 -0.979324 -0.065446 -0.191420 -0.190123 -0.025550 0.981428,9.303e-07,2.125,"$CV1,140,15365,1,0,-42.7,-24.6,178.8,0.137032,0.167462,-1.633169*33"
941,15381,valid,1,0,0,-0.043024,-0.024552,0.185330,0.191836,0.122209,0.173524,-1.635955,-0.072867 0.997013 0.025607 -0.980200 -0.066851 -0.186383 -0.184114 -0.038681 0.982143,3.582e-07,1.255,
942,15396,valid,1,0,0,-0.043590,-0.025067,0.191905,0.198383,0.117978,0.190731,-1.633534,-0.072463 0.996612 0.038908 -0.978768 -0.063557 -0.194870 -0.191736 -0.052203 0.980057,5.208e-08,0.459,
943,15412,valid,1,0,0,-0.044299,-0.026094,0.198932,0.205468,0.122971,0.217571,-1.626585,-0.068805 0.996250 0.052456 -0.975014 -0.056020 -0.214964 -0.211219 -0.065936 0.975212,1.204e-08,0.209,
944,15429,valid,1,0,0,-0.044790,-0.026586,0.206431,0.212901,0.120540,0.241881,-1.624837,-0.070524 0.995140 0.068723 -0.972008 -0.053079 -0.228875 -0.224115 -0.082941 0.971027,7.279e-08,0.493,
945,15444,valid,1,0,0,-0.045168,-0.026858,0.213213,0.219594,0.108188,0.250946,-1.626507,-0.073787 0.993904 0.081921 -0.972377 -0.053461 -0.227212 -0.221447 -0.096424 0.970394,1.178e-07,0.621,
946,15460,valid,1,0,0,-0.045715,-0.027299,0.218962,0.225343,0.110729,0.270754,-1.623862,-0.074260 0.992958 0.092308 -0.969191 -0.050063 -0.241170 -0.234850 -0.107373 0.966083,2.758e-07,0.902,
947,15476,valid,1,0,0,-0.046016,-0.027221,0.223663,0.229964,0.098140,0.268472,-1.628418,-0.078612 0.992022 0.098547 -0.971155 -0.053884 -0.232279 -0.225116 -0.113964 0.967644,2.312e-07,0.811,"$CV1,141,15476,1,0,-46.0,-27.2,223.7,0.098140,0.268472,-1.628418*35"
948,15492,valid,1,0,0,-0.046126,-0.027171,0.228730,0.234911,0.086894,0.266700,-1.632463,-0.082498 0.991118 0.104301 -0.972780 -0.057344 -0.224521 -0.216546 -0.119985 0.968871,2.172e-07,0.781,
949,15508,valid,1,0,0,-0.046016,-0.027332,0.233980,0.240023,0.091295,0.288658,-1.630757,-0.084417 0.989830 0.114499 -0.968991 -0.054768 -0.240950 -0.232229 -0.131289 0.963760,3.873e-07,1.005,
950,15524,valid,1,0,0,-0.045764,-0.027498,0.238644,0.244543,0.078150,0.295478,-1.631734,-0.086783 0.988114 0.126880 -0.969862 -0.054692 -0.237436 -0.227675 -0.143661 0.963081,4.116e-07,1.019,
951,15540,valid,1,0,0,-0.045641,-0.027768,0.242677,0.248489,0.076383,0.309356,-1.629435,-0.087078 0.986820 0.136394 -0.968144 -0.051563 -0.245028 -0.234766 -0.153386 0.959874,4.954e-07,1.123,
952,15557,valid,1,0,0,-0.045453,-0.027507,0.246067,0.251737,0.074322,0.313633,-1.631011,-0.089448 0.986106 0.139978 -0.967694 -0.052781 -0.246539 -0.235726 -0.157508 0.958971,5.626e-07,1.172,
953,15574,valid,1,0,0,-0.045125,-0.026954,0.249075,0.254561,0.066172,0.311054,-1.636223,-0.094170 0.985226 0.143046 -0.968988 -0.057733 -0.240268 -0.228459 -0.161236 0.960109,4.535e-07,1.051,
954,15589,valid,1,0,0,-0.045035,-0.027015,0.252582,0.257984,0.061737,0.312001,-1.636566,-0.094735 0.984675 0.146424 -0.969481 -0.057846 -0.238244 -0.226123 -0.164526 0.960104,5.678e-07,1.167,"$CV1,142,15589,1,0,-45.0,-27.0,252.6,0.061737,0.312001,-1.636566*3A"
955,15605,valid,1,0,0,-0.044703,-0.026858,0.256166,0.261421,0.049285,0.315884,-1.638664,-0.097646 0.982847 0.156449 -0.970575 -0.059277 -0.233387 -0.220110 -0.174635 0.959716,5.230e-07,1.085,
956,15622,valid,1,0,0,-0.044303,-0.026913,0.260336,0.265446,0.014270,0.301161,-1.641584,-0.098007 0.980500 0.170336 -0.977112 -0.062335 -0.203388 -0.188804 -0.186370 0.964168,3.181e-07,0.847,
957,15638,valid,1,0,0,-0.044129,-0.027606,0.263895,0.268979,-0.055908,0.246629,-1.640164,-0.087397 0.978982 0.184274 -0.989882 -0.064589 -0.126339 -0.111781 -0.193451 0.974721,1.511e-07,0.534,
958,15655,valid,1,0,0,-0.044141,-0.027842,0.265029,0.270118,-0.097937,0.213991,-1.639486,-0.081595 0.977947 0.192255 -0.994531 -0.067273 -0.079894 -0.065199 -0.197722 0.978087,2.082e-07,0.661,
959,15671,valid,1,0,0,-0.044270,-0.027883,0.265407,0.270515,-0.141573,0.180308,-1.636719,-0.073869 0.976903 0.200507 -0.997124 -0.068931 -0.031509 -0.016960 -0.202258 0.979185,4.429e-07,0.980,
960,15687,valid,1,0,0,-0.044537,-0.027768,0.265152,0.270297,-0.169328,0.158751,-1.632328,-0.066504 0.976376 0.205590 -0.997693 -0.067880 -0.000361 0.013602 -0.205140 0.978638,6.355e-07,1.177,
961,15705,valid,1,0,0,-0.045176,-0.027461,0.265344,0.270560,-0.202109,0.134444,-1.624826,-0.055775 0.975665 0.212056 -0.997250 -0.064820 0.035939 0.048810 -0.209468 0.976596,9.023e-07,1.417,"$CV1,143,15705,1,0,-45.2,-27.5,265.3,-0.202109,0.134444,-1.624826*13"
962,15720,valid,1,0,0,-0.046267,-0.026980,0.265864,0.271205,-0.217932,0.114158,-1.619645,-0.048487 0.976518 0.209908 -0.996307 -0.062193 0.059192 0.070857 -0.206263 0.975928,9.218e-07,1.413,
963,15737,valid,1,0,0,-0.047236,-0.026781,0.267512,0.272967,-0.200806,0.095827,-1.619124,-0.047446 0.981029 0.187967 -0.996352 -0.059845 0.060842 0.070937 -0.184395 0.980289,5.795e-07,1.108,
964,15753,valid,1,0,0,-0.047679,-0.027051,0.267042,0.272611,-0.194445,0.090599,-1.619270,-0.047522 0.982380 0.180753 -0.996412 -0.059311 0.060382 0.070039 -0.177235 0.981673,6.575e-07,1.182,
965,15772,valid,1,0,0,-0.048120,-0.027669,0.265164,0.270911,-0.196227,0.100422,-1.618614,-0.047383 0.981055 0.187843 -0.996751 -0.058701 0.055154 0.065136 -0.184619 0.980649,8.719e-07,1.370,
966,15789,valid,1,0,0,-0.048791,-0.028435,0.264267,0.270233,-0.194061,0.097557,-1.616922,-0.045605 0.981732 0.184725 -0.996820 -0.056820 0.055874 0.065349 -0.181589 0.981201,8.096e-07,1.325,
967,15805,valid,1,0,0,-0.049721,-0.029453,0.263084,0.269356,-0.192226,0.088549,-1.614064,-0.042314 0.983108 0.178067 -0.996687 -0.053926 0.060881 0.069455 -0.174901 0.982133,6.355e-07,1.182,"$CV1,144,15805,1,0,-49.7,-29.5,263.1,-0.192226,0.088549,-1.614064*1B"
968,15821,valid,1,0,0,-0.050766,-0.030634,0.260986,0.267636,-0.196960,0.085349,-1.611861,-0.039785 0.983025 0.179108 -0.996443 -0.052360 0.066036 0.074293 -0.175843 0.981611,5.108e-07,1.071,
969,15837,valid,1,0,0,-0.052089,-0.032017,0.259401,0.266509,-0.196954,0.083734,-1.607527,-0.035392 0.983380 0.178079 -0.996559 -0.048091 0.067505 0.074947 -0.175077 0.981698,4.047e-07,0.961,
970,15853,valid,1,0,0,-0.053612,-0.033472,0.258564,0.266176,-0.196579,0.074609,-1.602971,-0.030426 0.984593 0.172193 -0.996331 -0.043662 0.073608 0.079992 -0.169321 0.982309,2.543e-07,0.774,
971,15869,valid,1,0,0,-0.055158,-0.034906,0.257763,0.265900,-0.186638,0.074013,-1.599137,-0.026926 0.985845 0.165482 -0.996916 -0.038689 0.068278 0.073714 -0.163133 0.983846,1.819e-07,0.640,
972,15884,valid,1,0,0,-0.056501,-0.036213,0.255180,0.263857,-0.211266,0.081315,-1.598678,-0.025945 0.982294 0.185542 -0.996050 -0.041168 0.078671 0.084916 -0.182768 0.979482,2.915e-07,0.840,
973,15900,valid,1,0,0,-0.058009,-0.037502,0.253590,0.262830,-0.221581,0.079557,-1.596163,-0.022958 0.981337 0.190920 -0.995458 -0.040088 0.086350 0.092392 -0.188071 0.977800,5.511e-07,1.154,
974,15915,valid,1,0,0,-0.059671,-0.038578,0.252572,0.262376,-0.211962,0.079127,-1.592466,-0.019633 0.982629 0.184542 -0.996082 -0.035142 0.081147 0.086223 -0.182226 0.979469,2.015e-07,0.693,"$CV1,145,15915,1,0,-59.7,-38.6,252.6,-0.211962,0.079127,-1.592466*17"
975,15932,valid,1,0,0,-0.060986,-0.039037,0.249977,0.260253,-0.223159,0.075263,-1.589141,-0.015709 0.981826 0.189133 -0.995306 -0.033421 0.090825 0.095495 -0.186819 0.977742,3.218e-07,0.893,
976,15948,valid,1,0,0,-0.062252,-0.038709,0.247350,0.257984,-0.233041,0.067895,-1.589460,-0.015296 0.981513 0.190786 -0.994207 -0.035233 0.101546 0.106391 -0.188127 0.976365,2.420e-07,0.783,
977,15965,valid,1,0,0,-0.063479,-0.037745,0.245192,0.256073,-0.241688,0.057840,-1.594749,-0.019794 0.981555 0.190153 -0.992751 -0.041847 0.112667 0.118546 -0.186544 0.975268,4.876e-07,1.122,
978,15981,valid,1,0,0,-0.064488,-0.036492,0.242960,0.254008,-0.242846,0.055753,-1.600676,-0.025559 0.981494 0.189779 -0.992320 -0.047893 0.114051 0.121029 -0.185406 0.975180,6.057e-07,1.247,
979,15997,valid,1,0,0,-0.065270,-0.035011,0.239825,0.251002,-0.242469,0.063482,-1.605757,-0.030908 0.980430 0.194428 -0.992719 -0.052769 0.108280 0.116421 -0.189665 0.974922,5.555e-07,1.218,
980,16013,valid,1,0,0,-0.065561,-0.033875,0.237115,0.248333,-0.237437,0.071748,-1.611124,-0.036801 0.979827 0.196431 -0.993409 -0.057222 0.099321 0.108558 -0.191481 0.975474,5.777e-07,1.252,
981,16028,valid,1,0,0,-0.063850,-0.032939,0.234100,0.244877,-0.246389,0.075668,-1.615042,-0.040475 0.978018 0.204556 -0.992859 -0.062359 0.101695 0.112216 -0.198979 0.973558,5.392e-07,1.226,"$CV1,146,16028,1,0,-63.9,-32.9,234.1,-0.246389,0.075668,-1.615042*16"
982,16045,valid,1,0,0,-0.063399,-0.032111,0.230971,0.241658,-0.254652,0.074748,-1.619102,-0.044084 0.976855 0.209311 -0.991985 -0.067636 0.106730 0.118417 -0.202929 0.972007,5.816e-07,1.285,
983,16062,valid,1,0,0,-0.063779,-0.031492,0.227531,0.238390,-0.256312,0.073515,-1.621560,-0.046388 0.976670 0.209676 -0.991636 -0.070331 0.108218 0.120440 -0.202902 0.971764,6.540e-07,1.384,
984,16078,valid,1,0,0,-0.063628,-0.030994,0.223637,0.234569,-0.255206,0.080607,-1.623198,-0.048397 0.975789 0.213291 -0.992120 -0.071670 0.102767 0.115565 -0.206636 0.971569,6.299e-07,1.370,
985,16096,valid,1,0,0,-0.063570,-0.030670,0.219497,0.230567,-0.259221,0.083511,-1.622825,-0.047984 0.974865 0.217566 -0.992049 -0.071885 0.103305 0.116348 -0.210879 0.970563,5.513e-07,1.312,
986,16112,valid,1,0,0,-0.064649,-0.030335,0.215298,0.226832,-0.258153,0.081805,-1.624068,-0.049180 0.975178 0.215892 -0.991936 -0.072967 0.103627 0.116808 -0.209054 0.970903,6.660e-07,1.470,
987,16129,valid,1,0,0,-0.065750,-0.029708,0.210961,0.222958,-0.255977,0.084938,-1.627551,-0.052893 0.974855 0.216472 -0.992092 -0.076007 0.099880 0.113822 -0.209477 0.971166,6.581e-07,1.484,"$CV1,147,16129,1,0,-65.8,-29.7,211.0,-0.255977,0.084938,-1.627551*19"
988,16144,valid,1,0,0,-0.067105,-0.029125,0.206318,0.218903,-0.259812,0.085270,-1.631377,-0.056519 0.974048 0.219173 -0.991589 -0.080365 0.101451 0.116432 -0.211595 0.970397,5.818e-07,1.457,
989,16161,valid,1,0,0,-0.070189,-0.028749,0.202390,0.216136,-0.255284,0.085478,-1.636526,-0.061845 0.974315 0.216529 -0.991571 -0.084724 0.098020 0.113848 -0.208642 0.971343,6.912e-07,1.679,
990,16177,valid,1,0,0,-0.074055,-0.028289,0.198126,0.213397,-0.238228,0.081063,-1.643978,-0.069789 0.976651 0.203180 -0.991902 -0.089604 0.090009 0.106113 -0.195253 0.974995,6.939e-07,1.630,
991,16192,valid,1,0,0,-0.077133,-0.026709,0.193383,0.209904,-0.245657,0.067551,-1.648999,-0.073821 0.977012 0.199994 -0.990097 -0.095813 0.102608 0.119412 -0.190438 0.974410,7.189e-07,1.727,
992,16208,valid,1,0,0,-0.080265,-0.024443,0.189068,0.206849,-0.237508,0.059991,-1.657097,-0.081924 0.978266 0.190485 -0.989479 -0.102704 0.101899 0.119248 -0.180133 0.976387,9.790e-07,2.040,
993,16226,valid,1,0,0,-0.083490,-0.022660,0.184894,0.204131,-0.227440,0.051867,-1.663943,-0.088877 0.979758 0.179376 -0.989027 -0.108145 0.100646 0.118007 -0.168463 0.978619,1.235e-06,2.345,
994,16244,valid,1,0,0,-0.085593,-0.021395,0.181098,0.201446,-0.230707,0.036868,-1.668216,-0.092570 0.980603 0.172769 -0.987278 -0.112922 0.111941 0.129279 -0.160209 0.978581,1.283e-06,2.431,"$CV1,148,16244,1,0,-85.6,-21.4,181.1,-0.230707,0.036868,-1.668216*16"
995,16263,valid,1,0,0,-0.086830,-0.020593,0.178305,0.199390,-0.229057,0.026714,-1.671633,-0.095834 0.981485 0.165842 -0.986283 -0.116124 0.117310 0.134396 -0.152325 0.979150,1.608e-06,2.750,
996,16280,valid,1,0,0,-0.087637,-0.020471,0.175447,0.197183,-0.235183,0.019043,-1.675201,-0.098988 0.981239 0.165442 -0.984747 -0.120503 0.125512 0.143094 -0.150495 0.978200,1.754e-06,2.924,
997,16296,valid,1,0,0,-0.089609,-0.019159,0.173087,0.195847,-0.247082,0.008018,-1.690319,-0.113284 0.979362 0.167380 -0.980906 -0.137046 0.137991 0.158082 -0.148552 0.976188,2.073e-06,3.209,
998,16314,valid,1,0,0,-0.092492,-0.016000,0.171832,0.195799,-0.261150,-0.009901,-1.718774,-0.140616 0.975761 0.167684 -0.973764 -0.166909 0.154676 0.178914 -0.141534 0.973631,4.086e-06,4.538,
999,16331,valid,1,0,0,-0.094427,-0.013356,0.170269,0.195157,-0.289282,-0.016686,-1.749070,-0.168772 0.968316 0.184067 -0.964628 -0.200633 0.170995 0.202508 -0.148697 0.967926,3.584e-06,4.303,
1000,16347,valid,1,0,0,-0.097592,-0.011421,0.168430,0.194996,-0.322366,-0.017515,-1.784719,-0.201316 0.957276 0.207594 -0.953017 -0.240390 0.184312 0.226341 -0.160735 0.960694,3.381e-06,4.208,"$CV1,149,16347,1,0,-97.6,-11.4,168.4,-0.322366,-0.017515,-1.784719*36"
1001,16362,valid,1,0,0,-0.101665,-0.009593,0.167875,0.196494,-0.352339,-0.021754,-1.826649,-0.239507 0.943781 0.227847 -0.938087 -0.285441 0.196255 0.250258 -0.166736 0.953714,3.919e-06,4.568,
1002,16378,valid,1,0,0,-0.104706,-0.011702,0.167535,0.197910,-0.400192,-0.012418,-1.860865,-0.267916 0.925852 0.266496 -0.922212 -0.326497 0.207181 0.278829 -0.190259 0.941306,2.985e-06,3.999,
1003,16392,target_missing,0,,-1,,,,,,,,,,,
1004,16407,target_missing,0,,-1,,,,,,,,,,,
1005,16422,target_missing,0,,-1,,,,,,,,,,,
1006,16438,target_missing,0,,-1,,,,,,,,,,,
1007,16453,target_missing,0,,-1,,,,,,,,,,,"$CV1,150,16453,0,-1,0.0,0.0,0.0,0.000000,0.000000,0.000000*39"
1008,16469,target_missing,0,,-1,,,,,,,,,,,
1009,16484,target_missing,0,,-1,,,,,,,,,,,
1010,16500,target_missing,0,,-1,,,,,,,,,,,
1011,16517,target_missing,0,,-1,,,,,,,,,,,
1012,16532,target_missing,0,,-1,,,,,,,,,,,
1013,16548,target_missing,0,,-1,,,,,,,,,,,
1014,16564,target_missing,0,,-1,,,,,,,,,,,"$CV1,151,16564,0,-1,0.0,0.0,0.0,0.000000,0.000000,0.000000*3D"
1015,16576,target_missing,0,,-1,,,,,,,,,,,
1016,16588,target_missing,0,,-1,,,,,,,,,,,
1017,16600,target_missing,0,,-1,,,,,,,,,,,
1018,16610,target_missing,0,,-1,,,,,,,,,,,
1019,16620,target_missing,0,,-1,,,,,,,,,,,
1020,16631,target_missing,0,,-1,,,,,,,,,,,
1021,16640,target_missing,0,,-1,,,,,,,,,,,
1022,16649,target_missing,0,,-1,,,,,,,,,,,
1023,16658,target_missing,0,,-1,,,,,,,,,,,
1024,16668,target_missing,0,,-1,,,,,,,,,,,"$CV1,152,16668,0,-1,0.0,0.0,0.0,0.000000,0.000000,0.000000*31"
1025,16677,target_missing,0,,-1,,,,,,,,,,,
1026,16686,target_missing,0,,-1,,,,,,,,,,,
1027,16695,target_missing,0,,-1,,,,,,,,,,,
1028,16706,target_missing,0,,-1,,,,,,,,,,,
1029,16716,target_missing,0,,-1,,,,,,,,,,,
1030,16726,target_missing,0,,-1,,,,,,,,,,,
1031,16737,target_missing,0,,-1,,,,,,,,,,,
1032,16747,target_missing,0,,-1,,,,,,,,,,,
1033,16759,target_missing,0,,-1,,,,,,,,,,,
1034,16768,target_missing,0,,-1,,,,,,,,,,,"$CV1,153,16768,0,-1,0.0,0.0,0.0,0.000000,0.000000,0.000000*31"
1035,16777,target_missing,0,,-1,,,,,,,,,,,
1036,16785,target_missing,0,,-1,,,,,,,,,,,
1037,16794,target_missing,0,,-1,,,,,,,,,,,
1038,16803,target_missing,0,,-1,,,,,,,,,,,
1039,16813,target_missing,0,,-1,,,,,,,,,,,
1040,16822,target_missing,0,,-1,,,,,,,,,,,
1041,16831,target_missing,0,,-1,,,,,,,,,,,
1042,16840,target_missing,0,,-1,,,,,,,,,,,
1043,16848,target_missing,0,,-1,,,,,,,,,,,
1044,16856,target_missing,0,,-1,,,,,,,,,,,
1045,16865,target_missing,0,,-1,,,,,,,,,,,
1046,16874,target_missing,0,,-1,,,,,,,,,,,"$CV1,154,16874,0,-1,0.0,0.0,0.0,0.000000,0.000000,0.000000*34"
1047,16884,target_missing,0,,-1,,,,,,,,,,,
1048,16894,target_missing,0,,-1,,,,,,,,,,,
1049,16903,target_missing,0,,-1,,,,,,,,,,,
1050,16912,target_missing,0,,-1,,,,,,,,,,,
1051,16920,target_missing,0,,-1,,,,,,,,,,,
1052,16930,target_missing,0,,-1,,,,,,,,,,,
1053,16939,target_missing,0,,-1,,,,,,,,,,,
1054,16949,target_missing,0,,-1,,,,,,,,,,,
1055,16959,target_missing,0,,-1,,,,,,,,,,,
1056,16969,target_missing,0,,-1,,,,,,,,,,,
1057,16979,target_missing,0,,-1,,,,,,,,,,,"$CV1,155,16979,0,-1,0.0,0.0,0.0,0.000000,0.000000,0.000000*39"
1058,16990,target_missing,0,,-1,,,,,,,,,,,
1059,17001,target_missing,0,,-1,,,,,,,,,,,
1060,17011,target_missing,0,,-1,,,,,,,,,,,
1061,17021,target_missing,0,,-1,,,,,,,,,,,
1062,17032,target_missing,0,,-1,,,,,,,,,,,
1063,17042,target_missing,0,,-1,,,,,,,,,,,
1064,17052,target_missing,0,,-1,,,,,,,,,,,
1065,17063,target_missing,0,,-1,,,,,,,,,,,
1066,17073,target_missing,0,,-1,,,,,,,,,,,
1067,17082,target_missing,0,,-1,,,,,,,,,,,"$CV1,156,17082,0,-1,0.0,0.0,0.0,0.000000,0.000000,0.000000*36"
1068,17091,target_missing,0,,-1,,,,,,,,,,,
1069,17102,target_missing,0,,-1,,,,,,,,,,,
1070,17112,target_missing,0,,-1,,,,,,,,,,,
1071,17120,target_missing,0,,-1,,,,,,,,,,,
1072,17130,target_missing,0,,-1,,,,,,,,,,,
1073,17140,target_missing,0,,-1,,,,,,,,,,,
1074,17149,target_missing,0,,-1,,,,,,,,,,,
1075,17159,target_missing,0,,-1,,,,,,,,,,,
1076,17169,target_missing,0,,-1,,,,,,,,,,,
1077,17178,target_missing,0,,-1,,,,,,,,,,,
1078,17190,target_missing,0,,-1,,,,,,,,,,,"$CV1,157,17190,0,-1,0.0,0.0,0.0,0.000000,0.000000,0.000000*35"
1079,17200,target_missing,0,,-1,,,,,,,,,,,
1080,17212,target_missing,0,,-1,,,,,,,,,,,
1081,17223,target_missing,0,,-1,,,,,,,,,,,
1082,17233,target_missing,0,,-1,,,,,,,,,,,
1083,17242,target_missing,0,,-1,,,,,,,,,,,
1084,17251,target_missing,0,,-1,,,,,,,,,,,
1085,17260,target_missing,0,,-1,,,,,,,,,,,
1086,17270,target_missing,0,,-1,,,,,,,,,,,
1087,17281,target_missing,0,,-1,,,,,,,,,,,
1088,17289,target_missing,0,,-1,,,,,,,,,,,
1089,17298,target_missing,0,,-1,,,,,,,,,,,"$CV1,158,17298,0,-1,0.0,0.0,0.0,0.000000,0.000000,0.000000*31"
1090,17307,target_missing,0,,-1,,,,,,,,,,,
1091,17315,target_missing,0,,-1,,,,,,,,,,,
1092,17323,target_missing,0,,-1,,,,,,,,,,,
1093,17333,target_missing,0,,-1,,,,,,,,,,,
1094,17342,target_missing,0,,-1,,,,,,,,,,,
1095,17352,target_missing,0,,-1,,,,,,,,,,,
1096,17361,target_missing,0,,-1,,,,,,,,,,,
1097,17370,target_missing,0,,-1,,,,,,,,,,,
1098,17379,target_missing,0,,-1,,,,,,,,,,,
1099,17388,target_missing,0,,-1,,,,,,,,,,,
1100,17397,target_missing,0,,-1,,,,,,,,,,,
1101,17406,target_missing,0,,-1,,,,,,,,,,,"$CV1,159,17406,0,-1,0.0,0.0,0.0,0.000000,0.000000,0.000000*31"
1102,17415,target_missing,0,,-1,,,,,,,,,,,
1103,17424,target_missing,0,,-1,,,,,,,,,,,
1104,17434,target_missing,0,,-1,,,,,,,,,,,
1105,17448,target_missing,0,,-1,,,,,,,,,,,
1106,17458,target_missing,0,,-1,,,,,,,,,,,
1107,17467,target_missing,0,,-1,,,,,,,,,,,
1108,17478,target_missing,0,,-1,,,,,,,,,,,
1109,17488,target_missing,0,,-1,,,,,,,,,,,
1110,17497,target_missing,0,,-1,,,,,,,,,,,
1111,17506,target_missing,0,,-1,,,,,,,,,,,"$CV1,160,17506,0,-1,0.0,0.0,0.0,0.000000,0.000000,0.000000*3A"
1112,17515,target_missing,0,,-1,,,,,,,,,,,
1113,17523,target_missing,0,,-1,,,,,,,,,,,
1114,17532,target_missing,0,,-1,,,,,,,,,,,
1115,17540,target_missing,0,,-1,,,,,,,,,,,
1116,17549,target_missing,0,,-1,,,,,,,,,,,
1117,17559,target_missing,0,,-1,,,,,,,,,,,
1118,17568,target_missing,0,,-1,,,,,,,,,,,
1119,17577,target_missing,0,,-1,,,,,,,,,,,
1120,17587,target_missing,0,,-1,,,,,,,,,,,
1121,17599,target_missing,0,,-1,,,,,,,,,,,
1122,17609,target_missing,0,,-1,,,,,,,,,,,"$CV1,161,17609,0,-1,0.0,0.0,0.0,0.000000,0.000000,0.000000*37"
1123,17619,target_missing,0,,-1,,,,,,,,,,,
1124,17628,target_missing,0,,-1,,,,,,,,,,,
1125,17637,target_missing,0,,-1,,,,,,,,,,,
1126,17646,target_missing,0,,-1,,,,,,,,,,,
1127,17656,target_missing,0,,-1,,,,,,,,,,,
1128,17666,target_missing,0,,-1,,,,,,,,,,,
1129,17674,target_missing,0,,-1,,,,,,,,,,,
1130,17684,target_missing,0,,-1,,,,,,,,,,,
1131,17693,target_missing,0,,-1,,,,,,,,,,,
1132,17702,target_missing,0,,-1,,,,,,,,,,,
1133,17711,target_missing,0,,-1,,,,,,,,,,,"$CV1,162,17711,0,-1,0.0,0.0,0.0,0.000000,0.000000,0.000000*3C"
1134,17720,target_missing,0,,-1,,,,,,,,,,,
1135,17729,target_missing,0,,-1,,,,,,,,,,,
1136,17739,target_missing,0,,-1,,,,,,,,,,,
1137,17749,target_missing,0,,-1,,,,,,,,,,,
1138,17760,target_missing,0,,-1,,,,,,,,,,,
1139,17769,target_missing,0,,-1,,,,,,,,,,,
1140,17780,target_missing,0,,-1,,,,,,,,,,,
1141,17791,target_missing,0,,-1,,,,,,,,,,,
1142,17800,target_missing,0,,-1,,,,,,,,,,,
1143,17811,target_missing,0,,-1,,,,,,,,,,,
1144,17820,target_missing,0,,-1,,,,,,,,,,,"$CV1,163,17820,0,-1,0.0,0.0,0.0,0.000000,0.000000,0.000000*30"
1145,17829,target_missing,0,,-1,,,,,,,,,,,
1146,17839,target_missing,0,,-1,,,,,,,,,,,
1147,17848,target_missing,0,,-1,,,,,,,,,,,
1148,17858,target_missing,0,,-1,,,,,,,,,,,
1149,17866,target_missing,0,,-1,,,,,,,,,,,
1150,17877,target_missing,0,,-1,,,,,,,,,,,
1151,17886,target_missing,0,,-1,,,,,,,,,,,
1152,17895,target_missing,0,,-1,,,,,,,,,,,
1153,17905,target_missing,0,,-1,,,,,,,,,,,
1154,17914,target_missing,0,,-1,,,,,,,,,,,
1155,17923,target_missing,0,,-1,,,,,,,,,,,"$CV1,164,17923,0,-1,0.0,0.0,0.0,0.000000,0.000000,0.000000*35"
1156,17933,target_missing,0,,-1,,,,,,,,,,,
1157,17942,target_missing,0,,-1,,,,,,,,,,,
1158,17951,target_missing,0,,-1,,,,,,,,,,,
1159,17959,target_missing,0,,-1,,,,,,,,,,,
1160,17968,target_missing,0,,-1,,,,,,,,,,,
1161,17977,target_missing,0,,-1,,,,,,,,,,,
1162,17986,target_missing,0,,-1,,,,,,,,,,,
1163,17995,target_missing,0,,-1,,,,,,,,,,,
1164,18005,target_missing,0,,-1,,,,,,,,,,,
1165,18016,target_missing,0,,-1,,,,,,,,,,,
1166,18026,target_missing,0,,-1,,,,,,,,,,,"$CV1,165,18026,0,-1,0.0,0.0,0.0,0.000000,0.000000,0.000000*37"
1167,18035,target_missing,0,,-1,,,,,,,,,,,
1168,18044,target_missing,0,,-1,,,,,,,,,,,
1169,18053,target_missing,0,,-1,,,,,,,,,,,
1170,18063,target_missing,0,,-1,,,,,,,,,,,
1171,18072,target_missing,0,,-1,,,,,,,,,,,
1172,18080,target_missing,0,,-1,,,,,,,,,,,
1173,18089,target_missing,0,,-1,,,,,,,,,,,
1174,18097,target_missing,0,,-1,,,,,,,,,,,
1175,18108,target_missing,0,,-1,,,,,,,,,,,
1176,18117,target_missing,0,,-1,,,,,,,,,,,
1177,18127,target_missing,0,,-1,,,,,,,,,,,"$CV1,166,18127,0,-1,0.0,0.0,0.0,0.000000,0.000000,0.000000*34"
1178,18136,target_missing,0,,-1,,,,,,,,,,,
1179,18144,target_missing,0,,-1,,,,,,,,,,,
1180,18153,target_missing,0,,-1,,,,,,,,,,,
1181,18163,target_missing,0,,-1,,,,,,,,,,,
1182,18172,target_missing,0,,-1,,,,,,,,,,,
1183,18182,target_missing,0,,-1,,,,,,,,,,,
1184,18191,target_missing,0,,-1,,,,,,,,,,,
1185,18201,target_missing,0,,-1,,,,,,,,,,,
1186,18214,target_missing,0,,-1,,,,,,,,,,,
1187,18224,target_missing,0,,-1,,,,,,,,,,,
1188,18234,target_missing,0,,-1,,,,,,,,,,,"$CV1,167,18234,0,-1,0.0,0.0,0.0,0.000000,0.000000,0.000000*34"
1189,18245,target_missing,0,,-1,,,,,,,,,,,
1190,18255,target_missing,0,,-1,,,,,,,,,,,
1191,18264,target_missing,0,,-1,,,,,,,,,,,
1192,18273,target_missing,0,,-1,,,,,,,,,,,
1193,18283,target_missing,0,,-1,,,,,,,,,,,
1194,18293,target_missing,0,,-1,,,,,,,,,,,
1195,18303,target_missing,0,,-1,,,,,,,,,,,
1196,18313,target_missing,0,,-1,,,,,,,,,,,
1197,18322,target_missing,0,,-1,,,,,,,,,,,
1198,18333,target_missing,0,,-1,,,,,,,,,,,
1199,18342,target_missing,0,,-1,,,,,,,,,,,"$CV1,168,18342,0,-1,0.0,0.0,0.0,0.000000,0.000000,0.000000*3B"
1200,18352,target_missing,0,,-1,,,,,,,,,,,
1201,18363,target_missing,0,,-1,,,,,,,,,,,
1202,18375,target_missing,0,,-1,,,,,,,,,,,
1203,18384,target_missing,0,,-1,,,,,,,,,,,
1204,18394,target_missing,0,,-1,,,,,,,,,,,
1205,18405,target_missing,0,,-1,,,,,,,,,,,
1206,18414,target_missing,0,,-1,,,,,,,,,,,
1207,18423,target_missing,0,,-1,,,,,,,,,,,
1208,18433,target_missing,0,,-1,,,,,,,,,,,
1209,18443,target_missing,0,,-1,,,,,,,,,,,"$CV1,169,18443,0,-1,0.0,0.0,0.0,0.000000,0.000000,0.000000*3C"
1210,18453,target_missing,0,,-1,,,,,,,,,,,
1211,18462,target_missing,0,,-1,,,,,,,,,,,
1212,18472,target_missing,0,,-1,,,,,,,,,,,
1213,18481,target_missing,0,,-1,,,,,,,,,,,
1214,18490,target_missing,0,,-1,,,,,,,,,,,
1215,18498,target_missing,0,,-1,,,,,,,,,,,
1216,18506,target_missing,0,,-1,,,,,,,,,,,
1217,18515,target_missing,0,,-1,,,,,,,,,,,
1218,18523,target_missing,0,,-1,,,,,,,,,,,
1219,18531,target_missing,0,,-1,,,,,,,,,,,
1220,18539,target_missing,0,,-1,,,,,,,,,,,
1221,18547,target_missing,0,,-1,,,,,,,,,,,"$CV1,170,18547,0,-1,0.0,0.0,0.0,0.000000,0.000000,0.000000*31"
1222,18556,target_missing,0,,-1,,,,,,,,,,,
1223,18564,target_missing,0,,-1,,,,,,,,,,,
1224,18572,target_missing,0,,-1,,,,,,,,,,,
1225,18581,target_missing,0,,-1,,,,,,,,,,,
1226,18590,target_missing,0,,-1,,,,,,,,,,,
1227,18598,target_missing,0,,-1,,,,,,,,,,,
1228,18607,target_missing,0,,-1,,,,,,,,,,,
1229,18615,target_missing,0,,-1,,,,,,,,,,,
1230,18624,target_missing,0,,-1,,,,,,,,,,,
1231,18632,target_missing,0,,-1,,,,,,,,,,,
1232,18640,target_missing,0,,-1,,,,,,,,,,,
1233,18649,target_missing,0,,-1,,,,,,,,,,,"$CV1,171,18649,0,-1,0.0,0.0,0.0,0.000000,0.000000,0.000000*3D"
1234,18658,target_missing,0,,-1,,,,,,,,,,,
1235,18668,target_missing,0,,-1,,,,,,,,,,,
1236,18678,target_missing,0,,-1,,,,,,,,,,,
1237,18689,target_missing,0,,-1,,,,,,,,,,,
1238,18699,target_missing,0,,-1,,,,,,,,,,,
1239,18710,target_missing,0,,-1,,,,,,,,,,,
1240,18722,target_missing,0,,-1,,,,,,,,,,,
1241,18735,target_missing,0,,-1,,,,,,,,,,,
1242,18746,target_missing,0,,-1,,,,,,,,,,,
1243,18756,target_missing,0,,-1,,,,,,,,,,,"$CV1,172,18756,0,-1,0.0,0.0,0.0,0.000000,0.000000,0.000000*31"
1244,18767,target_missing,0,,-1,,,,,,,,,,,
1245,18777,target_missing,0,,-1,,,,,,,,,,,
1246,18788,target_missing,0,,-1,,,,,,,,,,,
1247,18799,target_missing,0,,-1,,,,,,,,,,,
1248,18809,target_missing,0,,-1,,,,,,,,,,,
1249,18820,target_missing,0,,-1,,,,,,,,,,,
1250,18831,target_missing,0,,-1,,,,,,,,,,,
1251,18841,target_missing,0,,-1,,,,,,,,,,,
1252,18850,target_missing,0,,-1,,,,,,,,,,,
1253,18861,target_missing,0,,-1,,,,,,,,,,,"$CV1,173,18861,0,-1,0.0,0.0,0.0,0.000000,0.000000,0.000000*3B"
1254,18870,target_missing,0,,-1,,,,,,,,,,,
1255,18879,target_missing,0,,-1,,,,,,,,,,,
1256,18889,target_missing,0,,-1,,,,,,,,,,,
1257,18898,target_missing,0,,-1,,,,,,,,,,,
1258,18908,target_missing,0,,-1,,,,,,,,,,,
1259,18917,target_missing,0,,-1,,,,,,,,,,,
1260,18927,target_missing,0,,-1,,,,,,,,,,,
1261,18937,target_missing,0,,-1,,,,,,,,,,,
1262,18946,target_missing,0,,-1,,,,,,,,,,,
1263,18955,target_missing,0,,-1,,,,,,,,,,,
1264,18964,target_missing,0,,-1,,,,,,,,,,,"$CV1,174,18964,0,-1,0.0,0.0,0.0,0.000000,0.000000,0.000000*38"
1265,18972,target_missing,0,,-1,,,,,,,,,,,
1266,18981,target_missing,0,,-1,,,,,,,,,,,
1267,18990,target_missing,0,,-1,,,,,,,,,,,
1268,18999,target_missing,0,,-1,,,,,,,,,,,
1269,19007,target_missing,0,,-1,,,,,,,,,,,
1270,19017,target_missing,0,,-1,,,,,,,,,,,
1271,19026,target_missing,0,,-1,,,,,,,,,,,
1272,19037,target_missing,0,,-1,,,,,,,,,,,
1273,19050,target_missing,0,,-1,,,,,,,,,,,
1274,19060,target_missing,0,,-1,,,,,,,,,,,
1275,19071,target_missing,0,,-1,,,,,,,,,,,"$CV1,175,19071,0,-1,0.0,0.0,0.0,0.000000,0.000000,0.000000*35"
1276,19081,target_missing,0,,-1,,,,,,,,,,,
1277,19092,target_missing,0,,-1,,,,,,,,,,,
1278,19101,target_missing,0,,-1,,,,,,,,,,,
1279,19111,target_missing,0,,-1,,,,,,,,,,,
1280,19119,target_missing,0,,-1,,,,,,,,,,,
1281,19129,target_missing,0,,-1,,,,,,,,,,,
1282,19137,target_missing,0,,-1,,,,,,,,,,,
1283,19146,target_missing,0,,-1,,,,,,,,,,,
1284,19154,target_missing,0,,-1,,,,,,,,,,,
1285,19164,target_missing,0,,-1,,,,,,,,,,,
1286,19174,target_missing,0,,-1,,,,,,,,,,,"$CV1,176,19174,0,-1,0.0,0.0,0.0,0.000000,0.000000,0.000000*32"
1287,19186,target_missing,0,,-1,,,,,,,,,,,
1288,19198,target_missing,0,,-1,,,,,,,,,,,
1289,19209,target_missing,0,,-1,,,,,,,,,,,
1290,19221,target_missing,0,,-1,,,,,,,,,,,
1291,19233,target_missing,0,,-1,,,,,,,,,,,
1292,19245,target_missing,0,,-1,,,,,,,,,,,
1293,19256,target_missing,0,,-1,,,,,,,,,,,
1294,19268,target_missing,0,,-1,,,,,,,,,,,
1295,19280,target_missing,0,,-1,,,,,,,,,,,"$CV1,177,19280,0,-1,0.0,0.0,0.0,0.000000,0.000000,0.000000*3B"
1296,19292,target_missing,0,,-1,,,,,,,,,,,
1297,19303,target_missing,0,,-1,,,,,,,,,,,
1298,19315,target_missing,0,,-1,,,,,,,,,,,
1299,19326,target_missing,0,,-1,,,,,,,,,,,
1300,19337,target_missing,0,,-1,,,,,,,,,,,
1301,19350,target_missing,0,,-1,,,,,,,,,,,
1302,19361,target_missing,0,,-1,,,,,,,,,,,
1303,19371,target_missing,0,,-1,,,,,,,,,,,
1304,19380,target_missing,0,,-1,,,,,,,,,,,"$CV1,178,19380,0,-1,0.0,0.0,0.0,0.000000,0.000000,0.000000*35"
1305,19390,target_missing,0,,-1,,,,,,,,,,,
1306,19399,target_missing,0,,-1,,,,,,,,,,,
1307,19408,target_missing,0,,-1,,,,,,,,,,,
1308,19416,target_missing,0,,-1,,,,,,,,,,,
1309,19426,target_missing,0,,-1,,,,,,,,,,,
1310,19438,target_missing,0,,-1,,,,,,,,,,,
1311,19451,target_missing,0,,-1,,,,,,,,,,,
1312,19466,target_missing,0,,-1,,,,,,,,,,,
1313,19477,target_missing,0,,-1,,,,,,,,,,,
1314,19489,target_missing,0,,-1,,,,,,,,,,,"$CV1,179,19489,0,-1,0.0,0.0,0.0,0.000000,0.000000,0.000000*3A"
1315,19502,target_missing,0,,-1,,,,,,,,,,,
1316,19512,target_missing,0,,-1,,,,,,,,,,,
1317,19524,target_missing,0,,-1,,,,,,,,,,,
1318,19535,target_missing,0,,-1,,,,,,,,,,,
1319,19546,target_missing,0,,-1,,,,,,,,,,,
1320,19557,target_missing,0,,-1,,,,,,,,,,,
1321,19571,target_missing,0,,-1,,,,,,,,,,,
1322,19581,target_missing,0,,-1,,,,,,,,,,,
1323,19591,target_missing,0,,-1,,,,,,,,,,,"$CV1,180,19591,0,-1,0.0,0.0,0.0,0.000000,0.000000,0.000000*34"
1324,19602,target_missing,0,,-1,,,,,,,,,,,
1325,19612,target_missing,0,,-1,,,,,,,,,,,
1326,19622,target_missing,0,,-1,,,,,,,,,,,
1327,19633,target_missing,0,,-1,,,,,,,,,,,
1328,19643,target_missing,0,,-1,,,,,,,,,,,
1329,19651,target_missing,0,,-1,,,,,,,,,,,
1330,19660,target_missing,0,,-1,,,,,,,,,,,
1331,19668,target_missing,0,,-1,,,,,,,,,,,
1332,19677,target_missing,0,,-1,,,,,,,,,,,
1333,19686,target_missing,0,,-1,,,,,,,,,,,
1334,19694,target_missing,0,,-1,,,,,,,,,,,"$CV1,181,19694,0,-1,0.0,0.0,0.0,0.000000,0.000000,0.000000*33"
1335,19703,target_missing,0,,-1,,,,,,,,,,,
1336,19711,target_missing,0,,-1,,,,,,,,,,,
1337,19719,target_missing,0,,-1,,,,,,,,,,,
