frame,t_ms,status,num_detections,detected_ids,target_id,x_m,y_m,z_m,distance_m,rx,ry,rz,R_rowmajor,pose_err,corner_reproj_px,serial_line
0,26,target_missing,0,,-1,,,,,,,,,,,"$CV1,0,26,0,-1,0.0,0.0,0.0,0.000000,0.000000,0.000000*0C"
1,107,target_missing,0,,-1,,,,,,,,,,,
2,127,target_missing,0,,-1,,,,,,,,,,,"$CV1,1,127,0,-1,0.0,0.0,0.0,0.000000,0.000000,0.000000*3D"
3,153,target_missing,0,,-1,,,,,,,,,,,
4,172,target_missing,0,,-1,,,,,,,,,,,
5,191,target_missing,0,,-1,,,,,,,,,,,
6,208,target_missing,0,,-1,,,,,,,,,,,
7,224,target_missing,0,,-1,,,,,,,,,,,
8,240,target_missing,0,,-1,,,,,,,,,,,"$CV1,2,240,0,-1,0.0,0.0,0.0,0.000000,0.000000,0.000000*3C"
9,257,target_missing,0,,-1,,,,,,,,,,,
10,280,target_missing,0,,-1,,,,,,,,,,,
11,298,target_missing,0,,-1,,,,,,,,,,,
12,313,target_missing,0,,-1,,,,,,,,,,,
13,342,target_missing,0,,-1,,,,,,,,,,,"$CV1,3,342,0,-1,0.0,0.0,0.0,0.000000,0.000000,0.000000*3E"
14,359,target_missing,0,,-1,,,,,,,,,,,
15,376,target_missing,0,,-1,,,,,,,,,,,
16,391,target_missing,0,,-1,,,,,,,,,,,
17,408,target_missing,0,,-1,,,,,,,,,,,
18,434,target_missing,0,,-1,,,,,,,,,,,
19,468,target_missing,0,,-1,,,,,,,,,,,"$CV1,4,468,0,-1,0.0,0.0,0.0,0.000000,0.000000,0.000000*36"
20,485,target_missing,0,,-1,,,,,,,,,,,
21,515,target_missing,0,,-1,,,,,,,,,,,
22,535,target_missing,0,,-1,,,,,,,,,,,
23,564,target_missing,0,,-1,,,,,,,,,,,
24,584,target_missing,0,,-1,,,,,,,,,,,"$CV1,5,584,0,-1,0.0,0.0,0.0,0.000000,0.000000,0.000000*34"
25,607,target_missing,0,,-1,,,,,,,,,,,
26,624,target_missing,0,,-1,,,,,,,,,,,
27,639,target_missing,0,,-1,,,,,,,,,,,
28,653,target_missing,0,,-1,,,,,,,,,,,
29,670,target_missing,0,,-1,,,,,,,,,,,
30,687,target_missing,0,,-1,,,,,,,,,,,"$CV1,6,687,0,-1,0.0,0.0,0.0,0.000000,0.000000,0.000000*37"
31,703,target_missing,0,,-1,,,,,,,,,,,
32,731,target_missing,0,,-1,,,,,,,,,,,
33,764,target_missing,0,,-1,,,,,,,,,,,
34,781,target_missing,0,,-1,,,,,,,,,,,
35,796,target_missing,0,,-1,,,,,,,,,,,"$CV1,7,796,0,-1,0.0,0.0,0.0,0.000000,0.000000,0.000000*37"
36,824,target_missing,0,,-1,,,,,,,,,,,
37,859,target_missing,0,,-1,,,,,,,,,,,
38,889,target_missing,0,,-1,,,,,,,,,,,
39,909,target_missing,0,,-1,,,,,,,,,,,"$CV1,8,909,0,-1,0.0,0.0,0.0,0.000000,0.000000,0.000000*30"
40,926,target_missing,0,,-1,,,,,,,,,,,
41,948,target_missing,0,,-1,,,,,,,,,,,
42,967,target_missing,0,,-1,,,,,,,,,,,
43,987,target_missing,0,,-1,,,,,,,,,,,
44,1006,target_missing,0,,-1,,,,,,,,,,,
45,1044,target_missing,0,,-1,,,,,,,,,,,"$CV1,9,1044,0,-1,0.0,0.0,0.0,0.000000,0.000000,0.000000*00"
46,1073,target_missing,0,,-1,,,,,,,,,,,
47,1094,target_missing,0,,-1,,,,,,,,,,,
48,1123,target_missing,0,,-1,,,,,,,,,,,
49,1157,target_missing,0,,-1,,,,,,,,,,,"$CV1,10,1157,0,-1,0.0,0.0,0.0,0.000000,0.000000,0.000000*3B"
50,1187,target_missing,0,,-1,,,,,,,,,,,
51,1212,target_missing,0,,-1,,,,,,,,,,,
52,1233,target_missing,0,,-1,,,,,,,,,,,
53,1267,target_missing,0,,-1,,,,,,,,,,,"$CV1,11,1267,0,-1,0.0,0.0,0.0,0.000000,0.000000,0.000000*3A"
54,1296,target_missing,0,,-1,,,,,,,,,,,
55,1328,target_missing,0,,-1,,,,,,,,,,,
56,1360,target_missing,0,,-1,,,,,,,,,,,
57,1385,target_missing,0,,-1,,,,,,,,,,,"$CV1,12,1385,0,-1,0.0,0.0,0.0,0.000000,0.000000,0.000000*34"
58,1422,target_missing,0,,-1,,,,,,,,,,,
59,1457,target_missing,0,,-1,,,,,,,,,,,
60,1479,target_missing,0,,-1,,,,,,,,,,,
61,1512,target_missing,0,,-1,,,,,,,,,,,"$CV1,13,1512,0,-1,0.0,0.0,0.0,0.000000,0.000000,0.000000*3D"
62,1548,target_missing,0,,-1,,,,,,,,,,,
63,1578,target_missing,0,,-1,,,,,,,,,,,
64,1610,target_missing,0,,-1,,,,,,,,,,,
65,1644,target_missing,0,,-1,,,,,,,,,,,"$CV1,14,1644,0,-1,0.0,0.0,0.0,0.000000,0.000000,0.000000*3A"
66,1669,target_missing,0,,-1,,,,,,,,,,,
67,1701,target_missing,0,,-1,,,,,,,,,,,
68,1732,target_missing,0,,-1,,,,,,,,,,,
69,1759,target_missing,0,,-1,,,,,,,,,,,"$CV1,15,1759,0,-1,0.0,0.0,0.0,0.000000,0.000000,0.000000*36"
70,1784,target_missing,0,,-1,,,,,,,,,,,
71,1809,target_missing,0,,-1,,,,,,,,,,,
72,1842,target_missing,0,,-1,,,,,,,,,,,
73,1872,target_missing,0,,-1,,,,,,,,,,,"$CV1,16,1872,0,-1,0.0,0.0,0.0,0.000000,0.000000,0.000000*33"
74,1894,target_missing,0,,-1,,,,,,,,,,,
75,1917,target_missing,0,,-1,,,,,,,,,,,
76,1938,target_missing,0,,-1,,,,,,,,,,,
77,1968,target_missing,0,,-1,,,,,,,,,,,
78,1990,target_missing,0,,-1,,,,,,,,,,,"$CV1,17,1990,0,-1,0.0,0.0,0.0,0.000000,0.000000,0.000000*3F"
79,2012,target_missing,0,,-1,,,,,,,,,,,
80,2042,target_missing,0,,-1,,,,,,,,,,,
81,2075,target_missing,0,,-1,,,,,,,,,,,
82,2105,target_missing,0,,-1,,,,,,,,,,,"$CV1,18,2105,0,-1,0.0,0.0,0.0,0.000000,0.000000,0.000000*37"
83,2125,target_missing,0,,-1,,,,,,,,,,,
84,2153,target_missing,0,,-1,,,,,,,,,,,
85,2178,target_missing,0,,-1,,,,,,,,,,,
86,2200,target_missing,0,,-1,,,,,,,,,,,
87,2235,target_missing,0,,-1,,,,,,,,,,,"$CV1,19,2235,0,-1,0.0,0.0,0.0,0.000000,0.000000,0.000000*36"
88,2272,target_missing,0,,-1,,,,,,,,,,,
89,2295,target_missing,0,,-1,,,,,,,,,,,
90,2329,target_missing,0,,-1,,,,,,,,,,,
91,2359,target_missing,0,,-1,,,,,,,,,,,"$CV1,20,2359,0,-1,0.0,0.0,0.0,0.000000,0.000000,0.000000*37"
92,2390,target_missing,0,,-1,,,,,,,,,,,
93,2411,target_missing,0,,-1,,,,,,,,,,,
94,2437,target_missing,0,,-1,,,,,,,,,,,
95,2459,target_missing,0,,-1,,,,,,,,,,,
96,2481,target_missing,0,,-1,,,,,,,,,,,"$CV1,21,2481,0,-1,0.0,0.0,0.0,0.000000,0.000000,0.000000*34"
97,2500,target_missing,0,,-1,,,,,,,,,,,
98,2531,target_missing,0,,-1,,,,,,,,,,,
99,2554,target_missing,0,,-1,,,,,,,,,,,
100,2594,target_missing,0,,-1,,,,,,,,,,,"$CV1,22,2594,0,-1,0.0,0.0,0.0,0.000000,0.000000,0.000000*32"
101,2625,target_missing,0,,-1,,,,,,,,,,,
102,2663,target_missing,0,,-1,,,,,,,,,,,
103,2696,target_missing,0,,-1,,,,,,,,,,,"$CV1,23,2696,0,-1,0.0,0.0,0.0,0.000000,0.000000,0.000000*32"
104,2719,target_missing,0,,-1,,,,,,,,,,,
105,2764,target_missing,0,,-1,,,,,,,,,,,
106,2789,target_missing,0,,-1,,,,,,,,,,,
107,2817,target_missing,0,,-1,,,,,,,,,,,"$CV1,24,2817,0,-1,0.0,0.0,0.0,0.000000,0.000000,0.000000*32"
108,2842,target_missing,0,,-1,,,,,,,,,,,
109,2867,target_missing,0,,-1,,,,,,,,,,,
110,2893,target_missing,0,,-1,,,,,,,,,,,
111,2928,target_missing,0,,-1,,,,,,,,,,,"$CV1,25,2928,0,-1,0.0,0.0,0.0,0.000000,0.000000,0.000000*3E"
112,2951,target_missing,0,,-1,,,,,,,,,,,
113,2978,target_missing,0,,-1,,,,,,,,,,,
114,2998,target_missing,0,,-1,,,,,,,,,,,
115,3036,target_missing,0,,-1,,,,,,,,,,,"$CV1,26,3036,0,-1,0.0,0.0,0.0,0.000000,0.000000,0.000000*3A"
116,3067,target_missing,0,,-1,,,,,,,,,,,
117,3092,target_missing,0,,-1,,,,,,,,,,,
118,3135,target_missing,0,,-1,,,,,,,,,,,
119,3182,target_missing,0,,-1,,,,,,,,,,,"$CV1,27,3182,0,-1,0.0,0.0,0.0,0.000000,0.000000,0.000000*35"
120,3204,target_missing,0,,-1,,,,,,,,,,,
121,3223,target_missing,0,,-1,,,,,,,,,,,
122,3260,target_missing,0,,-1,,,,,,,,,,,
123,3300,target_missing,0,,-1,,,,,,,,,,,"$CV1,28,3300,0,-1,0.0,0.0,0.0,0.000000,0.000000,0.000000*32"
124,3329,target_missing,0,,-1,,,,,,,,,,,
125,3372,target_missing,0,,-1,,,,,,,,,,,
126,3409,target_missing,0,,-1,,,,,,,,,,,"$CV1,29,3409,0,-1,0.0,0.0,0.0,0.000000,0.000000,0.000000*3D"
127,3431,target_missing,0,,-1,,,,,,,,,,,
128,3458,target_missing,0,,-1,,,,,,,,,,,
129,3488,target_missing,0,,-1,,,,,,,,,,,
130,3521,target_missing,0,,-1,,,,,,,,,,,"$CV1,30,3521,0,-1,0.0,0.0,0.0,0.000000,0.000000,0.000000*3E"
131,3544,target_missing,0,,-1,,,,,,,,,,,
132,3569,target_missing,0,,-1,,,,,,,,,,,
133,3601,target_missing,0,,-1,,,,,,,,,,,
134,3631,target_missing,0,,-1,,,,,,,,,,,"$CV1,31,3631,0,-1,0.0,0.0,0.0,0.000000,0.000000,0.000000*3D"
135,3666,target_missing,0,,-1,,,,,,,,,,,
136,3699,target_missing,0,,-1,,,,,,,,,,,
137,3723,target_missing,0,,-1,,,,,,,,,,,
138,3759,target_missing,0,,-1,,,,,,,,,,,"$CV1,32,3759,0,-1,0.0,0.0,0.0,0.000000,0.000000,0.000000*31"
139,3792,target_missing,0,,-1,,,,,,,,,,,
140,3816,target_missing,0,,-1,,,,,,,,,,,
141,3854,target_missing,0,,-1,,,,,,,,,,,
142,3883,target_missing,0,,-1,,,,,,,,,,,"$CV1,33,3883,0,-1,0.0,0.0,0.0,0.000000,0.000000,0.000000*38"
143,3914,target_missing,0,,-1,,,,,,,,,,,
144,3947,target_missing,0,,-1,,,,,,,,,,,
145,3978,target_missing,0,,-1,,,,,,,,,,,
146,4007,target_missing,0,,-1,,,,,,,,,,,"$CV1,34,4007,0,-1,0.0,0.0,0.0,0.000000,0.000000,0.000000*3C"
147,4033,target_missing,0,,-1,,,,,,,,,,,
148,4071,target_missing,0,,-1,,,,,,,,,,,
149,4104,target_missing,0,,-1,,,,,,,,,,,
150,4140,target_missing,0,,-1,,,,,,,,,,,"$CV1,35,4140,0,-1,0.0,0.0,0.0,0.000000,0.000000,0.000000*3F"
151,4168,target_missing,0,,-1,,,,,,,,,,,
152,4196,target_missing,0,,-1,,,,,,,,,,,
153,4226,target_missing,0,,-1,,,,,,,,,,,
154,4252,target_missing,0,,-1,,,,,,,,,,,"$CV1,36,4252,0,-1,0.0,0.0,0.0,0.000000,0.000000,0.000000*3C"
155,4281,target_missing,0,,-1,,,,,,,,,,,
156,4304,target_missing,0,,-1,,,,,,,,,,,
157,4340,target_missing,0,,-1,,,,,,,,,,,
158,4370,target_missing,0,,-1,,,,,,,,,,,"$CV1,37,4370,0,-1,0.0,0.0,0.0,0.000000,0.000000,0.000000*3C"
159,4395,target_missing,0,,-1,,,,,,,,,,,
160,4417,valid,1,0,0,-0.064210,0.017690,0.198466,0.209343,-0.274947,0.206143,-1.738247,-0.170853 0.939586 0.296627 -0.982903 -0.183502 0.015117 0.068635 -0.288973 0.954874,5.629e-07,1.691,
161,4443,valid,1,0,0,-0.058219,0.014849,0.204927,0.213554,-0.282743,0.245252,-1.730545,-0.167875 0.931454 0.322817 -0.984473 -0.175442 -0.005737 0.051292 -0.318768 0.946444,1.696e-06,2.966,
162,4480,valid,1,0,0,-0.051545,0.011306,0.211062,0.217559,-0.296613,0.280656,-1.722081,-0.164084 0.921977 0.350763 -0.985640 -0.167607 -0.020523 0.039869 -0.349093 0.936240,7.576e-07,1.909,"$CV1,38,4480,1,0,-51.5,11.3,211.1,-0.296613,0.280656,-1.722081*33"
163,4506,valid,1,0,0,-0.046749,0.008482,0.215109,0.220294,-0.316017,0.284858,-1.711091,-0.152944 0.918053 0.365769 -0.987038 -0.160118 -0.010840 0.048615 -0.362686 0.930642,6.437e-07,1.661,
164,4539,valid,1,0,0,-0.044982,0.007101,0.217270,0.221991,-0.311526,0.289075,-1.705331,-0.148358 0.918895 0.365544 -0.988029 -0.153534 -0.015047 0.042296 -0.363400 0.930673,1.175e-06,2.246,
165,4567,valid,1,0,0,-0.044376,0.006073,0.218424,0.222969,-0.312440,0.288486,-1.701653,-0.144656 0.919295 0.366021 -0.988566 -0.150187 -0.013484 0.042576 -0.363786 0.930509,1.029e-06,2.077,
166,4593,valid,1,0,0,-0.043677,0.004640,0.219196,0.223554,-0.314529,0.286322,-1.695766,-0.138486 0.920050 0.366511 -0.989382 -0.145010 -0.009820 0.044113 -0.363979 0.930362,7.882e-07,1.803,"$CV1,39,4593,1,0,-43.7,4.6,219.2,-0.314529,0.286322,-1.695766*08"
167,4618,valid,1,0,0,-0.042943,0.001881,0.219720,0.223885,-0.311005,0.287854,-1.686340,-0.129845 0.921633 0.365694 -0.990757 -0.135198 -0.011054 0.039253 -0.363749 0.930670,8.786e-07,1.881,
168,4650,valid,1,0,0,-0.042020,-0.002498,0.220171,0.224159,-0.299240,0.296884,-1.674951,-0.121054 0.923509 0.363974 -0.992346 -0.121598 -0.021514 0.024390 -0.363792 0.931161,1.062e-06,2.063,
169,4682,valid,1,0,0,-0.040850,-0.006964,0.219716,0.223590,-0.293221,0.306491,-1.661566,-0.110123 0.923943 0.366336 -0.993838 -0.107029 -0.028816 0.012584 -0.367252 0.930036,6.718e-07,1.650,
170,4711,valid,1,0,0,-0.039823,-0.009662,0.219063,0.222863,-0.290133,0.311023,-1.650996,-0.100875 0.924489 0.367619 -0.994881 -0.095977 -0.031633 0.006038 -0.368928 0.929438,7.273e-07,1.751,"$CV1,40,4711,1,0,-39.8,-9.7,219.1,-0.290133,0.311023,-1.650996*29"
171,4742,valid,1,0,0,-0.039053,-0.011019,0.218367,0.222105,-0.292905,0.308241,-1.643906,-0.093338 0.925028 0.368254 -0.995601 -0.089735 -0.026938 0.008127 -0.369149 0.929335,6.812e-07,1.689,
172,4779,valid,1,0,0,-0.038477,-0.012087,0.217349,0.221059,-0.288183,0.309908,-1.639536,-0.089665 0.926057 0.366577 -0.995967 -0.084580 -0.029947 0.003272 -0.367783 0.929906,8.110e-07,1.861,
173,4800,valid,1,0,0,-0.037974,-0.012984,0.216383,0.220073,-0.292504,0.308536,-1.635002,-0.084775 0.925657 0.368745 -0.996382 -0.080999 -0.025738 0.006043 -0.369593 0.929174,5.892e-07,1.605,
174,4839,valid,1,0,0,-0.037544,-0.014167,0.215676,0.219377,-0.287924,0.311105,-1.631130,-0.081742 0.926371 0.367634 -0.996653 -0.076294 -0.029354 0.000855 -0.368803 0.929507,7.476e-07,1.817,"$CV1,41,4839,1,0,-37.5,-14.2,215.7,-0.287924,0.311105,-1.631130*13"
175,4878,valid,1,0,0,-0.037116,-0.015306,0.215032,0.218748,-0.289015,0.311579,-1.626349,-0.077128 0.926275 0.368872 -0.997021 -0.071805 -0.028160 0.000403 -0.369945 0.929054,6.582e-07,1.711,
176,4904,valid,1,0,0,-0.036826,-0.015840,0.214443,0.218158,-0.290257,0.312055,-1.623622,-0.074501 0.926013 0.370067 -0.997221 -0.069340 -0.027250 0.000427 -0.371068 0.928605,6.360e-07,1.694,
177,4939,valid,1,0,0,-0.036657,-0.015772,0.214113,0.217800,-0.288594,0.312171,-1.622894,-0.073907 0.926419 0.369170 -0.997265 -0.068337 -0.028159 -0.000859 -0.370241 0.928935,6.127e-07,1.666,
178,4972,valid,1,0,0,-0.036552,-0.015649,0.213732,0.217399,-0.289421,0.312879,-1.623103,-0.074197 0.926043 0.370054 -0.997243 -0.068642 -0.028176 -0.000691 -0.371124 0.928583,5.791e-07,1.624,"$CV1,42,4972,1,0,-36.6,-15.6,213.7,-0.289421,0.312879,-1.623103*1B"
179,4994,valid,1,0,0,-0.036487,-0.015347,0.213394,0.217035,-0.289877,0.312910,-1.624801,-0.075826 0.925837 0.370237 -0.997121 -0.070371 -0.028242 -0.000093 -0.371313 0.928508,6.021e-07,1.654,
180,5035,valid,1,0,0,-0.036595,-0.014983,0.212882,0.216523,-0.288732,0.312110,-1.626997,-0.077871 0.926180 0.368953 -0.996963 -0.072355 -0.028788 0.000033 -0.370075 0.929002,6.207e-07,1.680,
181,5067,valid,1,0,0,-0.036790,-0.014776,0.212613,0.216278,-0.286435,0.310581,-1.628006,-0.078692 0.927029 0.366640 -0.996899 -0.073031 -0.029310 -0.000395 -0.367810 0.929901,6.309e-07,1.694,
182,5094,valid,1,0,0,-0.036876,-0.014658,0.212489,0.216163,-0.284209,0.309327,-1.628196,-0.078764 0.927837 0.364575 -0.996893 -0.072909 -0.029821 -0.001088 -0.365791 0.930696,6.678e-07,1.749,"$CV1,43,5094,1,0,-36.9,-14.7,212.5,-0.284209,0.309327,-1.628196*1A"
183,5124,valid,1,0,0,-0.036788,-0.014585,0.212582,0.216234,-0.281939,0.308842,-1.628534,-0.079125 0.928462 0.362901 -0.996862 -0.072883 -0.030885 -0.002226 -0.364206 0.931316,7.280e-07,1.825,
184,5156,valid,1,0,0,-0.036614,-0.014527,0.212662,0.216280,-0.282148,0.308494,-1.628387,-0.078907 0.928503 0.362843 -0.996880 -0.072794 -0.030510 -0.001916 -0.364119 0.931351,6.527e-07,1.727,
185,5187,valid,1,0,0,-0.036502,-0.014494,0.212643,0.216239,-0.283392,0.306737,-1.628424,-0.078554 0.928621 0.362619 -0.996910 -0.073142 -0.028651 -0.000083 -0.363749 0.931497,6.759e-07,1.747,
186,5214,valid,1,0,0,-0.036402,-0.014507,0.212580,0.216161,-0.282292,0.306312,-1.628242,-0.078358 0.928987 0.361722 -0.996925 -0.072804 -0.028982 -0.000589 -0.362881 0.931835,7.078e-07,1.788,"$CV1,44,5214,1,0,-36.4,-14.5,212.6,-0.282292,0.306312,-1.628242*1C"
187,5259,valid,1,0,0,-0.036228,-0.014704,0.212328,0.215898,-0.282617,0.305430,-1.626806,-0.076784 0.929197 0.361520 -0.997048 -0.071512 -0.027962 -0.000129 -0.362599 0.931945,6.383e-07,1.689,
188,5300,valid,1,0,0,-0.036062,-0.014854,0.212080,0.215637,-0.280011,0.305640,-1.626461,-0.076625 0.929772 0.360072 -0.997058 -0.070725 -0.029554 -0.002013 -0.361277 0.932456,7.217e-07,1.806,
189,5332,valid,1,0,0,-0.035839,-0.015021,0.211836,0.215370,-0.279995,0.304452,-1.625642,-0.075613 0.930096 0.359449 -0.997136 -0.069992 -0.028646 -0.001485 -0.360586 0.932725,6.261e-07,1.685,"$CV1,45,5332,1,0,-35.8,-15.0,211.8,-0.279995,0.304452,-1.625642*1E"
190,5382,valid,1,0,0,-0.035556,-0.015362,0.211545,0.215062,-0.280097,0.303799,-1.624417,-0.074298 0.930289 0.359224 -0.997235 -0.068854 -0.027945 -0.001263 -0.360307 0.932833,6.090e-07,1.667,
191,5425,valid,1,0,0,-0.035200,-0.015879,0.211394,0.214892,-0.278163,0.304772,-1.622414,-0.072628 0.930616 0.358720 -0.997353 -0.066523 -0.029351 -0.003451 -0.359902 0.932984,6.759e-07,1.765,
192,5467,valid,1,0,0,-0.034838,-0.016339,0.211700,0.215169,-0.278099,0.305699,-1.621451,-0.071865 0.930466 0.359262 -0.997406 -0.065521 -0.029820 -0.004207 -0.360473 0.932760,6.906e-07,1.786,"$CV1,46,5467,1,0,-34.8,-16.3,211.7,-0.278099,0.305699,-1.621451*10"
193,5511,valid,1,0,0,-0.034481,-0.016793,0.212234,0.215672,-0.280347,0.306338,-1.621174,-0.071595 0.929811 0.361007 -0.997429 -0.065592 -0.028871 -0.003165 -0.362146 0.932116,6.628e-07,1.744,
194,5548,valid,1,0,0,-0.034225,-0.017300,0.212856,0.216283,-0.279811,0.307481,-1.621402,-0.072055 0.929658 0.361308 -0.997392 -0.065658 -0.029967 -0.004136 -0.362525 0.931965,6.414e-07,1.711,
195,5587,valid,1,0,0,-0.034032,-0.017671,0.213254,0.216674,-0.277652,0.307879,-1.622081,-0.072902 0.930033 0.360173 -0.997323 -0.065936 -0.031608 -0.005648 -0.361513 0.932350,6.789e-07,1.755,"$CV1,47,5587,1,0,-34.0,-17.7,213.3,-0.277652,0.307879,-1.622081*13"
196,5623,valid,1,0,0,-0.033779,-0.018050,0.213618,0.217024,-0.278002,0.307654,-1.622623,-0.073368 0.929976 0.360225 -0.997291 -0.066534 -0.031353 -0.005191 -0.361550 0.932338,6.565e-07,1.717,
197,5657,valid,1,0,0,-0.033338,-0.018733,0.213668,0.217063,-0.277862,0.306690,-1.620838,-0.071462 0.930322 0.359714 -0.997431 -0.064827 -0.030493 -0.005049 -0.360969 0.932564,5.700e-07,1.596,
198,5694,valid,1,0,0,-0.032774,-0.019551,0.213737,0.217117,-0.275213,0.307987,-1.618593,-0.069656 0.930743 0.358978 -0.997540 -0.062124 -0.032488 -0.007936 -0.360358 0.932780,5.896e-07,1.623,"$CV1,48,5694,1,0,-32.8,-19.6,213.7,-0.275213,0.307987,-1.618593*14"
199,5724,valid,1,0,0,-0.032025,-0.020331,0.213600,0.216942,-0.276168,0.307766,-1.616998,-0.068015 0.930648 0.359538 -0.997656 -0.060741 -0.031502 -0.007479 -0.360838 0.932598,5.294e-07,1.528,
200,5756,valid,1,0,0,-0.031190,-0.021221,0.213482,0.216790,-0.276294,0.307717,-1.615403,-0.066448 0.930702 0.359691 -0.997760 -0.059211 -0.031114 -0.007660 -0.360953 0.932552,4.280e-07,1.373,
201,5797,valid,1,0,0,-0.030230,-0.022012,0.213652,0.216899,-0.274015,0.309815,-1.614697,-0.066268 0.930775 0.359536 -0.997747 -0.058023 -0.033687 -0.010493 -0.360958 0.932523,5.497e-07,1.555,"$CV1,49,5797,1,0,-30.2,-22.0,213.7,-0.274015,0.309815,-1.614697*1B"
202,5834,valid,1,0,0,-0.029157,-0.022842,0.214170,0.217349,-0.273743,0.310407,-1.613742,-0.065464 0.930742 0.359768 -0.997792 -0.057014 -0.034061 -0.011191 -0.361203 0.932420,5.122e-07,1.488,
203,5872,valid,1,0,0,-0.027968,-0.023862,0.215251,0.218368,-0.275915,0.308790,-1.610427,-0.061826 0.930751 0.360389 -0.998042 -0.054235 -0.031149 -0.009446 -0.361609 0.932282,4.835e-07,1.451,
204,5907,valid,1,0,0,-0.026607,-0.025109,0.217061,0.220122,-0.273474,0.311341,-1.605505,-0.057640 0.930908 0.360676 -0.998247 -0.048883 -0.033364 -0.013428 -0.361967 0.932094,5.661e-07,1.563,"$CV1,50,5907,1,0,-26.6,-25.1,217.1,-0.273474,0.311341,-1.605505*1C"
205,5939,valid,1,0,0,-0.021106,-0.026209,0.219933,0.222492,-0.293540,0.342091,-1.598058,-0.055448 0.918899 0.390576 -0.998265 -0.043253 -0.039959 -0.019825 -0.392114 0.919703,2.623e-07,1.076,
206,5972,valid,1,0,0,-0.015139,-0.027378,0.221626,0.223824,-0.325625,0.348015,-1.590849,-0.047891 0.909287 0.413405 -0.998844 -0.041931 -0.023484 -0.004019 -0.414052 0.910244,1.087e-07,0.688,
207,6005,valid,1,0,0,-0.010203,-0.028041,0.223362,0.225346,-0.338511,0.362124,-1.588523,-0.047903 0.902061 0.428942 -0.998842 -0.041372 -0.024543 -0.004393 -0.429621 0.902998,5.871e-07,1.597,
208,6038,valid,1,0,0,-0.005838,-0.028184,0.225192,0.227024,-0.350897,0.386329,-1.590457,-0.054451 0.891746 0.449249 -0.998467 -0.044169 -0.033345 -0.009893 -0.450376 0.892784,7.262e-07,1.786,"$CV1,51,6038,1,0,-5.8,-28.2,225.2,-0.350897,0.386329,-1.590457*20"
209,6074,valid,1,0,0,-0.000856,-0.027358,0.227684,0.229323,-0.381625,0.384095,-1.595719,-0.056894 0.883285 0.465372 -0.998302 -0.056152 -0.015470 0.012467 -0.465462 0.884980,8.234e-07,1.808,
210,6107,valid,1,0,0,0.002687,-0.025063,0.228357,0.229744,-0.399216,0.396575,-1.601962,-0.064490 0.873994 0.481638 -0.997751 -0.065312 -0.015080 0.018277 -0.481527 0.876241,7.756e-07,1.814,
211,6137,valid,1,0,0,0.005359,-0.024035,0.229439,0.230757,-0.411095,0.411331,-1.608195,-0.073053 0.865442 0.495655 -0.997142 -0.072978 -0.019543 0.019258 -0.495666 0.868299,6.680e-07,1.682,
212,6180,valid,1,0,0,0.007519,-0.023182,0.230595,0.231880,-0.424842,0.417882,-1.613239,-0.078354 0.858721 0.506419 -0.996591 -0.080631 -0.017469 0.025832 -0.506061 0.862111,8.125e-07,1.850,"$CV1,52,6180,1,0,7.5,-23.2,230.6,-0.424842,0.417882,-1.613239*07"
213,6234,valid,1,0,0,0.008459,-0.021854,0.232359,0.233538,-0.430464,0.415444,-1.622841,-0.086397 0.857237 0.507621 -0.995705 -0.091316 -0.015261 0.033272 -0.506760 0.861445,1.159e-06,2.161,
214,6277,valid,1,0,0,0.008226,-0.019316,0.233108,0.234052,-0.442232,0.412651,-1.633097,-0.094447 0.853724 0.512088 -0.994509 -0.104201 -0.009704 0.045076 -0.510193 0.858878,9.484e-07,1.959,
215,6341,valid,1,0,0,0.007535,-0.016985,0.234391,0.235126,-0.445261,0.406521,-1.644515,-0.103537 0.853985 0.509892 -0.993198 -0.116226 -0.007016 0.053271 -0.507150 0.860210,1.050e-06,2.020,"$CV1,53,6341,1,0,7.5,-17.0,234.4,-0.445261,0.406521,-1.644515*09"
216,6381,valid,1,0,0,0.006943,-0.014839,0.235111,0.235681,-0.453595,0.397827,-1.652467,-0.108322 0.853501 0.509708 -0.991961 -0.126539 0.001078 0.065418 -0.505494 0.860347,9.073e-07,1.882,
217,6412,valid,1,0,0,0.006453,-0.013661,0.236208,0.236691,-0.457422,0.395804,-1.658420,-0.113151 0.852420 0.510468 -0.991074 -0.133283 0.002883 0.070494 -0.505585 0.859892,9.800e-07,1.960,
218,6448,valid,1,0,0,0.006058,-0.013378,0.237512,0.237966,-0.458861,0.390307,-1.661096,-0.114321 0.853517 0.508370 -0.990604 -0.136601 0.006577 0.075058 -0.502842 0.861114,9.677e-07,1.920,"$CV1,54,6448,1,0,6.1,-13.4,237.5,-0.458861,0.390307,-1.661096*02"
219,6488,valid,1,0,0,0.005707,-0.012709,0.238410,0.238816,-0.462295,0.384477,-1.661177,-0.112801 0.854290 0.507410 -0.990354 -0.138023 0.012215 0.080469 -0.501137 0.861618,9.512e-07,1.901,
220,6528,valid,1,0,0,0.005324,-0.011433,0.238760,0.239093,-0.471483,0.377364,-1.660400,-0.109683 0.853678 0.509120 -0.989872 -0.140261 0.021931 0.090132 -0.501558 0.860416,8.878e-07,1.840,
221,6562,valid,1,0,0,0.004876,-0.010147,0.239209,0.239474,-0.473390,0.372616,-1.662401,-0.110387 0.854427 0.507711 -0.989393 -0.143003 0.025545 0.094431 -0.499505 0.861149,9.847e-07,1.935,"$CV1,55,6562,1,0,4.9,-10.1,239.2,-0.473390,0.372616,-1.662401*03"
222,6597,valid,1,0,0,0.002307,-0.008858,0.239054,0.239229,-0.472590,0.360662,-1.661979,-0.107561 0.858586 0.501259 -0.989127 -0.143276 0.033163 0.100291 -0.492242 0.864662,6.441e-07,1.565,
223,6636,valid,1,0,0,0.000134,-0.007251,0.238871,0.238981,-0.470380,0.345751,-1.661912,-0.104689 0.864036 0.492424 -0.988736 -0.143683 0.041911 0.106965 -0.482489 0.869346,8.027e-07,1.745,
224,6673,valid,1,0,0,-0.001295,-0.006334,0.238624,0.238712,-0.469209,0.336746,-1.659629,-0.100861 0.867424 0.487239 -0.988732 -0.141843 0.047848 0.110616 -0.476923 0.871957,5.470e-07,1.439,"$CV1,56,6673,1,0,-1.3,-6.3,238.6,-0.469209,0.336746,-1.659629*1F"
225,6708,valid,1,0,0,-0.002432,-0.006305,0.238724,0.238820,-0.463992,0.332970,-1.655465,-0.096634 0.870569 0.482464 -0.989404 -0.136793 0.048661 0.108361 -0.472650 0.874563,5.714e-07,1.473,
226,6754,valid,1,0,0,-0.003961,-0.006317,0.238913,0.239030,-0.456565,0.323820,-1.651699,-0.091960 0.875941 0.473572 -0.989914 -0.131889 0.051724 0.107766 -0.464039 0.879235,6.616e-07,1.579,
227,6794,valid,1,0,0,-0.004651,-0.006276,0.239686,0.239814,-0.452289,0.318990,-1.648168,-0.088052 0.878959 0.468698 -0.990363 -0.127746 0.053509 0.106906 -0.459470 0.881736,7.139e-07,1.631,"$CV1,57,6794,1,0,-4.7,-6.3,239.7,-0.452289,0.318990,-1.648168*1C"
228,6838,valid,1,0,0,-0.004774,-0.006150,0.240562,0.240688,-0.448433,0.316668,-1.645135,-0.085049 0.881031 0.465351 -0.990824 -0.124022 0.053720 0.105042 -0.456512 0.883494,7.644e-07,1.678,
229,6876,valid,1,0,0,-0.004429,-0.006051,0.241490,0.241607,-0.450776,0.314324,-1.641883,-0.081300 0.881264 0.465579 -0.990911 -0.121695 0.057314 0.107168 -0.456688 0.883149,7.289e-07,1.631,
230,6917,valid,1,0,0,-0.004177,-0.005711,0.242716,0.242819,-0.450657,0.314454,-1.641798,-0.081253 0.881267 0.465582 -0.990934 -0.121576 0.057185 0.106999 -0.456715 0.883155,7.906e-07,1.688,"$CV1,58,6917,1,0,-4.2,-5.7,242.7,-0.450657,0.314454,-1.641798*14"
231,6955,valid,1,0,0,-0.005386,-0.005322,0.243983,0.244100,-0.467918,0.311637,-1.639159,-0.076706 0.877115 0.474116 -0.989908 -0.123824 0.068920 0.119158 -0.464045 0.877761,8.045e-07,1.719,
232,7002,valid,1,0,0,-0.008285,-0.004309,0.244217,0.244395,-0.513684,0.291316,-1.635023,-0.064939 0.869575 0.489512 -0.985132 -0.134054 0.107447 0.159054 -0.475256 0.865352,3.080e-08,0.341,
233,7045,valid,1,0,0,-0.011392,-0.002807,0.244413,0.244694,-0.550990,0.260039,-1.647299,-0.067929 0.866787 0.494031 -0.976819 -0.158537 0.143844 0.203004 -0.472807 0.857463,5.427e-07,1.453,"$CV1,59,7045,1,0,-11.4,-2.8,244.4,-0.550990,0.260039,-1.647299*2F"
234,7081,valid,1,0,0,-0.012850,-0.002946,0.243993,0.244349,-0.584378,0.242229,-1.644969,-0.059562 0.862028 0.503348 -0.970532 -0.167957 0.172796 0.233496 -0.478223 0.846630,1.703e-06,2.584,
235,7118,valid,1,0,0,-0.014334,-0.003991,0.243523,0.243977,-0.638629,0.244285,-1.625414,-0.035125 0.844950 0.533691 -0.964497 -0.168526 0.203334 0.261748 -0.507601 0.820871,5.180e-06,4.531,
236,7169,valid,1,0,0,-0.015190,-0.005082,0.243323,0.243849,-0.667763,0.254613,-1.610657,-0.019210 0.832220 0.554112 -0.962558 -0.165278 0.214860 0.270393 -0.529238 0.804236,1.416e-05,7.453,"$CV1,60,7169,1,0,-15.2,-5.1,243.3,-0.667763,0.254613,-1.610657*2E"
237,7227,valid,1,0,0,-0.015558,-0.005988,0.242780,0.243351,-0.685149,0.257057,-1.610428,-0.017253 0.825245 0.564511 -0.959975 -0.171530 0.221417 0.279554 -0.538097 0.795174,1.601e-05,8.011,
238,7276,valid,1,0,0,-0.015105,-0.006726,0.243255,0.243816,-0.651643,0.262337,-1.624383,-0.035286 0.834373 0.550070 -0.965111 -0.171346 0.197995 0.259454 -0.523892 0.811308,1.272e-05,7.106,"$CV1,61,7276,1,0,-15.1,-6.7,243.3,-0.651643,0.262337,-1.624383*2F"
239,7316,valid,1,0,0,-0.013956,-0.007344,0.245102,0.245608,-0.604771,0.260865,-1.650836,-0.065586 0.848875 0.524508 -0.969242 -0.179151 0.168745 0.237209 -0.497308 0.834515,6.329e-06,4.976,
240,7353,valid,1,0,0,-0.012635,-0.008683,0.247416,0.247890,-0.551890,0.275119,-1.673729,-0.095353 0.859342 0.502433 -0.974956 -0.182497 0.127106 0.200920 -0.477730 0.855223,2.145e-06,2.813,
241,7398,valid,1,0,0,-0.010425,-0.010280,0.248717,0.249148,-0.487731,0.308698,-1.681683,-0.114981 0.868182 0.482741 -0.983032 -0.169364 0.070450 0.142923 -0.466450 0.872925,4.074e-07,1.141,"$CV1,62,7398,1,0,-10.4,-10.3,248.7,-0.487731,0.308698,-1.681683*1B"
242,7438,valid,1,0,0,-0.007600,-0.011515,0.248203,0.248586,-0.442060,0.336804,-1.686720,-0.129103 0.873041 0.470247 -0.986687 -0.160391 0.026887 0.098897 -0.460516 0.882125,6.501e-07,1.532,
243,7483,valid,1,0,0,-0.005421,-0.011878,0.246825,0.247170,-0.419784,0.361158,-1.700730,-0.149112 0.870766 0.468542 -0.986029 -0.166516 -0.004338 0.074242 -0.462643 0.883431,2.214e-06,2.883,
244,7514,valid,1,0,0,-0.002795,-0.011229,0.243427,0.243702,-0.448489,0.374558,-1.714540,-0.162356 0.855883 0.491025 -0.982676 -0.185320 -0.001896 0.089374 -0.482826 0.871144,3.561e-06,3.729,"$CV1,63,7514,1,0,-2.8,-11.2,243.4,-0.448489,0.374558,-1.714540*29"
245,7550,valid,1,0,0,0.000752,-0.009072,0.239301,0.239474,-0.509351,0.390049,-1.718164,-0.163005 0.830122 0.533224 -0.978987 -0.203205 0.017076 0.122528 -0.519236 0.845802,5.566e-06,4.772,
246,7603,valid,1,0,0,0.004594,-0.005510,0.234130,0.234240,-0.532761,0.397713,-1.717938,-0.161924 0.819312 0.550007 -0.977663 -0.208879 0.023327 0.133997 -0.533945 0.834834,7.347e-06,5.657,
247,7633,valid,1,0,0,0.007951,-0.000079,0.228317,0.228455,-0.543692,0.387291,-1.716022,-0.156714 0.819381 0.551412 -0.976788 -0.211138 0.036136 0.146033 -0.532950 0.833450,3.013e-06,3.734,"$CV1,64,7633,1,0,8.0,-0.1,228.3,-0.543692,0.387291,-1.716022*31"
248,7665,valid,1,0,0,0.012404,0.006108,0.224980,0.225405,-0.543685,0.337876,-1.717954,-0.148764 0.836117 0.527995 -0.973794 -0.216754 0.068876 0.172033 -0.503912 0.846450,1.458e-06,2.633,
249,7714,valid,1,0,0,0.017621,0.010317,0.222024,0.222961,-0.524695,0.306752,-1.691998,-0.120759 0.855964 0.502735 -0.977974 -0.189441 0.087633 0.170249 -0.481079 0.859987,4.641e-07,1.475,
250,7759,valid,1,0,0,0.023885,0.012307,0.220547,0.222177,-0.509613,0.275377,-1.650918,-0.077914 0.874562 0.478614 -0.982559 -0.148665 0.111701 0.168842 -0.461563 0.870891,9.171e-07,1.912,"$CV1,65,7759,1,0,23.9,12.3,220.5,-0.509613,0.275377,-1.650918*1E"
251,7794,valid,1,0,0,0.030758,0.015404,0.220161,0.222833,-0.446638,0.246816,-1.622461,-0.051756 0.902829 0.426874 -0.988926 -0.105867 0.104006 0.139092 -0.416764 0.898310,5.711e-07,1.396,
252,7827,valid,1,0,0,0.037003,0.017626,0.220500,0.224277,-0.380101,0.250355,-1.613426,-0.048574 0.919647 0.389731 -0.994507 -0.080748 0.066593 0.092712 -0.384355 0.918518,1.339e-06,2.438,
253,7877,valid,1,0,0,0.039118,0.019086,0.219590,0.223862,-0.372736,0.229035,-1.593523,-0.026568 0.927290 0.373399 -0.994918 -0.060819 0.080248 0.097123 -0.369370 0.924193,9.105e-07,1.948,"$CV1,66,7877,1,0,39.1,19.1,219.6,-0.372736,0.229035,-1.593523*15"
254,7914,valid,1,0,0,0.036773,0.019187,0.219332,0.223220,-0.374180,0.220515,-1.572963,-0.005204 0.929259 0.369393 -0.995011 -0.041615 0.090671 0.099629 -0.367078 0.924839,8.622e-07,1.915,
255,7952,valid,1,0,0,0.034844,0.019393,0.218754,0.222359,-0.360217,0.249122,-1.550423,0.011716 0.925594 0.378338 -0.997525 -0.015415 0.068603 0.069330 -0.378205 0.923122,6.834e-07,1.693,
256,7983,valid,1,0,0,0.033587,0.019001,0.217910,0.221300,-0.346631,0.248766,-1.531191,0.029721 0.928365 0.370479 -0.997901 0.006227 0.064451 0.057527 -0.371617 0.926602,8.249e-07,1.821,"$CV1,67,7983,1,0,33.6,19.0,217.9,-0.346631,0.248766,-1.531191*11"
257,8020,valid,1,0,0,0.033220,0.018418,0.217352,0.220646,-0.340856,0.237638,-1.528088,0.034145 0.932169 0.360409 -0.997596 0.010030 0.068571 0.060305 -0.361883 0.930271,9.151e-07,1.962,
258,8062,valid,1,0,0,0.033104,0.017914,0.217003,0.220243,-0.338605,0.244403,-1.528696,0.032379 0.931150 0.363196 -0.997974 0.010206 0.062805 0.054775 -0.364494 0.929593,7.989e-07,1.829,
259,8099,valid,1,0,0,0.032851,0.017250,0.216589,0.219744,-0.332636,0.246513,-1.528999,0.031415 0.932042 0.360986 -0.998266 0.011273 0.057767 0.049771 -0.362175 0.930780,7.136e-07,1.727,"$CV1,68,8099,1,0,32.9,17.3,216.6,-0.332636,0.246513,-1.528999*1C"
260,8148,valid,1,0,0,0.032698,0.016469,0.216230,0.219308,-0.334203,0.245871,-1.527760,0.032814 0.931782 0.361532 -0.998163 0.012118 0.059367 0.050936 -0.362816 0.930468,7.686e-07,1.798,
261,8181,valid,1,0,0,0.032603,0.015861,0.215575,0.218603,-0.331798,0.248806,-1.527442,0.032526 0.931643 0.361916 -0.998340 0.013061 0.056101 0.047539 -0.363140 0.930521,8.324e-07,1.870,
262,8216,valid,1,0,0,0.032559,0.015440,0.215036,0.218034,-0.331939,0.248172,-1.526729,0.033331 0.931728 0.361625 -0.998296 0.013697 0.056723 0.047897 -0.362900 0.930596,8.800e-07,1.929,"$CV1,69,8216,1,0,32.6,15.4,215.0,-0.331939,0.248172,-1.526729*12"
263,8254,valid,1,0,0,0.032477,0.015244,0.214846,0.217821,-0.331160,0.249949,-1.527552,0.032200 0.931531 0.362234 -0.998402 0.013138 0.054967 0.046445 -0.363425 0.930465,9.213e-07,1.988,
264,8292,valid,1,0,0,0.032574,0.015201,0.214906,0.217891,-0.332521,0.251396,-1.529426,0.030215 0.930959 0.363871 -0.998451 0.011092 0.054530 0.046729 -0.364955 0.929852,9.288e-07,1.994,
265,8346,valid,1,0,0,0.032831,0.015169,0.215027,0.218048,-0.332423,0.255182,-1.531947,0.027136 0.930199 0.366052 -0.998629 0.008829 0.051593 0.044760 -0.366950 0.929163,9.455e-07,2.019,"$CV1,70,8346,1,0,32.8,15.2,215.0,-0.332423,0.255182,-1.531947*10"
266,8416,valid,1,0,0,0.033538,0.014973,0.215264,0.218375,-0.335577,0.259383,-1.534793,0.023848 0.928581 0.370364 -0.998718 0.005585 0.050307 0.044646 -0.371089 0.927523,9.192e-07,1.988,
267,8457,valid,1,0,0,0.034275,0.014603,0.215507,0.218704,-0.336481,0.263082,-1.538659,0.019516 0.927617 0.373022 -0.998857 0.001808 0.047762 0.043631 -0.373528 0.926592,8.851e-07,1.948,"$CV1,71,8457,1,0,34.3,14.6,215.5,-0.336481,0.263082,-1.538659*1A"
268,8493,valid,1,0,0,0.034762,0.014054,0.215821,0.219054,-0.335337,0.265130,-1.542819,0.015050 0.927518 0.373475 -0.998987 -0.001894 0.044960 0.042409 -0.373773 0.926550,8.038e-07,1.853,
269,8532,valid,1,0,0,0.035231,0.013179,0.215967,0.219218,-0.334887,0.267530,-1.546501,0.011029 0.927144 0.374544 -0.999085 -0.005262 0.042446 0.041325 -0.374669 0.926237,7.336e-07,1.769,
270,8578,valid,1,0,0,0.036446,0.011915,0.215928,0.219307,-0.334243,0.274065,-1.550561,0.005919 0.925816 0.377927 -0.999273 -0.008758 0.037106 0.037663 -0.377872 0.925092,4.482e-07,1.372,"$CV1,72,8578,1,0,36.4,11.9,215.9,-0.334243,0.274065,-1.550561*15"
271,8613,valid,1,0,0,0.036949,0.008773,0.215278,0.218602,-0.326381,0.281746,-1.553228,0.001529 0.925901 0.377763 -0.999593 -0.009347 0.026956 0.028489 -0.377650 0.925510,4.077e-07,1.311,
272,8649,valid,1,0,0,0.036879,0.006292,0.214410,0.217650,-0.319050,0.284084,-1.555469,-0.001482 0.927127 0.374745 -0.999738 -0.009930 0.020612 0.022831 -0.374616 0.926899,4.015e-07,1.311,
273,8682,valid,1,0,0,0.036779,0.003460,0.213203,0.216379,-0.314737,0.285762,-1.556322,-0.002852 0.927763 0.373158 -0.999811 -0.009821 0.016776 0.019229 -0.373040 0.927616,3.304e-07,1.209,"$CV1,73,8682,1,0,36.8,3.5,213.2,-0.314737,0.285762,-1.556322*21"
274,8721,valid,1,0,0,0.036520,0.000435,0.211913,0.215037,-0.309873,0.287829,-1.556904,-0.004056 0.928432 0.371481 -0.999879 -0.009333 0.012409 0.014988 -0.371386 0.928358,2.129e-07,0.981,
275,8765,valid,1,0,0,0.032697,-0.002633,0.210908,0.213444,-0.300338,0.275677,-1.559631,-0.005083 0.933496 0.358551 -0.999846 -0.010774 0.013878 0.016818 -0.358425 0.933407,7.556e-07,1.872,
276,8809,valid,1,0,0,0.028642,-0.004703,0.209659,0.211658,-0.275871,0.267362,-1.566032,-0.011167 0.940811 0.338747 -0.999910 -0.013019 0.003195 0.007416 -0.338681 0.940872,8.509e-07,1.989,"$CV1,74,8809,1,0,28.6,-4.7,209.7,-0.275871,0.267362,-1.566032*0E"
277,8840,valid,1,0,0,0.024931,-0.006683,0.208431,0.210023,-0.266672,0.247800,-1.567330,-0.009727 0.946859 0.321500 -0.999859 -0.013620 0.009864 0.013718 -0.321359 0.946858,6.729e-07,1.751,
278,8894,valid,1,0,0,0.021493,-0.008274,0.206868,0.208146,-0.248914,0.234422,-1.569032,-0.010184 0.953048 0.302648 -0.999889 -0.012996 0.007277 0.010868 -0.302541 0.953075,8.680e-07,2.046,
279,8935,valid,1,0,0,0.017347,-0.009571,0.204971,0.205926,-0.222671,0.219272,-1.568798,-0.008886 0.960692 0.277476 -0.999955 -0.009490 0.000834 0.003434 -0.277456 0.960732,1.216e-06,2.481,"$CV1,75,8935,1,0,17.3,-9.6,205.0,-0.222671,0.219272,-1.568798*03"
280,8984,valid,1,0,0,0.013141,-0.010619,0.202981,0.203683,-0.207438,0.197383,-1.564355,-0.002201 0.966964 0.254902 -0.999975 -0.003842 0.005939 0.006722 -0.254882 0.966949,1.298e-06,2.545,
281,9019,valid,1,0,0,0.010072,-0.011253,0.201111,0.201677,-0.192357,0.175464,-1.564267,-0.000056 0.972696 0.232084 -0.999942 -0.002564 0.010504 0.010812 -0.232070 0.972639,1.145e-06,2.459,
282,9057,valid,1,0,0,0.008578,-0.011335,0.200264,0.200768,-0.181474,0.169095,-1.566928,-0.002353 0.975197 0.221325 -0.999964 -0.004104 0.007453 0.008177 -0.221300 0.975172,1.152e-06,2.487,"$CV1,76,9057,1,0,8.6,-11.3,200.3,-0.181474,0.169095,-1.566928*04"
283,9103,valid,1,0,0,0.007395,-0.011299,0.199500,0.199956,-0.176942,0.162056,-1.569166,-0.003977 0.976806 0.214090 -0.999943 -0.006012 0.008859 0.009941 -0.214043 0.976774,1.169e-06,2.494,
284,9145,valid,1,0,0,0.005559,-0.011279,0.198690,0.199087,-0.169796,0.152725,-1.570988,-0.005073 0.978998 0.203805 -0.999922 -0.007294 0.010149 0.011422 -0.203738 0.978959,1.254e-06,2.598,
285,9180,valid,1,0,0,0.003285,-0.011098,0.198071,0.198409,-0.158348,0.146733,-1.575648,-0.009464 0.981188 0.192821 -0.999921 -0.010892 0.006349 0.008330 -0.192746 0.981213,1.416e-06,2.780,"$CV1,77,9180,1,0,3.3,-11.1,198.1,-0.158348,0.146733,-1.575648*03"
286,9210,valid,1,0,0,0.000437,-0.010424,0.197433,0.197708,-0.150284,0.131008,-1.580021,-0.012653 0.983966 0.177904 -0.999830 -0.014838 0.010954 0.013418 -0.177736 0.983987,1.558e-06,2.893,
287,9245,valid,1,0,0,-0.002740,-0.010105,0.196260,0.196540,-0.139046,0.112825,-1.585321,-0.016819 0.987066 0.159432 -0.999696 -0.019478 0.015127 0.018037 -0.159129 0.987093,1.539e-06,2.927,
288,9281,valid,1,0,0,-0.005215,-0.009451,0.195356,0.195654,-0.123737,0.104012,-1.590133,-0.021369 0.989319 0.144191 -0.999672 -0.023176 0.010863 0.014089 -0.143911 0.989490,1.501e-06,2.923,"$CV1,78,9281,1,0,-5.2,-9.5,195.4,-0.123737,0.104012,-1.590133*13"
289,9309,valid,1,0,0,-0.007272,-0.009247,0.194640,0.194995,-0.113457,0.090827,-1.591573,-0.022217 0.991338 0.129443 -0.999628 -0.024077 0.012818 0.015823 -0.129110 0.991504,1.298e-06,2.722,
290,9356,valid,1,0,0,-0.009070,-0.009071,0.193512,0.193936,-0.104897,0.079560,-1.593215,-0.023420 0.992860 0.116962 -0.999573 -0.025299 0.014612 0.017466 -0.116570 0.993029,1.286e-06,2.738,
291,9403,valid,1,0,0,-0.010017,-0.009117,0.192933,0.193408,-0.094950,0.074768,-1.594538,-0.024686 0.993886 0.107621 -0.999595 -0.026064 0.011411 0.014146 -0.107295 0.994127,1.273e-06,2.746,"$CV1,79,9403,1,0,-10.0,-9.1,192.9,-0.094950,0.074768,-1.594538*23"
292,9438,valid,1,0,0,-0.010206,-0.009237,0.192567,0.193058,-0.091355,0.071026,-1.594475,-0.024512 0.994380 0.102994 -0.999599 -0.025840 0.011575 0.014171 -0.102669 0.994615,1.221e-06,2.698,
293,9480,valid,1,0,0,-0.009619,-0.009319,0.192492,0.192958,-0.091682,0.069537,-1.593521,-0.023489 0.994478 0.102282 -0.999608 -0.024925 0.012786 0.015265 -0.101942 0.994673,1.215e-06,2.694,
294,9511,valid,1,0,0,-0.009060,-0.009376,0.192354,0.192795,-0.092076,0.067620,-1.592056,-0.021939 0.994609 0.101348 -0.999621 -0.023510 0.014341 0.016646 -0.100995 0.994748,1.234e-06,2.722,"$CV1,80,9511,1,0,-9.1,-9.4,192.4,-0.092076,0.067620,-1.592056*19"
295,9536,valid,1,0,0,-0.008611,-0.009383,0.191710,0.192133,-0.092866,0.066592,-1.590245,-0.020074 0.994661 0.101222 -0.999642 -0.021761 0.015590 0.017710 -0.100872 0.994742,1.274e-06,2.778,
296,9584,valid,1,0,0,-0.008360,-0.009231,0.191018,0.191423,-0.092630,0.067127,-1.589158,-0.019016 0.994663 0.101412 -0.999672 -0.020657 0.015157 0.017171 -0.101091 0.994729,1.208e-06,2.715,
297,9616,valid,1,0,0,-0.008200,-0.008975,0.190549,0.190937,-0.092990,0.068297,-1.589778,-0.019679 0.994552 0.102370 -0.999667 -0.021283 0.014598 0.016698 -0.102049 0.994639,1.229e-06,2.742,"$CV1,81,9616,1,0,-8.2,-9.0,190.5,-0.092990,0.068297,-1.589778*1E"
298,9649,valid,1,0,0,-0.008051,-0.008708,0.190231,0.190600,-0.092430,0.067636,-1.590465,-0.020345 0.994618 0.101594 -0.999652 -0.021943 0.014636 0.016787 -0.101261 0.994718,1.209e-06,2.729,
299,9687,valid,1,0,0,-0.008488,-0.008409,0.189812,0.190188,-0.090249,0.065339,-1.590772,-0.020591 0.994898 0.098765 -0.999646 -0.022152 0.014729 0.016842 -0.098427 0.995002,1.234e-06,2.764,
300,9731,valid,1,0,0,-0.008994,-0.008039,0.189348,0.189732,-0.087359,0.063430,-1.591014,-0.020802 0.995190 0.095726 -0.999652 -0.022255 0.014134 0.016197 -0.095399 0.995307,1.251e-06,2.790,"$CV1,82,9731,1,0,-9.0,-8.0,189.3,-0.087359,0.063430,-1.591014*1A"
301,9766,valid,1,0,0,-0.009265,-0.007631,0.189215,0.189595,-0.085991,0.063089,-1.591630,-0.021424 0.995281 0.094636 -0.999649 -0.022798 0.013466 0.015560 -0.094314 0.995421,1.261e-06,2.796,
302,9799,valid,1,0,0,-0.010156,-0.007291,0.189171,0.189583,-0.083538,0.059949,-1.591961,-0.021670 0.995606 0.091103 -0.999638 -0.023032 0.013931 0.015968 -0.090769 0.995744,1.348e-06,2.884,
303,9842,valid,1,0,0,-0.011961,-0.006842,0.188928,0.189429,-0.076338,0.053827,-1.593130,-0.022721 0.996318 0.082668 -0.999626 -0.023901 0.013305 0.015232 -0.082335 0.996488,1.354e-06,2.898,"$CV1,83,9842,1,0,-12.0,-6.8,188.9,-0.076338,0.053827,-1.593130*22"
304,9885,valid,1,0,0,-0.013096,-0.006306,0.188824,0.189383,-0.070099,0.052194,-1.595745,-0.025361 0.996659 0.077642 -0.999602 -0.026241 0.010345 0.012347 -0.077349 0.996928,1.247e-06,2.781,
305,9919,valid,1,0,0,-0.013259,-0.005921,0.189229,0.189785,-0.068838,0.052516,-1.597206,-0.026845 0.996668 0.077026 -0.999575 -0.027642 0.009292 0.011390 -0.076744 0.996986,1.180e-06,2.703,
306,9984,valid,1,0,0,-0.013305,-0.005782,0.189786,0.190339,-0.068114,0.052624,-1.596545,-0.026198 0.996715 0.076634 -0.999598 -0.026950 0.008797 0.010833 -0.076373 0.997020,1.150e-06,2.661,"$CV1,84,9984,1,0,-13.3,-5.8,189.8,-0.068114,0.052624,-1.596545*23"
307,10021,valid,1,0,0,-0.013353,-0.005814,0.190032,0.190589,-0.067512,0.054448,-1.595567,-0.025290 0.996680 0.077394 -0.999637 -0.025930 0.007288 0.009270 -0.077181 0.996974,1.173e-06,2.685,
308,10059,valid,1,0,0,-0.013466,-0.005764,0.190232,0.190796,-0.067171,0.056060,-1.595647,-0.025429 0.996615 0.078181 -0.999644 -0.025980 0.006036 0.008047 -0.078000 0.996921,1.185e-06,2.693,
309,10097,valid,1,0,0,-0.013613,-0.005654,0.190423,0.190993,-0.066271,0.057171,-1.596430,-0.026261 0.996585 0.078292 -0.999632 -0.026712 0.004728 0.006803 -0.078139 0.996919,1.172e-06,2.677,"$CV1,85,10097,1,0,-13.6,-5.7,190.4,-0.066271,0.057171,-1.596430*10"
310,10131,valid,1,0,0,-0.013774,-0.005635,0.190499,0.191080,-0.065515,0.058717,-1.596376,-0.026272 0.996546 0.078773 -0.999641 -0.026611 0.003265 0.005350 -0.078658 0.996887,1.207e-06,2.713,
311,10168,valid,1,0,0,-0.013889,-0.005591,0.190522,0.191110,-0.064615,0.060539,-1.596585,-0.026560 0.996494 0.079330 -0.999641 -0.026765 0.001523 0.003641 -0.079261 0.996847,1.241e-06,2.752,
312,10201,valid,1,0,0,-0.013937,-0.005576,0.190460,0.191051,-0.063859,0.061903,-1.596988,-0.027023 0.996453 0.079692 -0.999632 -0.027122 0.000159 0.002320 -0.079659 0.996820,1.245e-06,2.756,"$CV1,86,10201,1,0,-13.9,-5.6,190.5,-0.063859,0.061903,-1.596988*12"
313,10246,valid,1,0,0,-0.014018,-0.005605,0.190399,0.190997,-0.063569,0.063822,-1.596933,-0.027047 0.996371 0.080704 -0.999634 -0.027034 -0.001254 0.000933 -0.080708 0.996737,1.225e-06,2.734,
314,10288,valid,1,0,0,-0.014134,-0.005699,0.190528,0.191136,-0.062842,0.065558,-1.597161,-0.027353 0.996313 0.081318 -0.999626 -0.027213 -0.002832 -0.000608 -0.081365 0.996684,1.193e-06,2.694,
315,10322,valid,1,0,0,-0.014236,-0.005825,0.190808,0.191427,-0.062707,0.066799,-1.597503,-0.027746 0.996246 0.082000 -0.999614 -0.027533 -0.003728 -0.001456 -0.082072 0.996625,1.152e-06,2.644,"$CV1,87,10322,1,0,-14.2,-5.8,190.8,-0.062707,0.066799,-1.597503*1D"
316,10361,valid,1,0,0,-0.014278,-0.006007,0.191092,0.191719,-0.062318,0.067475,-1.597675,-0.027951 0.996226 0.082170 -0.999607 -0.027682 -0.004412 -0.002121 -0.082261 0.996609,1.109e-06,2.590,
317,10407,valid,1,0,0,-0.014237,-0.006241,0.191349,0.191979,-0.062536,0.067831,-1.597194,-0.027483 0.996209 0.082538 -0.999620 -0.027206 -0.004485 -0.002223 -0.082630 0.996578,1.136e-06,2.618,
318,10439,valid,1,0,0,-0.014179,-0.006556,0.191537,0.192173,-0.062801,0.068727,-1.596285,-0.026611 0.996171 0.083279 -0.999642 -0.026298 -0.004859 -0.002650 -0.083378 0.996514,1.117e-06,2.596,"$CV1,88,10439,1,0,-14.2,-6.6,191.5,-0.062801,0.068727,-1.596285*14"
319,10479,valid,1,0,0,-0.014095,-0.006836,0.191694,0.192333,-0.063406,0.069485,-1.595470,-0.025824 0.996118 0.084150 -0.999663 -0.025499 -0.004934 -0.002769 -0.084249 0.996441,1.090e-06,2.562,
320,10514,valid,1,0,0,-0.014012,-0.007078,0.191852,0.192493,-0.064252,0.070291,-1.594674,-0.025054 0.996048 0.085205 -0.999682 -0.024727 -0.004890 -0.002763 -0.085300 0.996351,1.109e-06,2.579,
321,10548,valid,1,0,0,-0.013871,-0.007286,0.191968,0.192606,-0.064348,0.070933,-1.593964,-0.024373 0.996025 0.085678 -0.999698 -0.024015 -0.005212 -0.003134 -0.085779 0.996309,1.114e-06,2.584,"$CV1,89,10548,1,0,-13.9,-7.3,192.0,-0.064348,0.070933,-1.593964*1F"
322,10596,valid,1,0,0,-0.013718,-0.007451,0.191975,0.192609,-0.065291,0.071896,-1.593629,-0.024070 0.995927 0.086887 -0.999705 -0.023706 -0.005226 -0.003145 -0.086987 0.996204,1.151e-06,2.627,
323,10635,valid,1,0,0,-0.013594,-0.007543,0.192008,0.192636,-0.065781,0.071920,-1.593593,-0.024030 0.995900 0.087216 -0.999707 -0.023690 -0.004933 -0.002847 -0.087309 0.996177,1.156e-06,2.635,
324,10667,valid,1,0,0,-0.013469,-0.007567,0.191939,0.192560,-0.066763,0.072735,-1.593292,-0.023756 0.995806 0.088357 -0.999714 -0.023420 -0.004829 -0.002740 -0.088446 0.996077,1.185e-06,2.668,"$CV1,90,10667,1,0,-13.5,-7.6,191.9,-0.066763,0.072735,-1.593292*1D"
325,10704,valid,1,0,0,-0.013351,-0.007587,0.191847,0.192461,-0.066789,0.071953,-1.593483,-0.023910 0.995844 0.087883 -0.999712 -0.023621 -0.004320 -0.002226 -0.087961 0.996121,1.147e-06,2.625,
326,10740,valid,1,0,0,-0.013278,-0.007615,0.191879,0.192488,-0.066776,0.072131,-1.593436,-0.023872 0.995836 0.087986 -0.999712 -0.023572 -0.004440 -0.002347 -0.088067 0.996112,1.168e-06,2.648,
327,10804,valid,1,0,0,-0.013240,-0.007644,0.192014,0.192622,-0.067472,0.072413,-1.593432,-0.023872 0.995781 0.088608 -0.999713 -0.023594 -0.004185 -0.002077 -0.088682 0.996058,1.184e-06,2.661,"$CV1,91,10804,1,0,-13.2,-7.6,192.0,-0.067472,0.072413,-1.593432*13"
328,10837,valid,1,0,0,-0.013176,-0.007646,0.192231,0.192833,-0.067681,0.073214,-1.593544,-0.024018 0.995721 0.089239 -0.999709 -0.023704 -0.004573 -0.002438 -0.089323 0.996000,1.189e-06,2.666,
329,10877,valid,1,0,0,-0.013071,-0.007634,0.192482,0.193076,-0.068181,0.072806,-1.593873,-0.024321 0.995708 0.089301 -0.999702 -0.024059 -0.004013 -0.001848 -0.089372 0.995997,1.188e-06,2.657,
330,10914,valid,1,0,0,-0.012918,-0.007577,0.192655,0.193236,-0.069586,0.073229,-1.594186,-0.024636 0.995596 0.090458 -0.999696 -0.024426 -0.003421 -0.001196 -0.090515 0.995894,1.182e-06,2.651,"$CV1,92,10914,1,0,-12.9,-7.6,192.7,-0.069586,0.073229,-1.594186*1A"
331,10948,valid,1,0,0,-0.012713,-0.007589,0.192787,0.193355,-0.070243,0.073369,-1.594019,-0.024467 0.995553 0.090968 -0.999700 -0.024287 -0.003092 -0.000869 -0.091016 0.995849,1.169e-06,2.636,
332,10981,valid,1,0,0,-0.012516,-0.007576,0.192790,0.193344,-0.070971,0.072588,-1.593605,-0.024009 0.995566 0.090952 -0.999712 -0.023916 -0.002117 0.000067 -0.090976 0.995853,1.161e-06,2.625,
333,11014,valid,1,0,0,-0.012393,-0.007544,0.192701,0.193247,-0.071663,0.072659,-1.593793,-0.024191 0.995517 0.091436 -0.999707 -0.024133 -0.001738 0.000476 -0.091451 0.995809,1.157e-06,2.620,"$CV1,93,11014,1,0,-12.4,-7.5,192.7,-0.071663,0.072659,-1.593793*1B"
334,11054,valid,1,0,0,-0.012345,-0.007506,0.192577,0.193118,-0.072531,0.073504,-1.593767,-0.024193 0.995417 0.092519 -0.999707 -0.024136 -0.001737 0.000504 -0.092534 0.995709,1.165e-06,2.635,
335,11091,valid,1,0,0,-0.012333,-0.007493,0.192483,0.193024,-0.072690,0.073361,-1.593878,-0.024295 0.995413 0.092530 -0.999705 -0.024256 -0.001551 0.000701 -0.092540 0.995709,1.145e-06,2.612,
336,11131,valid,1,0,0,-0.012245,-0.007525,0.192587,0.193123,-0.072554,0.074984,-1.593925,-0.024419 0.995324 0.093454 -0.999702 -0.024275 -0.002680 -0.000399 -0.093492 0.995620,1.128e-06,2.592,"$CV1,94,11131,1,0,-12.2,-7.5,192.6,-0.072554,0.074984,-1.593925*13"
337,11168,valid,1,0,0,-0.011930,-0.007681,0.192821,0.193342,-0.072056,0.075498,-1.592891,-0.023418 0.995346 0.093472 -0.999725 -0.023213 -0.003274 -0.001089 -0.093523 0.995617,1.154e-06,2.624,
338,11199,valid,1,0,0,-0.011455,-0.007882,0.193274,0.193774,-0.071814,0.077339,-1.591461,-0.022082 0.995281 0.094488 -0.999753 -0.021750 -0.004540 -0.002464 -0.094565 0.995516,1.176e-06,2.644,
339,11247,valid,1,0,0,-0.010730,-0.008138,0.194012,0.194479,-0.072159,0.082346,-1.588677,-0.019549 0.995006 0.097883 -0.999794 -0.018915 -0.007402 -0.005513 -0.098008 0.995170,1.125e-06,2.552,"$CV1,95,11247,1,0,-10.7,-8.1,194.0,-0.072159,0.082346,-1.588677*1A"
340,11297,valid,1,0,0,-0.007182,-0.008511,0.195769,0.196086,-0.081361,0.104813,-1.587140,-0.019212 0.992850 0.117814 -0.999721 -0.017453 -0.015944 -0.013773 -0.118088 0.992908,1.665e-06,3.070,
341,11326,valid,1,0,0,-0.002793,-0.009179,0.197371,0.197604,-0.104643,0.109333,-1.583048,-0.015054 0.990661 0.135517 -0.999885 -0.014649 -0.003982 -0.001960 -0.135561 0.990767,1.818e-06,3.197,
342,11360,valid,1,0,0,-0.000475,-0.009608,0.198201,0.198435,-0.111480,0.114611,-1.579208,-0.011470 0.989624 0.143223 -0.999934 -0.011184 -0.002799 -0.001168 -0.143246 0.989686,1.043e-06,2.414,"$CV1,96,11360,1,0,-0.5,-9.6,198.2,-0.111480,0.114611,-1.579208*28"
343,11411,valid,1,0,0,-0.000559,-0.009769,0.198275,0.198516,-0.112840,0.115838,-1.580131,-0.012451 0.989378 0.144831 -0.999922 -0.012175 -0.002795 -0.001002 -0.144855 0.989452,1.087e-06,2.466,
344,11443,valid,1,0,0,-0.000857,-0.009657,0.198079,0.198316,-0.112669,0.115550,-1.583223,-0.015514 0.989386 0.144478 -0.999879 -0.015249 -0.002941 -0.000707 -0.144506 0.989504,1.091e-06,2.466,
345,11492,valid,1,0,0,-0.001080,-0.009446,0.198051,0.198279,-0.113111,0.116104,-1.584673,-0.016989 0.989275 0.145072 -0.999855 -0.016713 -0.003123 -0.000665 -0.145104 0.989416,1.075e-06,2.450,"$CV1,97,11492,1,0,-1.1,-9.4,198.1,-0.113111,0.116104,-1.584673*23"
346,11529,valid,1,0,0,-0.001209,-0.009402,0.198077,0.198304,-0.112582,0.116554,-1.584293,-0.016654 0.989288 0.145026 -0.999860 -0.016288 -0.003715 -0.001313 -0.145067 0.989421,1.068e-06,2.441,
347,11570,valid,1,0,0,-0.001350,-0.009395,0.198096,0.198324,-0.112127,0.117232,-1.584229,-0.016650 0.989268 0.145161 -0.999859 -0.016178 -0.004430 -0.002034 -0.145214 0.989398,1.019e-06,2.383,
348,11605,valid,1,0,0,-0.001593,-0.009465,0.198010,0.198242,-0.112428,0.117481,-1.586007,-0.018433 0.989191 0.145467 -0.999828 -0.017965 -0.004529 -0.001867 -0.145525 0.989353,9.389e-07,2.287,"$CV1,98,11605,1,0,-1.6,-9.5,198.0,-0.112428,0.117481,-1.586007*27"
349,11653,valid,1,0,0,-0.001753,-0.009596,0.197967,0.198207,-0.111564,0.117795,-1.587268,-0.019729 0.989222 0.145086 -0.999802 -0.019154 -0.005361 -0.002524 -0.145163 0.989405,9.532e-07,2.310,
350,11699,valid,1,0,0,-0.001716,-0.009856,0.198003,0.198255,-0.111148,0.117686,-1.586478,-0.018942 0.989284 0.144773 -0.999817 -0.018340 -0.005494 -0.002780 -0.144850 0.989450,9.639e-07,2.327,
351,11747,valid,1,0,0,-0.001492,-0.010168,0.198015,0.198281,-0.109554,0.117226,-1.584786,-0.017255 0.989498 0.143514 -0.999845 -0.016554 -0.006076 -0.003637 -0.143597 0.989630,1.023e-06,2.405,"$CV1,99,11747,1,0,-1.5,-10.2,198.0,-0.109554,0.117226,-1.584786*1A"
352,11804,valid,1,0,0,-0.001108,-0.010732,0.197918,0.198212,-0.108920,0.117842,-1.582321,-0.014857 0.989531 0.143552 -0.999879 -0.014042 -0.006692 -0.004607 -0.143634 0.989620,1.001e-06,2.381,
353,11842,valid,1,0,0,-0.000779,-0.011238,0.197875,0.198195,-0.109734,0.120469,-1.580780,-0.013504 0.989230 0.145743 -0.999892 -0.012507 -0.007752 -0.005845 -0.145832 0.989292,9.896e-07,2.362,
354,11888,valid,1,0,0,-0.000549,-0.011576,0.197925,0.198264,-0.110299,0.123141,-1.580674,-0.013592 0.988928 0.147770 -0.999882 -0.012383 -0.009097 -0.007166 -0.147876 0.988980,9.908e-07,2.358,"$CV1,100,11888,1,0,-0.5,-11.6,197.9,-0.110299,0.123141,-1.580674*26"
355,11928,valid,1,0,0,-0.000380,-0.011823,0.197968,0.198321,-0.111643,0.124859,-1.581488,-0.014511 0.988629 0.149671 -0.999868 -0.013251 -0.009412 -0.007322 -0.149788 0.988691,9.952e-07,2.359,
356,11961,valid,1,0,0,-0.000217,-0.011902,0.197932,0.198290,-0.113147,0.127536,-1.582308,-0.015510 0.988217 0.152268 -0.999848 -0.014114 -0.010242 -0.007972 -0.152404 0.988286,9.925e-07,2.355,
357,11996,valid,1,0,0,0.000071,-0.011935,0.197768,0.198128,-0.113416,0.129734,-1.582831,-0.016203 0.987970 0.153793 -0.999827 -0.014604 -0.011519 -0.009134 -0.153953 0.988036,1.043e-06,2.420,"$CV1,101,11996,1,0,0.1,-11.9,197.8,-0.113416,0.129734,-1.582831*0F"
358,12033,valid,1,0,0,0.000439,-0.011987,0.197585,0.197948,-0.114001,0.131680,-1.582572,-0.016093 0.987724 0.155380 -0.999821 -0.014343 -0.012377 -0.009997 -0.155551 0.987777,1.083e-06,2.470,
359,12073,valid,1,0,0,0.000816,-0.012106,0.197477,0.197849,-0.113961,0.134200,-1.582195,-0.015930 0.987481 0.156932 -0.999805 -0.013906 -0.013985 -0.011628 -0.157124 0.987510,1.137e-06,2.534,
360,12126,valid,1,0,0,0.001138,-0.012194,0.197591,0.197971,-0.113895,0.135743,-1.581450,-0.015321 0.987341 0.157871 -0.999802 -0.013123 -0.014956 -0.012695 -0.158069 0.987346,1.077e-06,2.463,"$CV1,102,12126,1,0,1.1,-12.2,197.6,-0.113895,0.135743,-1.581450*09"
361,12175,valid,1,0,0,0.001376,-0.012239,0.197723,0.198106,-0.114757,0.137175,-1.581434,-0.015410 0.987109 0.159306 -0.999796 -0.013135 -0.015329 -0.013039 -0.159510 0.987110,1.059e-06,2.438,
362,12227,valid,1,0,0,0.001483,-0.012335,0.197815,0.198205,-0.115604,0.139594,-1.582320,-0.016485 0.986765 0.161318 -0.999767 -0.014019 -0.016415 -0.013937 -0.161551 0.986766,1.016e-06,2.386,"$CV1,103,12227,1,0,1.5,-12.3,197.8,-0.115604,0.139594,-1.582320*06"
363,12269,valid,1,0,0,0.001542,-0.012502,0.197973,0.198374,-0.116197,0.141582,-1.582773,-0.017099 0.986492 0.162913 -0.999745 -0.014463 -0.017351 -0.014760 -0.163168 0.986488,1.024e-06,2.393,
364,12307,valid,1,0,0,0.001613,-0.012830,0.198121,0.198543,-0.116196,0.143382,-1.583317,-0.017801 0.986298 0.164011 -0.999716 -0.014959 -0.018546 -0.015838 -0.164295 0.986284,9.782e-07,2.336,
365,12348,valid,1,0,0,0.001759,-0.013242,0.198232,0.198681,-0.116037,0.144610,-1.583555,-0.018152 0.986183 0.164664 -0.999696 -0.015154 -0.019449 -0.016685 -0.164967 0.986158,9.889e-07,2.351,"$CV1,104,12348,1,0,1.8,-13.2,198.2,-0.116037,0.144610,-1.583555*04"
366,12398,valid,1,0,0,0.002045,-0.013693,0.198180,0.198663,-0.115853,0.145711,-1.582358,-0.017066 0.986101 0.165270 -0.999700 -0.013920 -0.020173 -0.017592 -0.165564 0.986042,9.887e-07,2.357,
367,12445,valid,1,0,0,0.002352,-0.014231,0.197913,0.198437,-0.114842,0.147043,-1.580278,-0.015141 0.986089 0.165527 -0.999700 -0.011742 -0.021492 -0.019249 -0.165802 0.985971,1.026e-06,2.409,
368,12507,valid,1,0,0,0.002514,-0.014581,0.197638,0.198191,-0.115730,0.148846,-1.578960,-0.013980 0.985815 0.167251 -0.999704 -0.010448 -0.021980 -0.019921 -0.167509 0.985669,1.016e-06,2.398,"$CV1,105,12507,1,0,2.5,-14.6,197.6,-0.115730,0.148846,-1.578960*02"
369,12544,valid,1,0,0,0.002545,-0.014675,0.197421,0.197982,-0.115045,0.150340,-1.578730,-0.013907 0.985731 0.167755 -0.999676 -0.010130 -0.023345 -0.021312 -0.168025 0.985552,1.018e-06,2.397,
370,12588,valid,1,0,0,0.002468,-0.014640,0.197428,0.197986,-0.115412,0.151379,-1.578887,-0.014154 0.985579 0.168626 -0.999664 -0.010286 -0.023791 -0.021713 -0.168906 0.985393,1.052e-06,2.431,
371,12621,valid,1,0,0,0.002296,-0.014486,0.197548,0.198092,-0.114436,0.153023,-1.580065,-0.015502 0.985496 0.168989 -0.999609 -0.011343 -0.025548 -0.023260 -0.169319 0.985287,1.039e-06,2.403,"$CV1,106,12621,1,0,2.3,-14.5,197.5,-0.114436,0.153023,-1.580065*0E"
372,12662,valid,1,0,0,0.002048,-0.014201,0.197749,0.198269,-0.116601,0.154430,-1.582213,-0.017728 0.985086 0.171149 -0.999588 -0.013599 -0.025267 -0.022562 -0.171527 0.984921,1.026e-06,2.380,
373,12697,valid,1,0,0,0.001879,-0.013885,0.197941,0.198436,-0.116388,0.154317,-1.584197,-0.019693 0.985096 0.170874 -0.999554 -0.015561 -0.025491 -0.022452 -0.171299 0.984963,1.025e-06,2.379,
374,12723,valid,1,0,0,0.001786,-0.013725,0.198142,0.198625,-0.116221,0.154461,-1.585518,-0.021024 0.985080 0.170809 -0.999525 -0.016859 -0.025795 -0.022531 -0.171270 0.984966,1.042e-06,2.400,"$CV1,107,12723,1,0,1.8,-13.7,198.1,-0.116221,0.154461,-1.585518*07"
375,12760,valid,1,0,0,0.001770,-0.013690,0.198286,0.198766,-0.116626,0.154015,-1.585816,-0.021268 0.985080 0.170778 -0.999532 -0.017197 -0.025282 -0.021968 -0.171236 0.984985,9.974e-07,2.351,
376,12792,valid,1,0,0,0.001838,-0.013819,0.198321,0.198810,-0.116577,0.154108,-1.585591,-0.021055 0.985078 0.170813 -0.999535 -0.016967 -0.025353 -0.022077 -0.171267 0.984977,9.819e-07,2.337,
377,12819,valid,1,0,0,0.001994,-0.013991,0.198291,0.198794,-0.116648,0.153977,-1.585063,-0.020516 0.985093 0.170796 -0.999548 -0.016451 -0.025182 -0.021997 -0.171236 0.984984,9.914e-07,2.355,
378,12852,valid,1,0,0,0.002258,-0.014161,0.198116,0.198634,-0.116378,0.154195,-1.584342,-0.019826 0.985109 0.170786 -0.999553 -0.015708 -0.025431 -0.022370 -0.171214 0.984980,9.796e-07,2.347,"$CV1,108,12852,1,0,2.3,-14.2,198.1,-0.116378,0.154195,-1.584342*00"
379,12881,valid,1,0,0,0.002518,-0.014429,0.197731,0.198272,-0.115692,0.152208,-1.582332,-0.017652 0.985424 0.169196 -0.999608 -0.013712 -0.024425 -0.021749 -0.169561 0.985280,1.020e-06,2.399,
380,12909,valid,1,0,0,0.002590,-0.014721,0.197410,0.197975,-0.116519,0.152891,-1.581012,-0.016388 0.985276 0.170187 -0.999629 -0.012440 -0.024236 -0.021762 -0.170521 0.985114,8.939e-07,2.245,
381,12944,valid,1,0,0,0.002570,-0.015010,0.197294,0.197881,-0.114519,0.152448,-1.580633,-0.016010 0.985543 0.168665 -0.999612 -0.011930 -0.025174 -0.022798 -0.169002 0.985352,9.702e-07,2.339,
382,12981,valid,1,0,0,0.002487,-0.015376,0.197269,0.197883,-0.114343,0.152549,-1.580941,-0.016329 0.985549 0.168605 -0.999603 -0.012221 -0.025375 -0.022947 -0.168952 0.985357,8.880e-07,2.239,"$CV1,109,12981,1,0,2.5,-15.4,197.3,-0.114343,0.152549,-1.580941*06"
383,13027,valid,1,0,0,0.002421,-0.015788,0.197202,0.197848,-0.114215,0.153035,-1.580859,-0.016297 0.985511 0.168828 -0.999595 -0.012117 -0.025758 -0.023340 -0.169179 0.985309,8.755e-07,2.225,
384,13060,valid,1,0,0,0.002472,-0.016150,0.197170,0.197846,-0.113696,0.152913,-1.580464,-0.015903 0.985584 0.168440 -0.999594 -0.011690 -0.025974 -0.023630 -0.168784 0.985370,8.866e-07,2.245,
385,13102,valid,1,0,0,0.002741,-0.016577,0.196824,0.197540,-0.111551,0.151780,-1.578143,-0.013530 0.985954 0.166467 -0.999608 -0.009258 -0.026410 -0.024498 -0.166759 0.985693,9.660e-07,2.353,"$CV1,110,13102,1,0,2.7,-16.6,196.8,-0.111551,0.151780,-1.578143*0C"
386,13127,valid,1,0,0,0.002979,-0.016904,0.196362,0.197111,-0.112282,0.152478,-1.575274,-0.010730 0.985820 0.167465 -0.999637 -0.006436 -0.026166 -0.024717 -0.167685 0.985531,9.710e-07,2.360,
387,13180,valid,1,0,0,0.002996,-0.016941,0.196160,0.196913,-0.111785,0.153846,-1.574879,-0.010479 0.985728 0.168017 -0.999609 -0.005970 -0.027318 -0.025925 -0.168238 0.985405,9.859e-07,2.369,
388,13223,valid,1,0,0,0.002822,-0.016724,0.196233,0.196964,-0.112502,0.155104,-1.576083,-0.011784 0.985510 0.169207 -0.999589 -0.007185 -0.027767 -0.026149 -0.169465 0.985189,1.017e-06,2.406,"$CV1,111,13223,1,0,2.8,-16.7,196.2,-0.112502,0.155104,-1.576083*01"
389,13259,valid,1,0,0,0.002634,-0.016373,0.196332,0.197031,-0.112251,0.155016,-1.577736,-0.013424 0.985536 0.168933 -0.999569 -0.008815 -0.028002 -0.026108 -0.169236 0.985230,1.049e-06,2.431,
390,13291,valid,1,0,0,0.002431,-0.015955,0.196281,0.196944,-0.114774,0.157108,-1.579426,-0.015258 0.985021 0.171759 -0.999555 -0.010620 -0.027892 -0.025650 -0.172108 0.984744,1.050e-06,2.434,
391,13330,valid,1,0,0,0.002300,-0.015511,0.196220,0.196846,-0.114565,0.157217,-1.581827,-0.017659 0.985008 0.171604 -0.999515 -0.012990 -0.028290 -0.025637 -0.172020 0.984760,1.105e-06,2.500,"$CV1,112,13330,1,0,2.3,-15.5,196.2,-0.114565,0.157217,-1.581827*01"
392,13381,valid,1,0,0,0.002269,-0.015133,0.196186,0.196782,-0.114404,0.156632,-1.583227,-0.018996 0.985073 0.171088 -0.999501 -0.014389 -0.028131 -0.025250 -0.171537 0.984854,1.155e-06,2.556,
393,13421,valid,1,0,0,0.002321,-0.014898,0.196312,0.196891,-0.113873,0.156492,-1.583540,-0.019304 0.985142 0.170654 -0.999489 -0.014666 -0.028400 -0.025475 -0.171115 0.984922,1.113e-06,2.510,
394,13460,valid,1,0,0,0.002397,-0.014781,0.196464,0.197034,-0.113970,0.155590,-1.583352,-0.019027 0.985232 0.170164 -0.999510 -0.014510 -0.027747 -0.024868 -0.170609 0.985025,1.080e-06,2.475,"$CV1,113,13460,1,0,2.4,-14.8,196.5,-0.113970,0.155590,-1.583352*00"
395,13503,valid,1,0,0,0.002421,-0.014682,0.196522,0.197085,-0.114980,0.154904,-1.583756,-0.019341 0.985191 0.170364 -0.999531 -0.015004 -0.026710 -0.023758 -0.170801 0.985019,1.034e-06,2.420,
396,13537,valid,1,0,0,0.002438,-0.014651,0.196485,0.197045,-0.115258,0.154331,-1.583904,-0.019428 0.985222 0.170179 -0.999542 -0.015187 -0.026182 -0.023211 -0.170610 0.985065,1.017e-06,2.405,
397,13584,valid,1,0,0,0.002449,-0.014693,0.196361,0.196926,-0.115283,0.153689,-1.583405,-0.018869 0.985295 0.169815 -0.999561 -0.014710 -0.025715 -0.022839 -0.170226 0.985140,1.009e-06,2.399,"$CV1,114,13584,1,0,2.4,-14.7,196.4,-0.115283,0.153689,-1.583405*0B"
398,13625,valid,1,0,0,0.002474,-0.014797,0.196343,0.196915,-0.114443,0.153253,-1.583066,-0.018507 0.985438 0.169028 -0.999561 -0.014324 -0.025934 -0.023136 -0.169433 0.985270,9.875e-07,2.374,
399,13668,valid,1,0,0,0.002557,-0.014892,0.196191,0.196772,-0.114485,0.152674,-1.582466,-0.017854 0.985503 0.168718 -0.999581 -0.013746 -0.025489 -0.022801 -0.169102 0.985335,1.009e-06,2.406,
400,13720,valid,1,0,0,0.002687,-0.014977,0.195973,0.196563,-0.114527,0.152603,-1.581453,-0.016839 0.985517 0.168736 -0.999598 -0.012742 -0.025335 -0.022819 -0.169095 0.985336,1.031e-06,2.435,"$CV1,115,13720,1,0,2.7,-15.0,196.0,-0.114527,0.152603,-1.581453*0D"
401,13765,valid,1,0,0,0.002727,-0.014993,0.195902,0.196494,-0.114264,0.152744,-1.581041,-0.016448 0.985535 0.168673 -0.999598 -0.012309 -0.025557 -0.023111 -0.169025 0.985341,9.905e-07,2.382,
402,13799,valid,1,0,0,0.002719,-0.014959,0.195980,0.196569,-0.114104,0.152806,-1.581024,-0.016441 0.985546 0.168610 -0.999594 -0.012279 -0.025695 -0.023254 -0.168964 0.985348,9.995e-07,2.388,
403,13838,valid,1,0,0,0.002675,-0.014810,0.196044,0.196621,-0.115511,0.152524,-1.581774,-0.017131 0.985416 0.169297 -0.999609 -0.013135 -0.024695 -0.022111 -0.169654 0.985256,1.040e-06,2.433,"$CV1,116,13838,1,0,2.7,-14.8,196.0,-0.115511,0.152524,-1.581774*05"
404,13891,valid,1,0,0,0.002597,-0.014685,0.196095,0.196661,-0.115686,0.153132,-1.582701,-0.018107 0.985321 0.169751 -0.999587 -0.014054 -0.025049 -0.022296 -0.170135 0.985169,1.050e-06,2.441,
405,13929,valid,1,0,0,0.002512,-0.014503,0.196237,0.196788,-0.115861,0.152958,-1.583869,-0.019248 0.985306 0.169712 -0.999573 -0.015233 -0.024924 -0.021972 -0.170119 0.985178,1.095e-06,2.491,
406,13961,valid,1,0,0,0.002478,-0.014355,0.196363,0.196902,-0.116151,0.152497,-1.584509,-0.019834 0.985316 0.169587 -0.999573 -0.015904 -0.024500 -0.021444 -0.170000 0.985211,1.062e-06,2.453,"$CV1,117,13961,1,0,2.5,-14.4,196.4,-0.116151,0.152497,-1.584509*04"
407,13995,valid,1,0,0,0.002480,-0.014266,0.196528,0.197061,-0.116422,0.152748,-1.584781,-0.020122 0.985255 0.169904 -0.999568 -0.016187 -0.024513 -0.021402 -0.170324 0.985156,1.028e-06,2.414,
408,14041,valid,1,0,0,0.002546,-0.014182,0.196746,0.197273,-0.117031,0.152197,-1.584563,-0.019841 0.985252 0.169956 -0.999589 -0.016030 -0.023763 -0.020688 -0.170357 0.985165,1.015e-06,2.397,
409,14082,valid,1,0,0,0.002600,-0.014148,0.196804,0.197329,-0.117703,0.152370,-1.584122,-0.019405 0.985166 0.170503 -0.999603 -0.015637 -0.023418 -0.020405 -0.170889 0.985079,1.018e-06,2.397,"$CV1,118,14082,1,0,2.6,-14.1,196.8,-0.117703,0.152370,-1.584122*01"
410,14114,valid,1,0,0,0.002560,-0.014093,0.196904,0.197424,-0.118216,0.151935,-1.583887,-0.019118 0.985161 0.170566 -0.999621 -0.015452 -0.022799 -0.019825 -0.170937 0.985083,1.026e-06,2.403,
411,14149,valid,1,0,0,0.002496,-0.013982,0.196838,0.197349,-0.119274,0.151683,-1.584229,-0.019412 0.985068 0.171066 -0.999632 -0.015878 -0.022005 -0.018960 -0.171430 0.985014,1.052e-06,2.433,
412,14203,valid,1,0,0,0.002376,-0.013892,0.196765,0.197269,-0.119872,0.152082,-1.584659,-0.019865 0.984953 0.171675 -0.999626 -0.016340 -0.021922 -0.018787 -0.172047 0.984910,1.036e-06,2.411,"$CV1,119,14203,1,0,2.4,-13.9,196.8,-0.119872,0.152082,-1.584659*04"
413,14240,valid,1,0,0,0.002280,-0.013808,0.196703,0.197200,-0.119967,0.151370,-1.584749,-0.019885 0.985020 0.171292 -0.999635 -0.016456 -0.021415 -0.018276 -0.171656 0.984987,1.014e-06,2.387,
414,14275,valid,1,0,0,0.002183,-0.013757,0.196661,0.197154,-0.119984,0.152091,-1.584791,-0.019995 0.984938 0.171747 -0.999625 -0.016479 -0.021869 -0.018710 -0.172120 0.984898,1.013e-06,2.387,
415,14307,valid,1,0,0,0.002146,-0.013736,0.196733,0.197224,-0.119714,0.151727,-1.584568,-0.019744 0.985011 0.171360 -0.999631 -0.016247 -0.021787 -0.018676 -0.171726 0.984968,1.016e-06,2.388,"$CV1,120,14307,1,0,2.1,-13.7,196.7,-0.119714,0.151727,-1.584568*0A"
416,14337,valid,1,0,0,0.002126,-0.013706,0.196902,0.197390,-0.119303,0.152061,-1.584473,-0.019690 0.985021 0.171309 -0.999623 -0.016112 -0.022249 -0.019156 -0.171683 0.984966,1.027e-06,2.398,
417,14394,valid,1,0,0,0.002116,-0.013657,0.197132,0.197616,-0.119544,0.152054,-1.584656,-0.019867 0.984992 0.171451 -0.999622 -0.016313 -0.022110 -0.018981 -0.171826 0.984944,1.005e-06,2.369,
418,14439,valid,1,0,0,0.002171,-0.013571,0.197347,0.197825,-0.120112,0.151677,-1.584589,-0.019752 0.984972 0.171578 -0.999636 -0.016299 -0.021508 -0.018388 -0.171941 0.984936,1.035e-06,2.401,"$CV1,121,14439,1,0,2.2,-13.6,197.3,-0.120112,0.151677,-1.584589*07"
419,14475,valid,1,0,0,0.002187,-0.013409,0.197429,0.197896,-0.120733,0.151717,-1.584785,-0.019937 0.984897 0.171990 -0.999639 -0.016540 -0.021162 -0.017997 -0.172349 0.984871,1.028e-06,2.390,
420,14510,valid,1,0,0,0.002149,-0.013217,0.197467,0.197921,-0.122196,0.152265,-1.585345,-0.020514 0.984667 0.173233 -0.999639 -0.017194 -0.020646 -0.017351 -0.173594 0.984665,1.070e-06,2.438,
421,14547,valid,1,0,0,0.002091,-0.012976,0.197480,0.197917,-0.122767,0.152864,-1.586630,-0.021836 0.984518 0.173919 -0.999613 -0.018500 -0.020782 -0.017242 -0.174306 0.984541,1.077e-06,2.446,"$CV1,122,14547,1,0,2.1,-13.0,197.5,-0.122767,0.152864,-1.586630*05"
422,14581,valid,1,0,0,0.002064,-0.012815,0.197500,0.197926,-0.123110,0.152461,-1.587642,-0.022795 0.984508 0.173852 -0.999601 -0.019543 -0.020395 -0.016682 -0.174248 0.984561,1.070e-06,2.437,
423,14615,valid,1,0,0,0.002078,-0.012772,0.197522,0.197946,-0.123036,0.152192,-1.587813,-0.022942 0.984543 0.173634 -0.999600 -0.019716 -0.020283 -0.016546 -0.174030 0.984601,1.025e-06,2.388,
424,14649,valid,1,0,0,0.002152,-0.012813,0.197548,0.197975,-0.122589,0.152196,-1.587516,-0.022656 0.984597 0.173364 -0.999601 -0.019385 -0.020539 -0.016862 -0.173760 0.984644,1.013e-06,2.378,"$CV1,123,14649,1,0,2.2,-12.8,197.5,-0.122589,0.152196,-1.587516*03"
425,14684,valid,1,0,0,0.002272,-0.012940,0.197572,0.198008,-0.122258,0.151476,-1.586980,-0.022063 0.984722 0.172729 -0.999618 -0.018846 -0.020239 -0.016675 -0.173109 0.984761,9.799e-07,2.340,
426,14713,valid,1,0,0,0.002409,-0.013084,0.197511,0.197959,-0.122386,0.151682,-1.585930,-0.021036 0.984702 0.172972 -0.999637 -0.017807 -0.020203 -0.016814 -0.173335 0.984719,9.600e-07,2.321,
427,14749,valid,1,0,0,0.002507,-0.013211,0.197530,0.197987,-0.122431,0.151504,-1.585301,-0.020393 0.984726 0.172912 -0.999652 -0.017189 -0.020009 -0.016731 -0.173260 0.984734,9.695e-07,2.330,
428,14782,valid,1,0,0,0.002557,-0.013288,0.197373,0.197836,-0.122438,0.151645,-1.585154,-0.020260 0.984712 0.173009 -0.999653 -0.017040 -0.020082 -0.016827 -0.173356 0.984716,9.689e-07,2.329,"$CV1,124,14782,1,0,2.6,-13.3,197.4,-0.122438,0.151645,-1.585154*0C"
429,14832,valid,1,0,0,0.002558,-0.013339,0.197384,0.197851,-0.122656,0.151024,-1.585557,-0.020597 0.984750 0.172749 -0.999656 -0.017473 -0.019582 -0.016265 -0.173093 0.984771,9.698e-07,2.326,
430,14879,valid,1,0,0,0.002620,-0.013306,0.197282,0.197748,-0.122596,0.151551,-1.585876,-0.020965 0.984694 0.173026 -0.999642 -0.017772 -0.019984 -0.016603 -0.173384 0.984714,1.004e-06,2.375,
431,14908,valid,1,0,0,0.002715,-0.013311,0.197221,0.197688,-0.122121,0.151496,-1.585860,-0.020954 0.984753 0.172693 -0.999638 -0.017721 -0.020244 -0.016875 -0.173054 0.984768,9.945e-07,2.364,"$CV1,125,14908,1,0,2.7,-13.3,197.2,-0.122121,0.151496,-1.585860*09"
432,14945,valid,1,0,0,0.002787,-0.013274,0.197293,0.197758,-0.122709,0.152183,-1.585715,-0.020863 0.984614 0.173493 -0.999639 -0.017603 -0.020305 -0.016938 -0.173854 0.984626,1.016e-06,2.388,
433,14981,valid,1,0,0,0.002863,-0.013173,0.197502,0.197962,-0.122670,0.151738,-1.585638,-0.020745 0.984669 0.173196 -0.999645 -0.017536 -0.020038 -0.016693 -0.173550 0.984684,1.021e-06,2.388,
434,15017,valid,1,0,0,0.002911,-0.013065,0.197704,0.198156,-0.123055,0.151697,-1.585448,-0.020544 0.984634 0.173421 -0.999654 -0.017378 -0.019755 -0.016438 -0.173767 0.984650,1.018e-06,2.377,"$CV1,126,15017,1,0,2.9,-13.1,197.7,-0.123055,0.151697,-1.585448*03"
435,15047,valid,1,0,0,0.002872,-0.012874,0.197900,0.198339,-0.124487,0.152333,-1.586030,-0.021151 0.984395 0.174698 -0.999650 -0.018050 -0.019318 -0.015864 -0.175045 0.984433,1.046e-06,2.403,
436,15083,valid,1,0,0,0.002774,-0.012616,0.198068,0.198489,-0.126455,0.153323,-1.587236,-0.022400 0.984044 0.176511 -0.999635 -0.019378 -0.018828 -0.015108 -0.176868 0.984119,1.034e-06,2.387,
437,15119,valid,1,0,0,0.002701,-0.012341,0.198120,0.198522,-0.126277,0.152595,-1.589221,-0.024307 0.984111 0.175883 -0.999598 -0.021358 -0.018643 -0.014590 -0.176266 0.984235,1.105e-06,2.462,"$CV1,127,15119,1,0,2.7,-12.3,198.1,-0.126277,0.152595,-1.589221*09"
438,15164,valid,1,0,0,0.002714,-0.012149,0.198043,0.198434,-0.127358,0.152380,-1.589523,-0.024563 0.984008 0.176424 -0.999604 -0.021750 -0.017859 -0.013736 -0.176792 0.984152,1.103e-06,2.468,
439,15196,valid,1,0,0,0.002757,-0.012046,0.197876,0.198261,-0.126517,0.152472,-1.589766,-0.024831 0.984088 0.175940 -0.999589 -0.021922 -0.018461 -0.014311 -0.176327 0.984228,1.110e-06,2.479,
440,15233,valid,1,0,0,0.002773,-0.012017,0.197906,0.198290,-0.126264,0.152431,-1.589812,-0.024879 0.984120 0.175754 -0.999586 -0.021949 -0.018596 -0.014443 -0.176144 0.984258,1.048e-06,2.409,"$CV1,128,15233,1,0,2.8,-12.0,197.9,-0.126264,0.152431,-1.589812*01"
441,15258,valid,1,0,0,0.002812,-0.012022,0.197985,0.198369,-0.126277,0.152906,-1.589675,-0.024788 0.984067 0.176059 -0.999584 -0.021801 -0.018881 -0.014742 -0.176454 0.984198,1.053e-06,2.413,
442,15295,valid,1,0,0,0.002904,-0.012028,0.198152,0.198538,-0.126025,0.152699,-1.589488,-0.024588 0.984123 0.175779 -0.999588 -0.021601 -0.018889 -0.014792 -0.176171 0.984248,1.059e-06,2.419,
443,15330,valid,1,0,0,0.003022,-0.012056,0.198140,0.198530,-0.126151,0.152803,-1.589158,-0.024267 0.984103 0.175934 -0.999596 -0.021279 -0.018849 -0.014806 -0.176320 0.984222,1.054e-06,2.419,
444,15363,valid,1,0,0,0.003091,-0.012068,0.198133,0.198525,-0.126036,0.152771,-1.588719,-0.023830 0.984127 0.175856 -0.999605 -0.020834 -0.018863 -0.014899 -0.176236 0.984235,1.034e-06,2.392,"$CV1,129,15363,1,0,3.1,-12.1,198.1,-0.126036,0.152771,-1.588719*0D"
445,15401,valid,1,0,0,0.003112,-0.012021,0.198228,0.198616,-0.126528,0.153123,-1.589013,-0.024145 0.984027 0.176374 -0.999599 -0.021156 -0.018807 -0.014775 -0.176758 0.984144,1.017e-06,2.366,
446,15430,valid,1,0,0,0.003116,-0.011947,0.198312,0.198696,-0.126478,0.153190,-1.589499,-0.024636 0.984016 0.176367 -0.999587 -0.021634 -0.018923 -0.014805 -0.176760 0.984143,1.005e-06,2.352,
447,15469,valid,1,0,0,0.003111,-0.011874,0.198382,0.198761,-0.127004,0.152623,-1.590121,-0.025188 0.984009 0.176330 -0.999584 -0.022310 -0.018286 -0.014059 -0.176717 0.984161,1.001e-06,2.345,"$CV1,130,15469,1,0,3.1,-11.9,198.4,-0.127004,0.152623,-1.590121*04"
448,15497,valid,1,0,0,0.003136,-0.011830,0.198396,0.198773,-0.126730,0.152983,-1.590676,-0.025780 0.983988 0.176359 -0.999564 -0.022830 -0.018735 -0.014408 -0.176765 0.984148,1.006e-06,2.353,
449,15523,valid,1,0,0,0.003206,-0.011819,0.198441,0.198818,-0.126633,0.152857,-1.590458,-0.025553 0.984018 0.176228 -0.999570 -0.022609 -0.018696 -0.014413 -0.176629 0.984172,1.023e-06,2.373,
450,15556,valid,1,0,0,0.003319,-0.011776,0.198367,0.198744,-0.127624,0.153016,-1.589690,-0.024783 0.983903 0.176978 -0.999596 -0.021920 -0.018115 -0.013944 -0.177355 0.984048,1.047e-06,2.406,
451,15592,valid,1,0,0,0.003353,-0.011685,0.198218,0.198590,-0.127995,0.153378,-1.589827,-0.024945 0.983817 0.177430 -0.999592 -0.022075 -0.018128 -0.013918 -0.177810 0.983966,1.069e-06,2.429,"$CV1,131,15592,1,0,3.4,-11.7,198.2,-0.127995,0.153378,-1.589827*01"
452,15624,valid,1,0,0,0.003300,-0.011543,0.198143,0.198507,-0.128349,0.153517,-1.590535,-0.025653 0.983747 0.177716 -0.999577 -0.022804 -0.018059 -0.013713 -0.178104 0.983916,1.027e-06,2.378,
453,15657,valid,1,0,0,0.003220,-0.011443,0.198079,0.198435,-0.128175,0.153458,-1.591660,-0.026769 0.983751 0.177532 -0.999548 -0.023910 -0.018226 -0.013685 -0.177940 0.983946,1.057e-06,2.415,
454,15691,valid,1,0,0,0.003214,-0.011362,0.197959,0.198311,-0.127969,0.153525,-1.592126,-0.027244 0.983757 0.177428 -0.999533 -0.024356 -0.018438 -0.013817 -0.177847 0.983961,1.082e-06,2.449,
455,15732,valid,1,0,0,0.003269,-0.011405,0.197834,0.198189,-0.127960,0.152633,-1.591658,-0.026694 0.983869 0.176889 -0.999555 -0.023913 -0.017830 -0.013313 -0.177287 0.984069,1.039e-06,2.407,"$CV1,132,15732,1,0,3.3,-11.4,197.8,-0.127960,0.152633,-1.591658*05"
456,15788,valid,1,0,0,0.003344,-0.011486,0.197864,0.198225,-0.127563,0.152677,-1.590643,-0.025698 0.983930 0.176698 -0.999576 -0.022871 -0.018018 -0.013687 -0.177086 0.984100,1.016e-06,2.377,
457,15819,valid,1,0,0,0.003363,-0.011553,0.198033,0.198398,-0.127697,0.152151,-1.589822,-0.024830 0.983990 0.176487 -0.999603 -0.022080 -0.017527 -0.013349 -0.176852 0.984147,9.747e-07,2.323,
458,15852,valid,1,0,0,0.003301,-0.011544,0.198170,0.198533,-0.127921,0.152855,-1.589545,-0.024616 0.983890 0.177071 -0.999604 -0.021803 -0.017815 -0.013667 -0.177439 0.984037,1.015e-06,2.361,"$CV1,133,15852,1,0,3.3,-11.5,198.2,-0.127921,0.152855,-1.589545*04"
459,15892,valid,1,0,0,0.003167,-0.011454,0.198245,0.198600,-0.128001,0.152984,-1.590273,-0.025351 0.983852 0.177177 -0.999586 -0.022531 -0.017910 -0.013629 -0.177558 0.984016,1.038e-06,2.384,
460,15917,valid,1,0,0,0.003024,-0.011310,0.198337,0.198682,-0.128026,0.153032,-1.591198,-0.026273 0.983826 0.177191 -0.999563 -0.023450 -0.018005 -0.013559 -0.177587 0.984012,1.061e-06,2.408,
461,15958,valid,1,0,0,0.002958,-0.011209,0.198509,0.198848,-0.128198,0.152872,-1.591495,-0.026549 0.983818 0.177192 -0.999559 -0.023764 -0.017822 -0.013323 -0.177587 0.984015,1.063e-06,2.410,"$CV1,134,15958,1,0,3.0,-11.2,198.5,-0.128198,0.152872,-1.591495*0E"
462,15994,valid,1,0,0,0.002969,-0.011147,0.198568,0.198903,-0.127058,0.153348,-1.591614,-0.026739 0.983891 0.176760 -0.999540 -0.023778 -0.018846 -0.014339 -0.177182 0.984074,1.036e-06,2.386,
463,16019,valid,1,0,0,0.002979,-0.011154,0.198628,0.198963,-0.127985,0.152596,-1.591214,-0.026248 0.983879 0.176896 -0.999567 -0.023475 -0.017753 -0.013314 -0.177286 0.984069,1.037e-06,2.387,
464,16042,valid,1,0,0,0.002994,-0.011125,0.198759,0.199092,-0.128091,0.152500,-1.591032,-0.026056 0.983882 0.176911 -0.999573 -0.023305 -0.017610 -0.013203 -0.177294 0.984069,1.026e-06,2.370,
465,16072,valid,1,0,0,0.003014,-0.011086,0.198795,0.199127,-0.127836,0.152174,-1.591273,-0.026270 0.983943 0.176541 -0.999568 -0.023533 -0.017580 -0.013143 -0.176927 0.984136,1.041e-06,2.390,"$CV1,135,16072,1,0,3.0,-11.1,198.8,-0.127836,0.152174,-1.591273*00"
466,16103,valid,1,0,0,0.002994,-0.011057,0.198736,0.199066,-0.128856,0.151999,-1.591156,-0.026114 0.983850 0.177082 -0.999582 -0.023504 -0.016823 -0.012390 -0.177447 0.984052,1.048e-06,2.396,
467,16131,valid,1,0,0,0.002954,-0.010945,0.198646,0.198969,-0.127624,0.152467,-1.591803,-0.026830 0.983923 0.176569 -0.999550 -0.024035 -0.017945 -0.013413 -0.176971 0.984125,1.050e-06,2.395,
468,16159,valid,1,0,0,0.002900,-0.010870,0.198571,0.198890,-0.129709,0.151394,-1.591930,-0.026806 0.983805 0.177225 -0.999576 -0.024358 -0.015973 -0.011397 -0.177578 0.984041,1.054e-06,2.403,
469,16190,valid,1,0,0,0.002877,-0.010835,0.198540,0.198856,-0.127602,0.153254,-1.592252,-0.027351 0.983826 0.177024 -0.999530 -0.024459 -0.018502 -0.013873 -0.177447 0.984033,1.041e-06,2.397,"$CV1,136,16190,1,0,2.9,-10.8,198.5,-0.127602,0.153254,-1.592252*0A"
470,16217,valid,1,0,0,0.002821,-0.010831,0.198592,0.198907,-0.128011,0.152807,-1.592415,-0.027461 0.983827 0.177003 -0.999534 -0.024666 -0.017975 -0.013319 -0.177414 0.984046,1.062e-06,2.419,
471,16251,valid,1,0,0,0.002832,-0.010892,0.198704,0.199023,-0.127639,0.151206,-1.592444,-0.027347 0.984049 0.175783 -0.999547 -0.024709 -0.017182 -0.012564 -0.176173 0.984279,1.007e-06,2.353,
472,16286,valid,1,0,0,0.002886,-0.010977,0.198683,0.199007,-0.126714,0.150787,-1.591702,-0.026591 0.984216 0.174964 -0.999562 -0.023908 -0.017424 -0.012966 -0.175351 0.984421,1.049e-06,2.406,
473,16315,valid,1,0,0,0.002946,-0.011016,0.198650,0.198977,-0.127242,0.150772,-1.591159,-0.026038 0.984170 0.175307 -0.999581 -0.023410 -0.017040 -0.012666 -0.175677 0.984366,1.063e-06,2.422,"$CV1,137,16315,1,0,2.9,-11.0,198.6,-0.127242,0.150772,-1.591159*07"
474,16360,valid,1,0,0,0.002985,-0.011004,0.198613,0.198940,-0.127157,0.149931,-1.590832,-0.025636 0.984280 0.174746 -0.999597 -0.023101 -0.016525 -0.012229 -0.175099 0.984475,1.057e-06,2.412,
475,16388,valid,1,0,0,0.002957,-0.010889,0.198546,0.198867,-0.127412,0.150259,-1.590681,-0.025511 0.984218 0.175113 -0.999599 -0.022963 -0.016564 -0.012282 -0.175466 0.984409,1.075e-06,2.431,
476,16418,valid,1,0,0,0.002807,-0.010745,0.198486,0.198796,-0.127862,0.150375,-1.591418,-0.026245 0.984139 0.175446 -0.999584 -0.023729 -0.016422 -0.011998 -0.175804 0.984352,1.080e-06,2.433,"$CV1,138,16418,1,0,2.8,-10.7,198.5,-0.127862,0.150375,-1.591418*0D"
477,16451,valid,1,0,0,0.002684,-0.010548,0.198558,0.198856,-0.127711,0.150660,-1.592902,-0.027749 0.984092 0.175477 -0.999541 -0.025185 -0.016826 -0.012139 -0.175864 0.984340,1.105e-06,2.461,
478,16485,valid,1,0,0,0.002635,-0.010407,0.198443,0.198733,-0.126978,0.151203,-1.593478,-0.028389 0.984101 0.175328 -0.999514 -0.025684 -0.017679 -0.012894 -0.175745 0.984351,1.079e-06,2.440,
479,16518,valid,1,0,0,0.002626,-0.010398,0.198341,0.198630,-0.128137,0.150561,-1.593329,-0.028154 0.984046 0.175672 -0.999534 -0.025645 -0.016534 -0.011765 -0.176056 0.984310,1.065e-06,2.423,"$CV1,139,16518,1,0,2.6,-10.4,198.3,-0.128137,0.150561,-1.593329*04"
480,16552,valid,1,0,0,0.002639,-0.010398,0.198316,0.198606,-0.127509,0.149007,-1.592798,-0.027495 0.984302 0.174336 -0.999559 -0.025109 -0.015881 -0.011254 -0.174696 0.984558,1.010e-06,2.354,
481,16595,valid,1,0,0,0.002655,-0.010438,0.198353,0.198645,-0.127613,0.148984,-1.592219,-0.026916 0.984306 0.174407 -0.999575 -0.024542 -0.015752 -0.011225 -0.174756 0.984548,1.057e-06,2.416,
482,16646,valid,1,0,0,0.002655,-0.010437,0.198344,0.198636,-0.127612,0.149036,-1.591939,-0.026642 0.984306 0.174447 -0.999581 -0.024262 -0.015762 -0.011283 -0.174794 0.984540,1.057e-06,2.415,"$CV1,140,16646,1,0,2.7,-10.4,198.3,-0.127612,0.149036,-1.591939*0A"
483,16685,valid,1,0,0,0.002551,-0.010427,0.198306,0.198596,-0.127211,0.149922,-1.592136,-0.026930 0.984248 0.174732 -0.999564 -0.024402 -0.016597 -0.012072 -0.175102 0.984476,1.033e-06,2.385,
484,16714,valid,1,0,0,0.002442,-0.010410,0.198335,0.198623,-0.127606,0.149704,-1.592709,-0.027470 0.984215 0.174829 -0.999555 -0.025010 -0.016261 -0.011632 -0.175198 0.984464,1.052e-06,2.408,
485,16746,valid,1,0,0,0.002412,-0.010417,0.198329,0.198617,-0.127168,0.149725,-1.592402,-0.027177 0.984269 0.174575 -0.999559 -0.024669 -0.016520 -0.011953 -0.174947 0.984505,1.047e-06,2.402,"$CV1,141,16746,1,0,2.4,-10.4,198.3,-0.127168,0.149725,-1.592402*00"
486,16784,valid,1,0,0,0.002448,-0.010441,0.198312,0.198602,-0.127121,0.149594,-1.591742,-0.026509 0.984303 0.174486 -0.999577 -0.024012 -0.016409 -0.011962 -0.174847 0.984523,1.051e-06,2.406,
487,16812,valid,1,0,0,0.002437,-0.010362,0.198189,0.198474,-0.128324,0.150548,-1.591297,-0.026130 0.984070 0.175849 -0.999589 -0.023641 -0.016235 -0.011820 -0.176200 0.984283,1.092e-06,2.453,
488,16847,valid,1,0,0,0.002359,-0.010187,0.198268,0.198543,-0.127773,0.149753,-1.592250,-0.027015 0.984201 0.174980 -0.999568 -0.024565 -0.016149 -0.011596 -0.175341 0.984440,1.102e-06,2.453,"$CV1,142,16847,1,0,2.4,-10.2,198.3,-0.127773,0.149753,-1.592250*07"
489,16890,valid,1,0,0,0.002192,-0.009967,0.198448,0.198710,-0.127965,0.150536,-1.593004,-0.027833 0.984076 0.175558 -0.999542 -0.025309 -0.016597 -0.011889 -0.175940 0.984329,1.079e-06,2.417,
490,16923,valid,1,0,0,0.002009,-0.009735,0.198545,0.198794,-0.128550,0.152266,-1.594072,-0.029043 0.983790 0.176956 -0.999500 -0.026371 -0.017437 -0.012488 -0.177374 0.984064,1.041e-06,2.373,
491,16965,valid,1,0,0,0.001883,-0.009564,0.198634,0.198873,-0.127996,0.151476,-1.595585,-0.030485 0.983905 0.176071 -0.999461 -0.027853 -0.017403 -0.012218 -0.176506 0.984224,1.093e-06,2.436,"$CV1,143,16965,1,0,1.9,-9.6,198.6,-0.127996,0.151476,-1.595585*30"
492,17002,valid,1,0,0,0.001888,-0.009475,0.198492,0.198727,-0.128087,0.150595,-1.596049,-0.030861 0.983983 0.175573 -0.999457 -0.028345 -0.016820 -0.011574 -0.175996 0.984323,1.118e-06,2.477,
493,17038,valid,1,0,0,0.002009,-0.009498,0.198402,0.198639,-0.127076,0.149630,-1.595496,-0.030244 0.984218 0.174359 -0.999474 -0.027741 -0.016780 -0.011678 -0.174774 0.984539,1.069e-06,2.424,
494,17086,valid,1,0,0,0.002112,-0.009620,0.198437,0.198681,-0.126950,0.149477,-1.594512,-0.029255 0.984273 0.174216 -0.999503 -0.026756 -0.016676 -0.011752 -0.174618 0.984566,1.007e-06,2.356,"$CV1,144,17086,1,0,2.1,-9.6,198.4,-0.126950,0.149477,-1.594512*37"
495,17120,valid,1,0,0,0.002198,-0.009761,0.198477,0.198729,-0.127440,0.148847,-1.593776,-0.028454 0.984306 0.174163 -0.999533 -0.026080 -0.015905 -0.011113 -0.174534 0.984588,1.010e-06,2.360,
496,17153,valid,1,0,0,0.002258,-0.009900,0.198542,0.198802,-0.126825,0.148464,-1.593557,-0.028215 0.984422 0.173545 -0.999538 -0.025824 -0.016022 -0.011291 -0.173917 0.984696,9.943e-07,2.338,
497,17200,valid,1,0,0,0.002281,-0.009980,0.198598,0.198862,-0.127194,0.149319,-1.593152,-0.027884 0.984295 0.174317 -0.999544 -0.025428 -0.016307 -0.011619 -0.174693 0.984554,1.030e-06,2.383,"$CV1,145,17200,1,0,2.3,-10.0,198.6,-0.127194,0.149319,-1.593152*0D"
498,17237,valid,1,0,0,0.002316,-0.010033,0.198643,0.198909,-0.127221,0.149089,-1.593131,-0.027841 0.984318 0.174194 -0.999547 -0.025415 -0.016141 -0.011461 -0.174564 0.984579,1.024e-06,2.373,
499,17273,valid,1,0,0,0.002331,-0.010050,0.198604,0.198872,-0.127660,0.148312,-1.592969,-0.027598 0.984359 0.174000 -0.999562 -0.025310 -0.015356 -0.010712 -0.174347 0.984626,1.050e-06,2.404,
500,17308,valid,1,0,0,0.002305,-0.010043,0.198573,0.198840,-0.128364,0.148029,-1.592876,-0.027463 0.984314 0.174274 -0.999572 -0.025281 -0.014729 -0.010092 -0.174604 0.984587,1.024e-06,2.366,"$CV1,146,17308,1,0,2.3,-10.0,198.6,-0.128364,0.148029,-1.592876*0A"
501,17355,valid,1,0,0,0.002267,-0.009954,0.198511,0.198773,-0.127501,0.148843,-1.593620,-0.028297 0.984303 0.174205 -0.999538 -0.025930 -0.015851 -0.011085 -0.174573 0.984582,1.062e-06,2.412,
502,17397,valid,1,0,0,0.002253,-0.009924,0.198293,0.198554,-0.127862,0.148108,-1.593928,-0.028527 0.984337 0.173972 -0.999539 -0.026285 -0.015181 -0.010371 -0.174325 0.984634,1.081e-06,2.441,
503,17424,valid,1,0,0,0.002222,-0.009909,0.198118,0.198379,-0.128376,0.149199,-1.593916,-0.028605 0.984159 0.174968 -0.999533 -0.026285 -0.015562 -0.010717 -0.175332 0.984451,1.073e-06,2.436,"$CV1,147,17424,1,0,2.2,-9.9,198.1,-0.128376,0.149199,-1.593916*3B"
504,17470,valid,1,0,0,0.002279,-0.009964,0.198061,0.198325,-0.127964,0.147810,-1.593176,-0.027750 0.984376 0.173876 -0.999563 -0.025553 -0.014863 -0.010188 -0.174213 0.984655,1.041e-06,2.399,
505,17504,valid,1,0,0,0.002310,-0.009999,0.198048,0.198313,-0.127618,0.148129,-1.592184,-0.026801 0.984401 0.173885 -0.999584 -0.024530 -0.015198 -0.010695 -0.174220 0.984649,1.048e-06,2.407,
506,17541,valid,1,0,0,0.002281,-0.009956,0.198017,0.198280,-0.127957,0.148743,-1.591948,-0.026616 0.984300 0.174485 -0.999587 -0.024306 -0.015361 -0.010879 -0.174822 0.984540,1.053e-06,2.405,"$CV1,148,17541,1,0,2.3,-10.0,198.0,-0.127957,0.148743,-1.591948*08"
507,17581,valid,1,0,0,0.002161,-0.009829,0.197979,0.198235,-0.128055,0.148959,-1.592979,-0.027659 0.984243 0.174647 -0.999558 -0.025334 -0.015527 -0.010858 -0.174999 0.984509,1.056e-06,2.404,
508,17612,valid,1,0,0,0.002024,-0.009697,0.198209,0.198456,-0.128286,0.149011,-1.593669,-0.028344 0.984195 0.174803 -0.999541 -0.026037 -0.015476 -0.010680 -0.175161 0.984482,1.079e-06,2.425,
509,17643,valid,1,0,0,0.001955,-0.009577,0.198420,0.198661,-0.128746,0.148699,-1.593910,-0.028544 0.984173 0.174895 -0.999541 -0.026322 -0.015011 -0.010170 -0.175243 0.984473,1.081e-06,2.426,"$CV1,149,17643,1,0,2.0,-9.6,198.4,-0.128746,0.148699,-1.593910*39"
510,17692,valid,1,0,0,0.001918,-0.009468,0.198534,0.198769,-0.128332,0.148657,-1.594599,-0.029234 0.984208 0.174585 -0.999519 -0.026975 -0.015299 -0.010348 -0.174949 0.984523,1.064e-06,2.407,
511,17723,valid,1,0,0,0.001894,-0.009361,0.198601,0.198830,-0.128920,0.149383,-1.595239,-0.029924 0.984046 0.175382 -0.999498 -0.027639 -0.015456 -0.010362 -0.175757 0.984379,1.080e-06,2.430,
512,17766,valid,1,0,0,0.001925,-0.009329,0.198723,0.198952,-0.128493,0.149139,-1.595235,-0.029907 0.984121 0.174962 -0.999498 -0.027607 -0.015564 -0.010487 -0.175340 0.984452,1.048e-06,2.394,"$CV1,150,17766,1,0,1.9,-9.3,198.7,-0.128493,0.149139,-1.595235*36"
513,17816,valid,1,0,0,0.002017,-0.009354,0.198839,0.199069,-0.128506,0.148807,-1.594615,-0.029260 0.984171 0.174787 -0.999518 -0.027001 -0.015290 -0.010328 -0.175150 0.984488,1.088e-06,2.437,
514,17849,valid,1,0,0,0.002105,-0.009339,0.198946,0.199176,-0.128514,0.148283,-1.594393,-0.028990 0.984234 0.174477 -0.999529 -0.026794 -0.014929 -0.010018 -0.174828 0.984548,1.084e-06,2.429,
515,17885,valid,1,0,0,0.002127,-0.009263,0.198956,0.199183,-0.129153,0.148848,-1.594305,-0.028941 0.984102 0.175231 -0.999531 -0.026743 -0.014888 -0.009965 -0.175580 0.984415,1.110e-06,2.458,"$CV1,151,17885,1,0,2.1,-9.3,199.0,-0.129153,0.148848,-1.594305*3D"
516,17919,valid,1,0,0,0.002129,-0.009118,0.198942,0.199162,-0.129994,0.148633,-1.594838,-0.029430 0.984019 0.175615 -0.999524 -0.027347 -0.014274 -0.009244 -0.175951 0.984355,1.073e-06,2.410,
517,17956,valid,1,0,0,0.002114,-0.008928,0.198968,0.199179,-0.129798,0.148492,-1.595887,-0.030465 0.984031 0.175371 -0.999494 -0.028378 -0.014395 -0.009189 -0.175721 0.984397,1.096e-06,2.436,
518,18001,valid,1,0,0,0.002131,-0.008784,0.198967,0.199172,-0.129711,0.148511,-1.596544,-0.031121 0.984022 0.175307 -0.999473 -0.029024 -0.014517 -0.009197 -0.175667 0.984407,1.084e-06,2.428,"$CV1,152,18001,1,0,2.1,-8.8,199.0,-0.129711,0.148511,-1.596544*3F"
519,18043,valid,1,0,0,0.002233,-0.008718,0.199025,0.199229,-0.128950,0.148498,-1.596660,-0.031253 0.984105 0.174814 -0.999465 -0.029078 -0.014991 -0.009669 -0.175188 0.984487,1.081e-06,2.427,
520,18085,valid,1,0,0,0.002364,-0.008679,0.199233,0.199436,-0.128769,0.148894,-1.596415,-0.031050 0.984088 0.174949 -0.999467 -0.028809 -0.015336 -0.010052 -0.175332 0.984458,1.077e-06,2.421,
521,18120,valid,1,0,0,0.002514,-0.008661,0.199401,0.199605,-0.128649,0.148846,-1.595913,-0.030549 0.984119 0.174860 -0.999482 -0.028301 -0.015337 -0.010145 -0.175238 0.984474,1.091e-06,2.433,"$CV1,153,18120,1,0,2.5,-8.7,199.4,-0.128649,0.148846,-1.595913*3C"
522,18174,valid,1,0,0,0.002643,-0.008607,0.199677,0.199880,-0.128596,0.149172,-1.595904,-0.030573 0.984089 0.175027 -0.999479 -0.028280 -0.015579 -0.010381 -0.175412 0.984440,1.103e-06,2.439,
523,18203,valid,1,0,0,0.002784,-0.008562,0.200016,0.200218,-0.129270,0.150271,-1.595882,-0.030637 0.983890 0.176128 -0.999474 -0.028282 -0.015865 -0.010628 -0.176522 0.984239,1.062e-06,2.393,
524,18234,valid,1,0,0,0.003451,-0.008527,0.200299,0.200510,-0.131381,0.153093,-1.595639,-0.030613 0.983336 0.179204 -0.999470 -0.028136 -0.016350 -0.011035 -0.179609 0.983676,1.100e-06,2.430,"$CV1,154,18234,1,0,3.5,-8.5,200.3,-0.131381,0.153093,-1.595639*3E"
525,18289,valid,1,0,0,0.004537,-0.008539,0.200507,0.200740,-0.135425,0.157415,-1.595412,-0.030708 0.982368 0.184419 -0.999466 -0.028125 -0.016604 -0.011124 -0.184830 0.982708,1.135e-06,2.466,
526,18331,valid,1,0,0,0.005520,-0.008549,0.200765,0.201023,-0.141278,0.160515,-1.595062,-0.030522 0.981304 0.190027 -0.999491 -0.028194 -0.014943 -0.009306 -0.190386 0.981665,1.106e-06,2.428,
527,18378,valid,1,0,0,0.006364,-0.008576,0.200941,0.201224,-0.143436,0.163564,-1.594357,-0.030075 0.980683 0.193278 -0.999499 -0.027597 -0.015501 -0.009867 -0.193648 0.981022,1.084e-06,2.405,"$CV1,155,18378,1,0,6.4,-8.6,200.9,-0.143436,0.163564,-1.594357*37"
528,18413,valid,1,0,0,0.007153,-0.008650,0.201248,0.201561,-0.145148,0.165956,-1.594380,-0.030298 0.980172 0.195820 -0.999488 -0.027703 -0.015981 -0.010239 -0.196204 0.980510,1.115e-06,2.443,
529,18450,valid,1,0,0,0.008018,-0.008652,0.201355,0.201700,-0.148746,0.169547,-1.593908,-0.030110 0.979272 0.200298 -0.999495 -0.027455 -0.016018 -0.010187 -0.200680 0.979604,1.052e-06,2.361,
530,18496,valid,1,0,0,0.008866,-0.008641,0.201706,0.202086,-0.152048,0.172938,-1.593199,-0.029679 0.978422 0.204473 -0.999507 -0.026957 -0.016085 -0.010226 -0.204850 0.978740,1.015e-06,2.316,"$CV1,156,18496,1,0,8.9,-8.6,201.7,-0.152048,0.172938,-1.593199*30"
531,18528,valid,1,0,0,0.009888,-0.008584,0.202308,0.202731,-0.154985,0.178328,-1.592857,-0.029848 0.977327 0.209621 -0.999486 -0.026729 -0.017697 -0.011693 -0.210041 0.977623,1.083e-06,2.382,
532,18566,valid,1,0,0,0.011057,-0.008524,0.203044,0.203524,-0.161428,0.183252,-1.592472,-0.029837 0.975786 0.216682 -0.999498 -0.026823 -0.016842 -0.010622 -0.217076 0.976097,1.013e-06,2.279,
533,18600,valid,1,0,0,0.012226,-0.008402,0.203802,0.204341,-0.167286,0.188618,-1.592454,-0.030267 0.974207 0.223619 -0.999490 -0.027226 -0.016674 -0.010155 -0.224009 0.974534,9.126e-07,2.151,"$CV1,157,18600,1,0,12.2,-8.4,203.8,-0.167286,0.188618,-1.592454*08"
534,18641,valid,1,0,0,0.013488,-0.008232,0.204445,0.205055,-0.172041,0.194781,-1.592696,-0.031096 0.972617 0.230325 -0.999457 -0.027755 -0.017730 -0.010852 -0.230752 0.972952,9.727e-07,2.208,
535,18678,valid,1,0,0,0.014856,-0.008061,0.205152,0.205847,-0.178913,0.200907,-1.592988,-0.031920 0.970663 0.238318 -0.999439 -0.028576 -0.017474 -0.010151 -0.238742 0.971030,8.701e-07,2.073,
536,18720,valid,1,0,0,0.016021,-0.007930,0.205655,0.206431,-0.183843,0.204660,-1.593438,-0.032676 0.969314 0.243643 -0.999423 -0.029440 -0.016912 -0.009220 -0.244055 0.969718,8.546e-07,2.049,"$CV1,158,18720,1,0,16.0,-7.9,205.7,-0.183843,0.204660,-1.593438*03"
537,18788,valid,1,0,0,0.016710,-0.007817,0.206013,0.206837,-0.185283,0.206472,-1.593700,-0.033118 0.968800 0.245623 -0.999408 -0.029797 -0.017225 -0.009369 -0.246048 0.969212,8.671e-07,2.069,
538,18828,valid,1,0,0,0.016845,-0.007739,0.206212,0.207044,-0.187005,0.207324,-1.594160,-0.033624 0.968383 0.247191 -0.999396 -0.030420 -0.016773 -0.008723 -0.247606 0.968822,8.517e-07,2.049,"$CV1,159,18828,1,0,16.8,-7.7,206.2,-0.187005,0.207324,-1.594160*02"
539,18869,valid,1,0,0,0.017117,-0.007691,0.206372,0.207223,-0.188145,0.210911,-1.594773,-0.034656 0.967617 0.250034 -0.999348 -0.031023 -0.018455 -0.010101 -0.250510 0.968061,8.165e-07,1.997,
540,18907,valid,1,0,0,0.018090,-0.007728,0.206735,0.207669,-0.192121,0.215133,-1.594628,-0.034932 0.966296 0.255053 -0.999338 -0.031186 -0.018718 -0.010133 -0.255538 0.966746,8.560e-07,2.045,
541,18943,valid,1,0,0,0.018873,-0.007825,0.206931,0.207937,-0.196129,0.216426,-1.593531,-0.033883 0.965451 0.258371 -0.999390 -0.030535 -0.016959 -0.008484 -0.258788 0.965897,8.042e-07,1.985,"$CV1,160,18943,1,0,18.9,-7.8,206.9,-0.196129,0.216426,-1.593531*02"
542,18987,valid,1,0,0,0.018965,-0.007988,0.206961,0.207982,-0.196285,0.216937,-1.593171,-0.033591 0.965349 0.258791 -0.999397 -0.030179 -0.017147 -0.008743 -0.259211 0.965781,8.137e-07,1.994,
543,19034,valid,1,0,0,0.018917,-0.008113,0.206995,0.208015,-0.195164,0.217061,-1.593270,-0.033744 0.965512 0.258164 -0.999385 -0.030135 -0.017924 -0.009526 -0.258610 0.965935,7.874e-07,1.961,
544,19082,valid,1,0,0,0.018935,-0.008226,0.207118,0.208144,-0.194949,0.216635,-1.592809,-0.033240 0.965628 0.257795 -0.999403 -0.029670 -0.017724 -0.009466 -0.258230 0.966037,7.890e-07,1.962,"$CV1,161,19082,1,0,18.9,-8.2,207.1,-0.194949,0.216635,-1.592809*01"
545,19122,valid,1,0,0,0.018981,-0.008336,0.207302,0.208336,-0.194940,0.216749,-1.592042,-0.032498 0.965627 0.257892 -0.999425 -0.028907 -0.017705 -0.009641 -0.258319 0.966012,7.680e-07,1.929,
546,19160,valid,1,0,0,0.019048,-0.008375,0.207646,0.208686,-0.195259,0.217305,-1.591727,-0.032252 0.965489 0.258438 -0.999432 -0.028614 -0.017826 -0.009816 -0.258866 0.965863,8.037e-07,1.971,
547,19197,valid,1,0,0,0.019144,-0.008414,0.207779,0.208829,-0.195925,0.217561,-1.591834,-0.032368 0.965335 0.259000 -0.999431 -0.028790 -0.017597 -0.009530 -0.259422 0.965717,8.091e-07,1.978,"$CV1,162,19197,1,0,19.1,-8.4,207.8,-0.195925,0.217561,-1.591834*04"
548,19237,valid,1,0,0,0.019184,-0.008434,0.207681,0.208736,-0.196838,0.217883,-1.592153,-0.032694 0.965123 0.259748 -0.999424 -0.029204 -0.017286 -0.009097 -0.260163 0.965522,8.088e-07,1.983,
549,19282,valid,1,0,0,0.019197,-0.008514,0.207599,0.208658,-0.197308,0.217512,-1.592445,-0.032915 0.965100 0.259804 -0.999422 -0.029564 -0.016797 -0.008530 -0.260207 0.965515,7.839e-07,1.952,
550,19340,valid,1,0,0,0.019291,-0.008621,0.207472,0.208545,-0.197546,0.216924,-1.591745,-0.032137 0.965173 0.259630 -0.999451 -0.028925 -0.016184 -0.008111 -0.260007 0.965573,7.973e-07,1.972,"$CV1,163,19340,1,0,19.3,-8.6,207.5,-0.197546,0.216924,-1.591745*0E"
551,19386,valid,1,0,0,0.019439,-0.008811,0.207393,0.208489,-0.196873,0.216623,-1.591108,-0.031492 0.965348 0.259058 -0.999468 -0.028225 -0.016321 -0.008444 -0.259435 0.965724,7.403e-07,1.903,
552,19422,valid,1,0,0,0.019562,-0.009026,0.207449,0.208564,-0.197213,0.215687,-1.590211,-0.030469 0.965465 0.258745 -0.999506 -0.027416 -0.015398 -0.007772 -0.259087 0.965823,7.393e-07,1.897,
553,19462,valid,1,0,0,0.019778,-0.009221,0.207784,0.208927,-0.196008,0.217863,-1.588837,-0.029448 0.965330 0.259366 -0.999516 -0.025828 -0.017357 -0.010056 -0.259751 0.965623,6.957e-07,1.843,"$CV1,164,19462,1,0,19.8,-9.2,207.8,-0.196008,0.217863,-1.588837*02"
554,19499,valid,1,0,0,0.020111,-0.009457,0.208475,0.209657,-0.197456,0.219322,-1.586814,-0.027600 0.964882 0.261231 -0.999566 -0.023950 -0.017144 -0.010285 -0.261591 0.965124,6.986e-07,1.836,
555,19533,valid,1,0,0,0.020463,-0.009590,0.209109,0.210327,-0.197674,0.221128,-1.585296,-0.026342 0.964567 0.262522 -0.999587 -0.022407 -0.017972 -0.011453 -0.262887 0.964759,7.198e-07,1.853,
556,19575,valid,1,0,0,0.020725,-0.009667,0.209895,0.211137,-0.198197,0.222071,-1.584758,-0.025923 0.964328 0.263437 -0.999595 -0.021903 -0.018185 -0.011766 -0.263802 0.964505,7.745e-07,1.910,"$CV1,165,19575,1,0,20.7,-9.7,209.9,-0.198197,0.222071,-1.584758*05"
557,19620,valid,1,0,0,0.021068,-0.009648,0.210519,0.211790,-0.201417,0.223202,-1.585135,-0.026336 0.963587 0.266095 -0.999600 -0.022631 -0.016981 -0.010341 -0.266435 0.963797,7.697e-07,1.896,
558,19651,valid,1,0,0,0.021167,-0.009548,0.211115,0.212388,-0.202345,0.224835,-1.585961,-0.027345 0.963138 0.267614 -0.999570 -0.023498 -0.017567 -0.010631 -0.267979 0.963366,7.862e-07,1.907,
559,19692,valid,1,0,0,0.021262,-0.009357,0.211845,0.213115,-0.204241,0.225984,-1.587056,-0.028516 0.962598 0.269428 -0.999544 -0.024772 -0.017286 -0.009966 -0.269798 0.962865,7.863e-07,1.895,"$CV1,166,19692,1,0,21.3,-9.4,211.8,-0.204241,0.225984,-1.587056*02"
560,19739,valid,1,0,0,0.021454,-0.009137,0.212663,0.213937,-0.204741,0.228061,-1.588618,-0.030330 0.962126 0.270911 -0.999483 -0.026292 -0.018521 -0.010697 -0.271333 0.962426,7.783e-07,1.877,
561,19776,valid,1,0,0,0.021731,-0.008975,0.213418,0.214709,-0.207147,0.228213,-1.589289,-0.030923 0.961670 0.272460 -0.999480 -0.027256 -0.017237 -0.009150 -0.272851 0.962013,7.782e-07,1.867,
562,19805,valid,1,0,0,0.022130,-0.008805,0.214045,0.215366,-0.207811,0.229738,-1.589853,-0.031670 0.961277 0.273757 -0.999453 -0.027835 -0.017885 -0.009573 -0.274174 0.961632,7.357e-07,1.816,"$CV1,167,19805,1,0,22.1,-8.8,214.0,-0.207811,0.229738,-1.589853*08"
563,19840,valid,1,0,0,0.022447,-0.008678,0.214630,0.215975,-0.210836,0.229335,-1.589161,-0.030817 0.960830 0.275419 -0.999497 -0.027562 -0.015685 -0.007479 -0.275764 0.961196,7.489e-07,1.824,
564,19879,valid,1,0,0,0.022854,-0.008528,0.214930,0.216310,-0.210851,0.231153,-1.589382,-0.031294 0.960503 0.276505 -0.999474 -0.027707 -0.016873 -0.008545 -0.276888 0.960864,7.780e-07,1.863,
565,19912,valid,1,0,0,0.023135,-0.008335,0.215105,0.216506,-0.212513,0.231627,-1.588891,-0.030815 0.960134 0.277838 -0.999494 -0.027421 -0.016095 -0.007835 -0.278194 0.960493,7.813e-07,1.862,"$CV1,168,19912,1,0,23.1,-8.3,215.1,-0.212513,0.231627,-1.588891*08"
566,19945,valid,1,0,0,0.023209,-0.008149,0.215230,0.216631,-0.214469,0.231444,-1.589263,-0.031080 0.959811 0.278920 -0.999496 -0.028054 -0.014835 -0.006413 -0.279241 0.960200,7.922e-07,1.872,
567,19983,valid,1,0,0,0.023127,-0.007918,0.215309,0.216692,-0.215249,0.229473,-1.589967,-0.031462 0.960010 0.278192 -0.999494 -0.028934 -0.013191 -0.004614 -0.278467 0.960435,8.589e-07,1.947,
568,20029,valid,1,0,0,0.023082,-0.007660,0.215361,0.216730,-0.215930,0.228376,-1.590631,-0.031934 0.960071 0.277929 -0.999484 -0.029724 -0.012163 -0.003416 -0.278174 0.960525,9.009e-07,1.996,"$CV1,169,20029,1,0,23.1,-7.7,215.4,-0.215930,0.228376,-1.590631*02"
569,20086,valid,1,0,0,0.023163,-0.006269,0.216009,0.217338,-0.217498,0.219759,-1.592096,-0.032120 0.961282 0.273686 -0.999479 -0.031725 -0.005870 0.003040 -0.273733 0.961801,5.466e-07,1.586,
570,20144,valid,1,0,0,0.021289,-0.004185,0.215858,0.216946,-0.220371,0.207328,-1.593744,-0.031989 0.962899 0.267958 -0.999408 -0.034218 0.003651 0.012684 -0.267683 0.963424,9.495e-07,2.046,"$CV1,170,20144,1,0,21.3,-4.2,215.9,-0.220371,0.207328,-1.593744*04"
571,20182,valid,1,0,0,0.019424,-0.002215,0.216116,0.216999,-0.217018,0.192569,-1.596639,-0.033153 0.965864 0.256920 -0.999252 -0.037154 0.010731 0.019910 -0.256372 0.966373,8.634e-07,1.979,
572,20214,valid,1,0,0,0.018095,-0.000614,0.216304,0.217060,-0.213387,0.181107,-1.597389,-0.032710 0.968276 0.247735 -0.999160 -0.037799 0.015811 0.024673 -0.247010 0.968699,8.629e-07,1.986,
573,20277,valid,1,0,0,0.017219,0.001721,0.216876,0.217565,-0.213869,0.167579,-1.597998,-0.031833 0.970288 0.239848 -0.998937 -0.038890 0.024747 0.033339 -0.238806 0.970495,7.397e-07,1.830,"$CV1,171,20277,1,0,17.2,1.7,216.9,-0.213869,0.167579,-1.597998*22"
574,20314,valid,1,0,0,0.015060,0.004375,0.217301,0.217866,-0.215448,0.149543,-1.599870,-0.031855 0.972698 0.229876 -0.998450 -0.041468 0.037109 0.045629 -0.228338 0.972512,8.206e-07,1.944,
575,20372,valid,1,0,0,0.013122,0.006911,0.217648,0.218153,-0.212278,0.132890,-1.600726,-0.031369 0.975499 0.217758 -0.998053 -0.042323 0.045823 0.053916 -0.215896 0.974927,7.881e-07,1.895,
576,20421,valid,1,0,0,0.011290,0.009202,0.218246,0.218732,-0.213522,0.117821,-1.600661,-0.030086 0.977377 0.209352 -0.997497 -0.042766 0.056306 0.063986 -0.207134 0.976218,7.916e-07,1.867,"$CV1,172,20421,1,0,11.3,9.2,218.2,-0.213522,0.117821,-1.600661*2A"
577,20467,valid,1,0,0,0.008926,0.011833,0.219061,0.219562,-0.210732,0.099626,-1.602729,-0.031019 0.980017 0.196480 -0.996805 -0.044806 0.066118 0.073600 -0.193801 0.978276,8.252e-07,1.938,
578,20511,valid,1,0,0,0.005735,0.014555,0.218928,0.219486,-0.207177,0.085082,-1.604476,-0.032056 0.982150 0.185345 -0.996244 -0.046322 0.073155 0.080435 -0.182304 0.979947,9.267e-07,2.009,
579,20553,valid,1,0,0,0.002421,0.016479,0.218414,0.219048,-0.208955,0.059500,-1.604936,-0.031302 0.984812 0.170780 -0.994754 -0.047344 0.090684 0.097392 -0.167046 0.981127,8.589e-07,1.935,"$CV1,173,20553,1,0,2.4,16.5,218.4,-0.208955,0.059500,-1.604936*2F"
580,20586,valid,1,0,0,-0.000040,0.018142,0.218075,0.218829,-0.199709,0.046873,-1.608001,-0.034275 0.986968 0.157224 -0.994451 -0.049337 0.092920 0.099466 -0.153166 0.983182,8.504e-07,1.963,
581,20614,valid,1,0,0,-0.002058,0.019326,0.217459,0.218325,-0.196605,0.032863,-1.607121,-0.033165 0.988639 0.146607 -0.993806 -0.048188 0.100142 0.106069 -0.142378 0.984113,8.192e-07,1.926,
582,20654,valid,1,0,0,-0.004002,0.019811,0.216537,0.217479,-0.194815,0.020398,-1.604508,-0.030420 0.990007 0.137697 -0.993188 -0.045441 0.107300 0.112485 -0.133495 0.984645,8.180e-07,1.931,"$CV1,174,20654,1,0,-4.0,19.8,216.5,-0.194815,0.020398,-1.604508*05"
583,20685,valid,1,0,0,-0.005855,0.019752,0.215628,0.216610,-0.187678,0.010679,-1.602459,-0.028531 0.991484 0.127068 -0.993089 -0.042593 0.109361 0.113842 -0.123070 0.985847,8.864e-07,2.033,
584,20728,valid,1,0,0,-0.007948,0.019626,0.214313,0.215356,-0.180740,-0.000335,-1.599415,-0.025691 0.992952 0.115699 -0.992904 -0.038789 0.112419 0.116115 -0.111990 0.986902,8.286e-07,1.974,
585,20762,valid,1,0,0,-0.009608,0.019037,0.212864,0.213930,-0.176717,-0.009931,-1.597617,-0.024058 0.993958 0.107095 -0.992549 -0.036547 0.116232 0.119444 -0.103501 0.987431,7.375e-07,1.879,"$CV1,175,20762,1,0,-9.6,19.0,212.9,-0.176717,-0.009931,-1.597617*21"
586,20797,valid,1,0,0,-0.010037,0.018264,0.211582,0.212606,-0.170840,-0.010964,-1.594932,-0.021571 0.994490 0.102589 -0.992986 -0.033243 0.113465 0.116250 -0.099421 0.988231,8.400e-07,2.024,
587,20824,valid,1,0,0,-0.010104,0.017691,0.210511,0.211494,-0.168685,-0.011975,-1.590718,-0.017440 0.994794 0.100404 -0.993170 -0.028823 0.113064 0.115369 -0.097746 0.988502,9.081e-07,2.115,
588,20849,valid,1,0,0,-0.011371,0.017352,0.209096,0.210123,-0.166288,-0.018200,-1.586607,-0.013472 0.995405 0.094801 -0.992969 -0.024469 0.115822 0.117610 -0.092574 0.988736,9.492e-07,2.162,
589,20891,valid,1,0,0,-0.013708,0.017282,0.207377,0.208546,-0.155615,-0.024595,-1.585823,-0.013079 0.996383 0.083959 -0.993301 -0.022588 0.113331 0.114817 -0.081915 0.990004,1.135e-06,2.393,"$CV1,176,20891,1,0,-13.7,17.3,207.4,-0.155615,-0.024595,-1.585823*1A"
590,20917,valid,1,0,0,-0.015611,0.017529,0.206057,0.207389,-0.147387,-0.029502,-1.584921,-0.012482 0.997060 0.075595 -0.993557 -0.020884 0.111397 0.112648 -0.073717 0.990897,1.118e-06,2.383,
591,20952,valid,1,0,0,-0.017864,0.017893,0.204732,0.206287,-0.145125,-0.038372,-1.583586,-0.011398 0.997585 0.068516 -0.993096 -0.019294 0.115709 0.116751 -0.066724 0.990917,1.225e-06,2.496,
592,20995,valid,1,0,0,-0.020703,0.018499,0.203210,0.205097,-0.131681,-0.045117,-1.584641,-0.012956 0.998361 0.055750 -0.993571 -0.019125 0.111580 0.112463 -0.053946 0.992190,1.408e-06,2.703,"$CV1,177,20995,1,0,-20.7,18.5,203.2,-0.131681,-0.045117,-1.584641*18"
593,21021,valid,1,0,0,-0.023405,0.019278,0.201748,0.204014,-0.123099,-0.050791,-1.585149,-0.013827 0.998812 0.046727 -0.993772 -0.018895 0.109821 0.110574 -0.044918 0.992852,1.330e-06,2.638,
594,21062,valid,1,0,0,-0.025831,0.020105,0.200402,0.203057,-0.117042,-0.058392,-1.586322,-0.015388 0.999154 0.038139 -0.993646 -0.019534 0.110842 0.111493 -0.036191 0.993106,1.226e-06,2.544,
595,21094,valid,1,0,0,-0.027328,0.021165,0.200031,0.202996,-0.110273,-0.057313,-1.589645,-0.018800 0.999223 0.034648 -0.994133 -0.022374 0.105823 0.106516 -0.032455 0.993781,1.143e-06,2.466,
596,21134,target_missing,0,,-1,,,,,,,,,,,"$CV1,178,21134,0,-1,0.0,0.0,0.0,0.000000,0.000000,0.000000*33"
597,21178,target_missing,0,,-1,,,,,,,,,,,
598,21218,target_missing,0,,-1,,,,,,,,,,,
599,21245,target_missing,0,,-1,,,,,,,,,,,"$CV1,179,21245,0,-1,0.0,0.0,0.0,0.000000,0.000000,0.000000*37"
600,21285,target_missing,0,,-1,,,,,,,,,,,
601,21312,target_missing,0,,-1,,,,,,,,,,,
602,21340,target_missing,0,,-1,,,,,,,,,,,
603,21377,target_missing,0,,-1,,,,,,,,,,,"$CV1,180,21377,0,-1,0.0,0.0,0.0,0.000000,0.000000,0.000000*31"
604,21408,target_missing,0,,-1,,,,,,,,,,,
605,21443,target_missing,0,,-1,,,,,,,,,,,
606,21477,valid,1,0,0,-0.053249,0.019856,0.200289,0.208195,-0.073113,-0.091851,-1.610189,-0.041512 0.999091 -0.009700 -0.993713 -0.040274 0.104462 0.103976 0.013976 0.994482,1.697e-07,0.907,
607,21521,valid,1,0,0,-0.055348,0.018713,0.201180,0.209492,-0.075768,-0.091896,-1.614516,-0.045792 0.998921 -0.007779 -0.993352 -0.044711 0.106081 0.105619 0.012585 0.994327,7.839e-08,0.591,"$CV1,181,21521,1,0,-55.3,18.7,201.2,-0.075768,-0.091896,-1.614516*10"
608,21572,valid,1,0,0,-0.057173,0.017637,0.202048,0.210720,-0.075662,-0.089272,-1.622400,-0.053505 0.998551 -0.005814 -0.993160 -0.052609 0.104237 0.103780 0.011351 0.994536,9.338e-08,0.666,
609,21605,valid,1,0,0,-0.059311,0.016518,0.202030,0.211204,-0.080834,-0.083137,-1.627885,-0.058572 0.998282 0.001582 -0.992927 -0.058422 0.103359 0.103274 0.004483 0.994643,1.493e-07,0.831,
610,21633,valid,1,0,0,-0.061616,0.015868,0.201476,0.211284,-0.085975,-0.070003,-1.629880,-0.059865 0.998121 0.013038 -0.993328 -0.060857 0.097961 0.098570 -0.007087 0.995105,9.872e-08,0.675,"$CV1,182,21633,1,0,-61.6,15.9,201.5,-0.085975,-0.070003,-1.629880*1F"
611,21673,valid,1,0,0,-0.063735,0.015729,0.201578,0.211998,-0.090796,-0.062342,-1.630463,-0.060058 0.997977 0.020873 -0.993469 -0.061793 0.095922 0.097017 -0.014976 0.995170,1.318e-07,0.788,
612,21702,valid,1,0,0,-0.066165,0.015867,0.201789,0.212952,-0.093878,-0.050150,-1.629736,-0.058860 0.997807 0.030290 -0.994056 -0.061369 0.089921 0.091583 -0.024817 0.995488,1.852e-07,0.908,
613,21726,valid,1,0,0,-0.068379,0.016108,0.201959,0.213829,-0.096814,-0.041088,-1.624447,-0.053282 0.997874 0.037534 -0.994700 -0.056347 0.086001 0.087933 -0.032753 0.995588,1.008e-07,0.647,
614,21754,valid,1,0,0,-0.069770,0.016789,0.202489,0.214829,-0.104165,-0.031745,-1.620234,-0.048735 0.997664 0.047876 -0.995023 -0.052665 0.084595 0.086919 -0.043515 0.995265,1.270e-07,0.767,"$CV1,183,21754,1,0,-69.8,16.8,202.5,-0.104165,-0.031745,-1.620234*14"
615,21792,valid,1,0,0,-0.072321,0.017810,0.203676,0.216867,-0.102913,-0.026061,-1.613708,-0.042146 0.997842 0.050347 -0.995696 -0.046111 0.080394 0.082542 -0.046742 0.995491,9.070e-08,0.629,
616,21826,valid,1,0,0,-0.074853,0.017901,0.205079,0.219045,-0.099761,-0.019673,-1.607710,-0.036126 0.997989 0.052082 -0.996416 -0.039960 0.074555 0.076486 -0.049202 0.995856,2.313e-08,0.310,
617,21852,valid,1,0,0,-0.076016,0.017157,0.206084,0.220326,-0.091382,-0.009356,-1.603076,-0.031551 0.998097 0.052977 -0.997411 -0.034868 0.062896 0.064623 -0.050856 0.996613,6.811e-08,0.556,
618,21889,valid,1,0,0,-0.076407,0.016662,0.206784,0.221077,-0.092869,-0.007273,-1.598431,-0.026875 0.998118 0.055120 -0.997575 -0.030320 0.062647 0.064200 -0.053303 0.996512,5.409e-08,0.484,"$CV1,184,21889,1,0,-76.4,16.7,206.8,-0.092869,-0.007273,-1.598431*15"
619,21919,valid,1,0,0,-0.076677,0.016311,0.207831,0.222124,-0.090798,-0.012376,-1.594190,-0.022705 0.998466 0.050498 -0.997562 -0.025961 0.064781 0.065993 -0.048904 0.996621,1.025e-07,0.671,
620,21955,valid,1,0,0,-0.076795,0.015732,0.208046,0.222324,-0.097207,-0.011705,-1.592360,-0.020764 0.998272 0.054975 -0.997356 -0.024513 0.068416 0.069645 -0.053409 0.996141,9.114e-08,0.628,
621,21990,valid,1,0,0,-0.077107,0.015009,0.207902,0.222248,-0.099786,-0.011464,-1.589289,-0.017651 0.998236 0.056694 -0.997314 -0.021609 0.069987 0.071088 -0.055306 0.995936,8.871e-08,0.617,"$CV1,185,21990,1,0,-77.1,15.0,207.9,-0.099786,-0.011464,-1.589289*1A"
622,22020,valid,1,0,0,-0.077373,0.014227,0.207553,0.221962,-0.101036,-0.008234,-1.584764,-0.013088 0.998148 0.059403 -0.997477 -0.017178 0.068879 0.069772 -0.058352 0.995855,1.124e-07,0.697,
623,22062,valid,1,0,0,-0.077472,0.013511,0.207371,0.221781,-0.102530,-0.005403,-1.578700,-0.006991 0.998053 0.061984 -0.997605 -0.011227 0.068251 0.068814 -0.061358 0.995741,1.347e-07,0.766,
624,22094,valid,1,0,0,-0.077258,0.012550,0.207309,0.221593,-0.105033,-0.003676,-1.569417,0.002333 0.997919 0.064431 -0.997607 -0.002130 0.069112 0.069105 -0.064438 0.995526,1.741e-07,0.895,"$CV1,186,22094,1,0,-77.3,12.6,207.3,-0.105033,-0.003676,-1.569417*1E"
625,22125,valid,1,0,0,-0.076926,0.011779,0.207768,0.221864,-0.101729,-0.002320,-1.558722,0.012961 0.997934 0.062933 -0.997742 0.008759 0.066592 0.065904 -0.063654 0.995794,1.473e-07,0.802,
626,22156,valid,1,0,0,-0.076921,0.011003,0.208890,0.222874,-0.103804,-0.014407,-1.553692,0.017956 0.998249 0.056355 -0.997033 0.013657 0.075759 0.074857 -0.057548 0.995532,1.198e-07,0.713,
627,22190,valid,1,0,0,-0.077048,0.010293,0.209861,0.223795,-0.103130,-0.016560,-1.551590,0.020023 0.998314 0.054482 -0.996924 0.015806 0.076767 0.075777 -0.055851 0.995559,1.138e-07,0.691,
628,22219,valid,1,0,0,-0.077145,0.009586,0.210728,0.224609,-0.105139,-0.012292,-1.549338,0.022347 0.998042 0.058426 -0.996989 0.017907 0.075448 0.074254 -0.059936 0.995437,7.766e-08,0.579,"$CV1,187,22219,1,0,-77.1,9.6,210.7,-0.105139,-0.012292,-1.549338*2F"
629,22272,valid,1,0,0,-0.078568,0.009032,0.211679,0.225970,-0.097819,0.003705,-1.544692,0.026906 0.997586 0.064015 -0.997882 0.023010 0.060848 0.059228 -0.065516 0.996092,8.085e-08,0.581,
630,22309,valid,1,0,0,-0.080197,0.008505,0.212401,0.227196,-0.097203,0.010203,-1.547428,0.024134 0.997402 0.067876 -0.998210 0.020326 0.056244 0.054718 -0.069112 0.996107,8.735e-08,0.593,
631,22339,valid,1,0,0,-0.081651,0.008344,0.212653,0.227942,-0.100499,0.001324,-1.554990,0.016669 0.997785 0.064402 -0.997893 0.012562 0.063653 0.062703 -0.065328 0.995892,9.474e-08,0.642,"$CV1,188,22339,1,0,-81.7,8.3,212.7,-0.100499,0.001324,-1.554990*07"
632,22393,valid,1,0,0,-0.082744,0.008383,0.212904,0.228571,-0.096985,0.002814,-1.562106,0.009498 0.997950 0.063294 -0.998171 0.005683 0.060181 0.059698 -0.063750 0.996179,1.148e-07,0.701,
633,22423,valid,1,0,0,-0.083165,0.008070,0.212863,0.228675,-0.101364,0.005242,-1.566927,0.004750 0.997693 0.067720 -0.998124 0.000596 0.061225 0.061043 -0.067884 0.995824,7.143e-08,0.567,
634,22461,valid,1,0,0,-0.083085,0.007429,0.212426,0.228218,-0.094637,0.016834,-1.572126,-0.000640 0.997482 0.070916 -0.998772 -0.004150 0.049371 0.049541 -0.070797 0.996260,4.946e-08,0.465,"$CV1,189,22461,1,0,-83.1,7.4,212.4,-0.094637,0.016834,-1.572126*04"
635,22511,valid,1,0,0,-0.083299,0.006974,0.215047,0.230721,-0.069733,0.005566,-1.560808,0.010397 0.998804 0.047775 -0.999119 0.008434 0.041102 0.040650 -0.048160 0.998012,7.803e-08,0.554,
636,22553,valid,1,0,0,-0.083152,0.006126,0.215600,0.231160,-0.102500,-0.015768,-1.555424,0.016191 0.998371 0.054711 -0.997057 0.012020 0.075720 0.074939 -0.055775 0.995627,2.342e-07,0.971,
637,22591,valid,1,0,0,-0.082900,0.005546,0.215111,0.230599,-0.075286,0.008583,-1.544251,0.026998 0.998230 0.052984 -0.998758 0.024715 0.043271 0.041885 -0.054087 0.997657,1.086e-07,0.669,"$CV1,190,22591,1,0,-82.9,5.5,215.1,-0.075286,0.008583,-1.544251*03"
638,22632,valid,1,0,0,-0.082541,0.005047,0.215185,0.230528,-0.083274,0.009254,-1.537072,0.034272 0.997709 0.058327 -0.998339 0.031472 0.048256 0.046309 -0.059884 0.997131,1.269e-07,0.719,
639,22682,valid,1,0,0,-0.082292,0.004947,0.214970,0.230236,-0.091553,0.009000,-1.535757,0.035708 0.997354 0.063330 -0.998027 0.032314 0.053826 0.051637 -0.065127 0.996540,1.295e-07,0.730,
640,22724,valid,1,0,0,-0.082085,0.004634,0.214439,0.229660,-0.114535,-0.002324,-1.537056,0.034832 0.996910 0.070413 -0.996692 0.029475 0.075737 0.073428 -0.072818 0.994639,2.447e-07,0.999,"$CV1,191,22724,1,0,-82.1,4.6,214.4,-0.114535,-0.002324,-1.537056*24"
641,22767,valid,1,0,0,-0.081749,0.004280,0.213124,0.228304,-0.126316,0.002876,-1.538926,0.033203 0.996143 0.081217 -0.996440 0.026693 0.079969 0.077493 -0.083583 0.993483,1.975e-07,0.902,
642,22806,valid,1,0,0,-0.081656,0.004096,0.212586,0.227766,-0.117315,0.021814,-1.538801,0.032991 0.995588 0.087836 -0.997678 0.027566 0.062276 0.059580 -0.089687 0.994186,1.084e-07,0.705,
643,22836,valid,1,0,0,-0.081434,0.003758,0.212027,0.227159,-0.100939,0.042770,-1.536775,0.034275 0.995249 0.091130 -0.998777 0.030859 0.038629 0.035634 -0.092342 0.995090,1.031e-07,0.670,"$CV1,192,22836,1,0,-81.4,3.8,212.0,-0.100939,0.042770,-1.536775*08"
644,22868,valid,1,0,0,-0.081136,0.003903,0.210824,0.225932,-0.039959,0.088780,-1.536040,0.032321 0.996047 0.082743 -0.998947 0.034890 -0.029794 -0.032564 -0.081693 0.996125,1.661e-07,0.849,
645,22899,target_missing,0,,-1,,,,,,,,,,,
646,22934,target_missing,0,,-1,,,,,,,,,,,
647,22969,target_missing,0,,-1,,,,,,,,,,,"$CV1,193,22969,0,-1,0.0,0.0,0.0,0.000000,0.000000,0.000000*35"
648,22998,target_missing,0,,-1,,,,,,,,,,,
649,23024,target_missing,0,,-1,,,,,,,,,,,
650,23058,target_missing,0,,-1,,,,,,,,,,,
651,23090,target_missing,0,,-1,,,,,,,,,,,"$CV1,194,23090,0,-1,0.0,0.0,0.0,0.000000,0.000000,0.000000*3C"
652,23118,target_missing,0,,-1,,,,,,,,,,,
653,23147,target_missing,0,,-1,,,,,,,,,,,
654,23179,target_missing,0,,-1,,,,,,,,,,,
655,23204,target_missing,0,,-1,,,,,,,,,,,"$CV1,195,23204,0,-1,0.0,0.0,0.0,0.000000,0.000000,0.000000*32"
656,23233,target_missing,0,,-1,,,,,,,,,,,
657,23277,target_missing,0,,-1,,,,,,,,,,,
658,23315,valid,1,0,0,-0.072128,0.004277,0.202411,0.214921,-0.036429,0.017408,-1.555408,0.015404 0.999295 0.034244 -0.999811 0.014987 0.012392 0.011870 -0.034429 0.999337,9.694e-07,2.110,"$CV1,196,23315,1,0,-72.1,4.3,202.4,-0.036429,0.017408,-1.555408*0F"
659,23349,valid,1,0,0,-0.070950,0.005037,0.201960,0.214120,-0.026781,0.028215,-1.559902,0.010701 0.999328 0.035060 -0.999942 0.010733 -0.000726 -0.001102 -0.035050 0.999385,1.080e-06,2.220,
660,23382,valid,1,0,0,-0.069983,0.005616,0.202082,0.213930,-0.032036,0.034986,-1.562560,0.007934 0.999056 0.042709 -0.999966 0.008014 -0.001709 -0.002050 -0.042694 0.999086,1.835e-06,2.842,
661,23423,valid,1,0,0,-0.068787,0.005413,0.202515,0.213947,-0.053549,0.029886,-1.563617,0.007141 0.998564 0.053088 -0.999864 0.006340 0.015250 0.014891 -0.053190 0.998473,1.765e-06,2.764,"$CV1,197,23423,1,0,-68.8,5.4,202.5,-0.053549,0.029886,-1.563617*03"
662,23460,valid,1,0,0,-0.067258,0.004691,0.201889,0.212849,-0.060496,0.024867,-1.561300,0.009613 0.998480 0.054278 -0.999702 0.008378 0.022942 0.022453 -0.054482 0.998262,1.889e-06,2.844,
663,23488,valid,1,0,0,-0.066103,0.003617,0.200723,0.211359,-0.068478,0.015647,-1.558716,0.012404 0.998496 0.053410 -0.999367 0.010597 0.033973 0.033355 -0.053798 0.997995,1.553e-06,2.578,
664,23522,valid,1,0,0,-0.065377,0.002618,0.199572,0.210024,-0.065342,0.011458,-1.555647,0.015472 0.998693 0.048709 -0.999302 0.013788 0.034710 0.033994 -0.049212 0.998210,1.623e-06,2.641,
665,23560,valid,1,0,0,-0.065177,0.001524,0.198250,0.208695,-0.062156,0.009092,-1.552700,0.018398 0.998811 0.045143 -0.999271 0.016859 0.034245 0.033443 -0.045740 0.998393,1.488e-06,2.532,"$CV1,198,23560,1,0,-65.2,1.5,198.3,-0.062156,0.009092,-1.552700*0C"
666,23603,valid,1,0,0,-0.065320,0.000621,0.197072,0.207616,-0.059894,0.006196,-1.549691,0.021397 0.998896 0.041816 -0.999199 0.019951 0.034699 0.033827 -0.042525 0.998523,1.575e-06,2.636,
667,23630,valid,1,0,0,-0.065407,0.000158,0.196166,0.206783,-0.063534,-0.000275,-1.549070,0.022068 0.998959 0.039932 -0.998944 0.020422 0.041145 0.040287 -0.040798 0.998355,1.510e-06,2.680,
668,23695,valid,1,0,0,-0.065450,0.000146,0.195846,0.206493,-0.057470,0.000992,-1.549914,0.021161 0.999094 0.036934 -0.999140 0.019816 0.036420 0.035656 -0.037673 0.998654,1.399e-06,2.599,"$CV1,199,23695,1,0,-65.5,0.1,195.8,-0.057470,0.000992,-1.549914*06"
669,23728,valid,1,0,0,-0.065505,0.000491,0.196209,0.206855,-0.045544,0.010470,-1.551631,0.019305 0.999182 0.035527 -0.999571 0.018505 0.022717 0.022041 -0.035951 0.999110,1.463e-06,2.639,
670,23762,valid,1,0,0,-0.065519,0.000901,0.196577,0.207210,-0.037811,0.022904,-1.552316,0.018433 0.999083 0.038650 -0.999788 0.018064 0.009865 0.009158 -0.038824 0.999204,1.898e-06,2.925,
671,23798,valid,1,0,0,-0.065715,0.001061,0.197400,0.208054,-0.044087,0.023791,-1.554329,0.016450 0.998932 0.043188 -0.999785 0.015890 0.013295 0.012595 -0.043397 0.998979,1.616e-06,2.743,"$CV1,200,23798,1,0,-65.7,1.1,197.4,-0.044087,0.023791,-1.554329*0E"
672,23838,valid,1,0,0,-0.065777,0.001198,0.197900,0.208548,-0.043426,0.023206,-1.554732,0.016052 0.998972 0.042394 -0.999792 0.015504 0.013231 0.012560 -0.042598 0.999013,1.614e-06,2.711,
673,23883,valid,1,0,0,-0.065733,0.001176,0.198186,0.208806,-0.045120,0.022074,-1.554728,0.016085 0.998957 0.042737 -0.999767 0.015455 0.015036 0.014360 -0.042969 0.998973,1.557e-06,2.679,
674,23927,valid,1,0,0,-0.065609,0.001093,0.198071,0.208658,-0.035499,0.025378,-1.553525,0.017171 0.999100 0.038779 -0.999834 0.016920 0.006788 0.006126 -0.038889 0.999225,1.613e-06,2.683,"$CV1,201,23927,1,0,-65.6,1.1,198.1,-0.035499,0.025378,-1.553525*0B"
675,23978,valid,1,0,0,-0.065519,0.000770,0.197879,0.208445,-0.039581,0.016643,-1.552781,0.018059 0.999198 0.035739 -0.999734 0.017534 0.014953 0.014315 -0.036000 0.999249,1.329e-06,2.457,
676,24016,valid,1,0,0,-0.065334,0.000422,0.197755,0.208269,-0.043168,0.013002,-1.550618,0.020281 0.999158 0.035652 -0.999616 0.019591 0.019608 0.018893 -0.036036 0.999172,1.480e-06,2.571,
677,24063,valid,1,0,0,-0.065216,0.000234,0.197743,0.208220,-0.043590,0.015747,-1.550176,0.020701 0.999075 0.037686 -0.999635 0.020028 0.018154 0.017382 -0.038048 0.999125,1.377e-06,2.542,"$CV1,202,24063,1,0,-65.2,0.2,197.7,-0.043590,0.015747,-1.550176*0A"
678,24103,valid,1,0,0,-0.065126,0.000126,0.197711,0.208162,-0.043320,0.015922,-1.549827,0.021045 0.999070 0.037627 -0.999632 0.020384 0.017877 0.017094 -0.037989 0.999132,1.261e-06,2.419,
679,24136,valid,1,0,0,-0.065008,0.000074,0.197968,0.208368,-0.040984,0.021139,-1.549165,0.021628 0.998985 0.039515 -0.999691 0.021125 0.013091 0.012243 -0.039786 0.999133,1.529e-06,2.629,
680,24176,valid,1,0,0,-0.065033,-0.000345,0.198170,0.208568,-0.042085,0.022122,-1.547473,0.023314 0.998894 0.040842 -0.999653 0.022791 0.013217 0.012271 -0.041136 0.999078,1.512e-06,2.567,"$CV1,203,24176,1,0,-65.0,-0.3,198.2,-0.042085,0.022122,-1.547473*2D"
681,24203,valid,1,0,0,-0.064966,-0.000612,0.197796,0.208193,-0.032779,0.026877,-1.546619,0.024032 0.998987 0.038045 -0.999706 0.023889 0.004225 0.003312 -0.038135 0.999267,1.489e-06,2.608,
682,24234,valid,1,0,0,-0.064856,-0.000634,0.197320,0.207707,-0.021789,0.031610,-1.547415,0.023097 0.999149 0.034166 -0.999711 0.023311 -0.005875 -0.006666 -0.034021 0.999399,1.291e-06,2.452,
683,24284,valid,1,0,0,-0.064806,-0.000934,0.197334,0.207705,-0.026196,0.026434,-1.546511,0.024116 0.999144 0.033608 -0.999709 0.024121 0.000254 -0.000557 -0.033605 0.999435,1.190e-06,2.359,"$CV1,204,24284,1,0,-64.8,-0.9,197.3,-0.026196,0.026434,-1.546511*2A"
684,24316,valid,1,0,0,-0.064800,-0.001596,0.197767,0.208119,-0.048410,0.011424,-1.543311,0.027637 0.998899 0.037895 -0.999351 0.026734 0.024143 0.023103 -0.038538 0.998990,1.200e-06,2.337,
685,24367,valid,1,0,0,-0.064799,-0.002115,0.197898,0.208247,-0.055635,0.005782,-1.540651,0.030390 0.998786 0.038762 -0.999049 0.029140 0.032433 0.031264 -0.039711 0.998722,1.104e-06,2.251,
686,24399,valid,1,0,0,-0.064764,-0.002136,0.197882,0.208222,-0.045898,0.015081,-1.540617,0.030279 0.998793 0.038667 -0.999359 0.029511 0.020273 0.019107 -0.039256 0.999046,1.283e-06,2.446,"$CV1,205,24399,1,0,-64.8,-2.1,197.9,-0.045898,0.015081,-1.540617*2D"
687,24444,valid,1,0,0,-0.064669,-0.001971,0.197872,0.208181,-0.042805,0.018817,-1.541905,0.028927 0.998815 0.039148 -0.999473 0.028324 0.015888 0.014761 -0.039587 0.999107,1.284e-06,2.470,
688,24488,valid,1,0,0,-0.064643,-0.001955,0.197919,0.208217,-0.042292,0.018949,-1.542279,0.028548 0.998835 0.038911 -0.999489 0.027964 0.015465 0.014359 -0.039333 0.999123,1.222e-06,2.398,
689,24521,valid,1,0,0,-0.064632,-0.002260,0.198005,0.208299,-0.050037,0.011644,-1.541109,0.029849 0.998792 0.039045 -0.999267 0.028882 0.025107 0.023949 -0.039766 0.998922,1.059e-06,2.235,"$CV1,206,24521,1,0,-64.6,-2.3,198.0,-0.050037,0.011644,-1.541109*2A"
690,24566,valid,1,0,0,-0.064503,-0.002724,0.197841,0.208108,-0.053199,0.008927,-1.538570,0.032433 0.998703 0.039250 -0.999091 0.031309 0.028924 0.027658 -0.040153 0.998811,1.079e-06,2.267,
691,24605,valid,1,0,0,-0.064341,-0.003007,0.197577,0.207811,-0.051300,0.006307,-1.537044,0.033954 0.998762 0.036341 -0.999027 0.032894 0.029375 0.028144 -0.037303 0.998908,9.759e-07,2.158,
692,24639,valid,1,0,0,-0.064194,-0.003172,0.197246,0.207453,-0.051621,0.002975,-1.536160,0.034849 0.998801 0.034367 -0.998927 0.033763 0.031697 0.030498 -0.035435 0.998907,1.020e-06,2.203,"$CV1,207,24639,1,0,-64.2,-3.2,197.2,-0.051621,0.002975,-1.536160*28"
693,24681,valid,1,0,0,-0.064119,-0.003071,0.197144,0.207332,-0.051436,0.005146,-1.536284,0.034719 0.998761 0.035664 -0.998977 0.033648 0.030210 0.028973 -0.036676 0.998907,1.035e-06,2.229,
694,24717,valid,1,0,0,-0.064074,-0.002822,0.197354,0.207514,-0.054121,0.006431,-1.537640,0.033383 0.998712 0.038199 -0.998997 0.032202 0.031114 0.029844 -0.039199 0.998786,1.041e-06,2.243,
695,24764,valid,1,0,0,-0.064065,-0.002543,0.197411,0.207562,-0.048603,0.014300,-1.538306,0.032616 0.998673 0.039849 -0.999241 0.031734 0.022570 0.021276 -0.040555 0.998951,1.216e-06,2.412,"$CV1,208,24764,1,0,-64.1,-2.5,197.4,-0.048603,0.014300,-1.538306*26"
696,24803,valid,1,0,0,-0.064075,-0.002209,0.197439,0.207588,-0.043318,0.019529,-1.539480,0.031345 0.998711 0.039925 -0.999402 0.030734 0.015826 0.014579 -0.040397 0.999077,1.326e-06,2.512,
697,24849,valid,1,0,0,-0.064101,-0.002141,0.197426,0.207582,-0.049006,0.013585,-1.539451,0.031483 0.998718 0.039644 -0.999262 0.030577 0.023255 0.022013 -0.040347 0.998943,1.165e-06,2.347,
698,24886,valid,1,0,0,-0.064078,-0.002108,0.197525,0.207669,-0.057073,0.009178,-1.539304,0.031734 0.998620 0.041855 -0.999048 0.030437 0.031261 0.029944 -0.042807 0.998635,1.137e-06,2.343,"$CV1,209,24886,1,0,-64.1,-2.1,197.5,-0.057073,0.009178,-1.539304*2C"
699,24934,valid,1,0,0,-0.064010,-0.001880,0.197732,0.207843,-0.056559,0.009541,-1.540122,0.030910 0.998649 0.041775 -0.999090 0.029640 0.030679 0.029399 -0.042685 0.998656,1.205e-06,2.411,
700,24981,valid,1,0,0,-0.063911,-0.001671,0.197618,0.207703,-0.051877,0.011139,-1.540930,0.030049 0.998753 0.039874 -0.999225 0.029000 0.026621 0.025431 -0.040643 0.998850,1.071e-06,2.272,
701,25036,valid,1,0,0,-0.063819,-0.001453,0.197611,0.207666,-0.044669,0.015948,-1.541882,0.028996 0.998839 0.038461 -0.999421 0.028285 0.018903 0.017793 -0.038987 0.999081,1.163e-06,2.366,"$CV1,210,25036,1,0,-63.8,-1.5,197.6,-0.044669,0.015948,-1.541882*2F"
702,25105,valid,1,0,0,-0.063777,-0.001610,0.197649,0.207690,-0.050513,0.009202,-1.541484,0.029495 0.998851 0.037765 -0.999231 0.028488 0.026944 0.025838 -0.038531 0.998923,9.821e-07,2.179,
703,25153,valid,1,0,0,-0.063706,-0.001710,0.197741,0.207757,-0.052196,0.009859,-1.540671,0.030319 0.998770 0.039243 -0.999190 0.029246 0.027639 0.026458 -0.040049 0.998847,1.098e-06,2.269,"$CV1,211,25153,1,0,-63.7,-1.7,197.7,-0.052196,0.009859,-1.540671*2F"
704,25210,valid,1,0,0,-0.063671,-0.001704,0.197783,0.207786,-0.054891,0.007074,-1.540988,0.030042 0.998782 0.039135 -0.999099 0.028831 0.031130 0.029964 -0.040035 0.998749,1.087e-06,2.278,
705,25249,valid,1,0,0,-0.063604,-0.001548,0.197610,0.207600,-0.050679,0.012736,-1.541482,0.029474 0.998758 0.040159 -0.999286 0.028491 0.024826 0.023651 -0.040862 0.998885,1.224e-06,2.424,
706,25297,valid,1,0,0,-0.063584,-0.001306,0.197439,0.207430,-0.050306,0.012519,-1.542167,0.028788 0.998793 0.039790 -0.999308 0.027818 0.024706 0.023569 -0.040473 0.998903,1.183e-06,2.379,"$CV1,212,25297,1,0,-63.6,-1.3,197.4,-0.050306,0.012519,-1.542167*29"
707,25343,valid,1,0,0,-0.063562,-0.001003,0.197426,0.207408,-0.048219,0.013761,-1.543963,0.026966 0.998864 0.039291 -0.999406 0.026094 0.022532 0.021481 -0.039875 0.998974,1.193e-06,2.379,
708,25384,valid,1,0,0,-0.063519,-0.000726,0.197433,0.207400,-0.047259,0.014889,-1.544833,0.026077 0.998882 0.039421 -0.999457 0.025256 0.021180 0.020161 -0.039952 0.998998,1.146e-06,2.330,
709,25422,valid,1,0,0,-0.063453,-0.000584,0.197714,0.207648,-0.049942,0.015604,-1.545349,0.025577 0.998808 0.041577 -0.999444 0.024658 0.022451 0.021399 -0.042128 0.998883,1.238e-06,2.427,"$CV1,213,25422,1,0,-63.5,-0.6,197.7,-0.049942,0.015604,-1.545349*27"
710,25460,valid,1,0,0,-0.063411,-0.000709,0.197977,0.207885,-0.052096,0.013075,-1.544978,0.025989 0.998809 0.041296 -0.999365 0.024952 0.025447 0.024386 -0.041931 0.998823,1.091e-06,2.262,
711,25502,valid,1,0,0,-0.063335,-0.000707,0.198097,0.207977,-0.053093,0.015492,-1.545113,0.025841 0.998720 0.043488 -0.999391 0.024789 0.024563 0.023453 -0.044096 0.998752,1.113e-06,2.299,
712,25537,valid,1,0,0,-0.063253,-0.000713,0.198288,0.208133,-0.056651,0.013383,-1.546267,0.024741 0.998709 0.044375 -0.999327 0.023505 0.028161 0.027082 -0.045042 0.998618,1.064e-06,2.257,"$CV1,214,25537,1,0,-63.3,-0.7,198.3,-0.056651,0.013383,-1.546267*28"
713,25575,valid,1,0,0,-0.063164,-0.000774,0.198376,0.208191,-0.050851,0.016664,-1.545388,0.025535 0.998756 0.042834 -0.999447 0.024593 0.022369 0.021287 -0.043382 0.998832,1.137e-06,2.320,
714,25613,valid,1,0,0,-0.063082,-0.000826,0.198479,0.208264,-0.049381,0.019030,-1.544949,0.025934 0.998720 0.043435 -0.999486 0.025086 0.019938 0.018823 -0.043930 0.998857,1.201e-06,2.376,
715,25648,valid,1,0,0,-0.063035,-0.000952,0.198434,0.208207,-0.052672,0.014672,-1.544561,0.026397 0.998740 0.042689 -0.999370 0.025353 0.024821 0.023708 -0.043317 0.998780,1.106e-06,2.277,"$CV1,215,25648,1,0,-63.0,-1.0,198.4,-0.052672,0.014672,-1.544561*2A"
716,25685,valid,1,0,0,-0.062980,-0.000942,0.198158,0.207927,-0.055975,0.011646,-1.544580,0.026434 0.998733 0.042812 -0.999265 0.025211 0.028863 0.027747 -0.043543 0.998666,1.107e-06,2.294,
717,25711,valid,1,0,0,-0.062960,-0.000652,0.197941,0.207714,-0.054715,0.012136,-1.545862,0.025138 0.998787 0.042346 -0.999328 0.023976 0.027708 0.026659 -0.043014 0.998719,1.117e-06,2.311,
718,25744,valid,1,0,0,-0.062963,-0.000450,0.197866,0.207643,-0.051740,0.013883,-1.546876,0.024083 0.998844 0.041607 -0.999430 0.023069 0.024661 0.023673 -0.042177 0.998830,1.099e-06,2.287,
719,25785,valid,1,0,0,-0.062961,-0.000442,0.197973,0.207744,-0.055303,0.012734,-1.546932,0.024069 0.998780 0.043111 -0.999355 0.022888 0.027684 0.026664 -0.043750 0.998687,1.099e-06,2.291,"$CV1,216,25785,1,0,-63.0,-0.4,198.0,-0.055303,0.012734,-1.546932*21"
720,25826,valid,1,0,0,-0.063013,-0.000363,0.198357,0.208125,-0.053389,0.015163,-1.546946,0.024015 0.998766 0.043473 -0.999426 0.022947 0.024916 0.023887 -0.044046 0.998744,1.064e-06,2.213,
721,25868,valid,1,0,0,-0.062977,-0.000294,0.198603,0.208349,-0.057029,0.016788,-1.547140,0.023838 0.998619 0.046818 -0.999400 0.022627 0.026233 0.025137 -0.047415 0.998559,1.175e-06,2.356,
722,25913,valid,1,0,0,-0.062946,-0.000055,0.198769,0.208497,-0.055178,0.018624,-1.548141,0.022800 0.998642 0.046842 -0.999480 0.021700 0.023854 0.022805 -0.047362 0.998617,1.225e-06,2.410,"$CV1,217,25913,1,0,-62.9,-0.1,198.8,-0.055178,0.018624,-1.548141*22"
723,25960,valid,1,0,0,-0.062930,0.000184,0.198886,0.208604,-0.052552,0.019005,-1.549486,0.021427 0.998737 0.045440 -0.999551 0.020448 0.021886 0.020929 -0.045888 0.998727,1.192e-06,2.371,
724,26004,valid,1,0,0,-0.062913,0.000232,0.198920,0.208632,-0.053267,0.017247,-1.549373,0.021567 0.998765 0.044756 -0.999514 0.020532 0.023460 0.022512 -0.045240 0.998722,1.167e-06,2.329,
725,26047,valid,1,0,0,-0.062830,0.000271,0.198970,0.208655,-0.057439,0.013596,-1.548732,0.022283 0.998737 0.045029 -0.999374 0.021014 0.028471 0.027488 -0.045635 0.998580,1.076e-06,2.251,"$CV1,218,26047,1,0,-62.8,0.3,199.0,-0.057439,0.013596,-1.548732*00"
726,26093,valid,1,0,0,-0.062827,0.000494,0.198780,0.208473,-0.058884,0.015602,-1.548449,0.022561 0.998629 0.047232 -0.999378 0.021247 0.028142 0.027100 -0.047838 0.998487,1.136e-06,2.319,
727,26136,valid,1,0,0,-0.062886,0.001166,0.198676,0.208394,-0.058089,0.020491,-1.550371,0.020575 0.998543 0.049894 -0.999512 0.019372 0.024488 0.023486 -0.050374 0.998454,1.383e-06,2.540,
728,26183,valid,1,0,0,-0.063020,0.001763,0.198803,0.208560,-0.060196,0.020963,-1.553885,0.017079 0.998524 0.051548 -0.999552 0.015783 0.025444 0.024593 -0.051960 0.998346,1.223e-06,2.395,"$CV1,219,26183,1,0,-63.0,1.8,198.8,-0.060196,0.020963,-1.553885*09"
729,26223,valid,1,0,0,-0.063020,0.001969,0.198746,0.208508,-0.056995,0.021208,-1.554190,0.016738 0.998625 0.049685 -0.999609 0.015599 0.023225 0.022418 -0.050054 0.998495,1.190e-06,2.363,
730,26261,valid,1,0,0,-0.062952,0.001917,0.198846,0.208582,-0.052190,0.023201,-1.553572,0.017283 0.998701 0.047928 -0.999687 0.016394 0.018894 0.018084 -0.048239 0.998672,1.159e-06,2.319,
731,26300,valid,1,0,0,-0.062798,0.001540,0.199026,0.208704,-0.057617,0.014579,-1.552494,0.018516 0.998779 0.045804 -0.999463 0.017251 0.027864 0.027040 -0.046296 0.998562,1.092e-06,2.212,"$CV1,220,26300,1,0,-62.8,1.5,199.0,-0.057617,0.014579,-1.552494*00"
732,26357,valid,1,0,0,-0.062547,0.001188,0.199345,0.208930,-0.056426,0.015050,-1.550469,0.020524 0.998761 0.045341 -0.999453 0.019319 0.026853 0.025944 -0.045867 0.998611,1.163e-06,2.263,
733,26394,valid,1,0,0,-0.062186,0.000931,0.199556,0.209023,-0.057212,0.018813,-1.548775,0.022183 0.998589 0.048251 -0.999466 0.020994 0.025029 0.023980 -0.048780 0.998522,1.177e-06,2.322,
734,26426,valid,1,0,0,-0.061805,0.001181,0.199514,0.208871,-0.059988,0.021707,-1.549325,0.021624 0.998420 0.051870 -0.999481 0.020350 0.024973 0.023878 -0.052383 0.998342,1.129e-06,2.301,"$CV1,221,26426,1,0,-61.8,1.2,199.5,-0.059988,0.021707,-1.549325*0E"
735,26466,valid,1,0,0,-0.061658,0.001965,0.199459,0.208781,-0.058461,0.025377,-1.553196,0.017684 0.998423 0.053287 -0.999631 0.016555 0.021557 0.020641 -0.053648 0.998347,1.156e-06,2.312,
736,26505,valid,1,0,0,-0.061593,0.002675,0.199685,0.208986,-0.052182,0.032594,-1.556246,0.014442 0.998439 0.053958 -0.999822 0.013766 0.012869 0.012106 -0.054134 0.998460,1.208e-06,2.373,
737,26555,valid,1,0,0,-0.061535,0.002723,0.200057,0.209324,-0.056912,0.032456,-1.555271,0.015464 0.998262 0.056860 -0.999765 0.014575 0.016020 0.015164 -0.057094 0.998254,1.258e-06,2.407,"$CV1,222,26555,1,0,-61.5,2.7,200.1,-0.056912,0.032456,-1.555271*00"
738,26595,valid,1,0,0,-0.061501,0.002699,0.200614,0.209847,-0.064020,0.025472,-1.554304,0.016633 0.998243 0.056863 -0.999571 0.015229 0.025033 0.024123 -0.057255 0.998068,1.196e-06,2.347,
739,26652,valid,1,0,0,-0.061503,0.002967,0.201435,0.210636,-0.059475,0.027435,-1.555019,0.015837 0.998347 0.055255 -0.999674 0.014704 0.020851 0.020004 -0.055567 0.998255,1.279e-06,2.400,
740,26699,valid,1,0,0,-0.061505,0.002952,0.202121,0.211293,-0.063537,0.025431,-1.555232,0.015701 0.998277 0.056536 -0.999592 0.014322 0.024719 0.023867 -0.056901 0.998094,1.157e-06,2.266,"$CV1,223,26699,1,0,-61.5,3.0,202.1,-0.063537,0.025431,-1.555232*0B"
741,26736,valid,1,0,0,-0.061576,0.003212,0.203440,0.212579,-0.060918,0.028629,-1.556284,0.014566 0.998271 0.056937 -0.999690 0.013390 0.020981 0.020183 -0.057225 0.998157,1.336e-06,2.414,
742,26780,valid,1,0,0,-0.061661,0.003453,0.204936,0.214039,-0.065633,0.028851,-1.557440,0.013458 0.998104 0.060064 -0.999644 0.012045 0.023825 0.023056 -0.060363 0.997910,1.326e-06,2.359,
743,26817,valid,1,0,0,-0.061725,0.003772,0.206665,0.215719,-0.065865,0.033660,-1.558003,0.012801 0.997913 0.063294 -0.999715 0.011498 0.020907 0.020136 -0.063543 0.997776,1.406e-06,2.393,"$CV1,224,26817,1,0,-61.7,3.8,206.7,-0.065865,0.033660,-1.558003*0C"
744,26851,valid,1,0,0,-0.061825,0.004394,0.208707,0.217716,-0.069654,0.038165,-1.559375,0.011372 0.997581 0.068575 -0.999741 0.009992 0.020427 0.019692 -0.068790 0.997437,1.644e-06,2.560,
745,26887,valid,1,0,0,-0.061970,0.005089,0.210878,0.219854,-0.076488,0.041152,-1.560656,0.010101 0.997147 0.074809 -0.999704 0.008413 0.022849 0.022154 -0.075017 0.996936,1.880e-06,2.710,
746,26919,valid,1,0,0,-0.062260,0.005945,0.213116,0.222104,-0.080893,0.042692,-1.562940,0.007838 0.996877 0.078581 -0.999680 0.005921 0.024587 0.024045 -0.078748 0.996605,2.050e-06,2.806,"$CV1,225,26919,1,0,-62.3,5.9,213.1,-0.080893,0.042692,-1.562940*0E"
747,26949,valid,1,0,0,-0.062618,0.006842,0.215565,0.224580,-0.082477,0.043182,-1.565075,0.005714 0.996787 0.079899 -0.999676 0.003711 0.025193 0.024815 -0.080017 0.996485,2.161e-06,2.868,
748,26994,valid,1,0,0,-0.062971,0.007539,0.217966,0.227005,-0.084573,0.045421,-1.566564,0.004193 0.996569 0.082654 -0.999684 0.002130 0.025037 0.024775 -0.082733 0.996264,2.304e-06,2.950,
749,27031,valid,1,0,0,-0.063309,0.008239,0.220493,0.229550,-0.093398,0.047219,-1.568097,0.002746 0.995993 0.089390 -0.999567 0.000115 0.029427 0.029299 -0.089432 0.995562,2.563e-06,3.100,"$CV1,226,27031,1,0,-63.3,8.2,220.5,-0.093398,0.047219,-1.568097*05"
750,27072,valid,1,0,0,-0.063918,0.009226,0.222944,0.232109,-0.095633,0.048012,-1.571735,-0.000875 0.995821 0.091318 -0.999538 -0.003644 0.030159 0.030366 -0.091250 0.995365,2.520e-06,3.066,
751,27109,valid,1,0,0,-0.064506,0.010192,0.225234,0.234511,-0.096227,0.050672,-1.575254,-0.004463 0.995620 0.093386 -0.999563 -0.007169 0.028662 0.029206 -0.093217 0.995217,2.626e-06,3.090,
752,27151,valid,1,0,0,-0.065094,0.010995,0.227571,0.236953,-0.097448,0.051160,-1.576321,-0.005524 0.995512 0.094471 -0.999543 -0.008305 0.029067 0.029721 -0.094267 0.995103,2.622e-06,3.074,"$CV1,227,27151,1,0,-65.1,11.0,227.6,-0.097448,0.051160,-1.576321*3C"
753,27193,valid,1,0,0,-0.065489,0.011481,0.229842,0.239265,-0.097985,0.051949,-1.575673,-0.004893 0.995436 0.095309 -0.999552 -0.007684 0.028935 0.029535 -0.095125 0.995027,2.826e-06,3.175,
754,27228,valid,1,0,0,-0.065621,0.012031,0.232060,0.241459,-0.105064,0.052658,-1.576558,-0.005674 0.994946 0.100252 -0.999418 -0.009015 0.032901 0.033638 -0.100007 0.994418,2.938e-06,3.210,
755,27269,valid,1,0,0,-0.065754,0.012861,0.233830,0.243240,-0.107028,0.052754,-1.579341,-0.008420 0.994793 0.101567 -0.999353 -0.011922 0.033923 0.034957 -0.101216 0.994250,2.781e-06,3.120,"$CV1,228,27269,1,0,-65.8,12.9,233.8,-0.107028,0.052754,-1.579341*32"
756,27304,valid,1,0,0,-0.065974,0.013137,0.234697,0.244147,-0.105881,0.052614,-1.579293,-0.008388 0.994876 0.100750 -0.999376 -0.011798 0.033293 0.034311 -0.100408 0.994355,2.958e-06,3.213,
757,27339,valid,1,0,0,-0.066375,0.012873,0.235627,0.245135,-0.107499,0.050529,-1.575769,-0.004771 0.994931 0.100449 -0.999322 -0.008411 0.035838 0.036501 -0.100210 0.994297,2.879e-06,3.154,
758,27389,valid,1,0,0,-0.066602,0.012765,0.236834,0.246352,-0.114043,0.050397,-1.574432,-0.003306 0.994519 0.104508 -0.999166 -0.007537 0.040123 0.040691 -0.104288 0.993714,2.928e-06,3.161,"$CV1,229,27389,1,0,-66.6,12.8,236.8,-0.114043,0.050397,-1.574432*3D"
759,27439,valid,1,0,0,-0.066660,0.012834,0.238150,0.247636,-0.118274,0.048002,-1.575133,-0.003845 0.994393 0.105681 -0.998983 -0.008569 0.044276 0.044933 -0.105403 0.993414,2.876e-06,3.124,
760,27484,valid,1,0,0,-0.066468,0.012748,0.238847,0.248251,-0.109873,0.055874,-1.574451,-0.003592 0.994431 0.105326 -0.999396 -0.007210 0.033999 0.034569 -0.105140 0.993856,3.087e-06,3.228,
761,27526,valid,1,0,0,-0.066200,0.012474,0.239397,0.248694,-0.109539,0.054758,-1.573553,-0.002662 0.994531 0.104407 -0.999383 -0.006302 0.034551 0.035020 -0.104250 0.993934,2.980e-06,3.167,"$CV1,230,27526,1,0,-66.2,12.5,239.4,-0.109539,0.054758,-1.573553*3A"
762,27580,valid,1,0,0,-0.065806,0.012102,0.239070,0.248257,-0.109473,0.053589,-1.572396,-0.001468 0.994616 0.103621 -0.999363 -0.005155 0.035321 0.035665 -0.103504 0.993989,2.783e-06,3.059,
763,27614,valid,1,0,0,-0.065407,0.011638,0.238381,0.247465,-0.108737,0.053521,-1.570086,0.000826 0.994670 0.103105 -0.999382 -0.002801 0.035030 0.035132 -0.103070 0.994054,2.854e-06,3.102,
764,27659,valid,1,0,0,-0.064952,0.011174,0.237619,0.246590,-0.112180,0.054392,-1.567998,0.002947 0.994380 0.105827 -0.999323 -0.000952 0.036774 0.036668 -0.105863 0.993704,2.931e-06,3.152,"$CV1,231,27659,1,0,-65.0,11.2,237.6,-0.112180,0.054392,-1.567998*39"
765,27709,valid,1,0,0,-0.064637,0.010897,0.237009,0.245906,-0.115838,0.052110,-1.567428,0.003666 0.994286 0.106688 -0.999176 -0.000670 0.040574 0.040414 -0.106749 0.993464,2.864e-06,3.119,
766,27743,valid,1,0,0,-0.064475,0.010855,0.236605,0.245473,-0.110933,0.055418,-1.568771,0.002116 0.994397 0.105691 -0.999376 -0.001624 0.035286 0.035260 -0.105700 0.993773,2.868e-06,3.118,
767,27776,valid,1,0,0,-0.064470,0.010781,0.236732,0.245590,-0.108461,0.054139,-1.569501,0.001384 0.994647 0.103320 -0.999402 -0.002192 0.034494 0.034536 -0.103306 0.994050,2.802e-06,3.074,"$CV1,232,27776,1,0,-64.5,10.8,236.7,-0.108461,0.054139,-1.569501*39"
768,27809,valid,1,0,0,-0.064475,0.010577,0.237310,0.246140,-0.111705,0.053215,-1.568647,0.002331 0.994492 0.104782 -0.999307 -0.001576 0.037184 0.037145 -0.104796 0.993800,2.675e-06,3.001,
769,27858,valid,1,0,0,-0.064470,0.010445,0.238225,0.247016,-0.111016,0.057824,-1.567655,0.003144 0.994225 0.107267 -0.999426 -0.000494 0.033872 0.033729 -0.107312 0.993653,2.986e-06,3.159,
770,27895,valid,1,0,0,-0.064460,0.010583,0.238795,0.247569,-0.108995,0.058868,-1.568551,0.002173 0.994294 0.106652 -0.999491 -0.001235 0.031876 0.031826 -0.106667 0.993785,2.965e-06,3.145,"$CV1,233,27895,1,0,-64.5,10.6,238.8,-0.108995,0.058868,-1.568551*36"
771,27928,valid,1,0,0,-0.064410,0.010761,0.239224,0.247977,-0.107188,0.059580,-1.569210,0.001455 0.994369 0.105962 -0.999541 -0.001760 0.030241 0.030257 -0.105957 0.993910,2.995e-06,3.156,
772,27962,valid,1,0,0,-0.064385,0.010787,0.239528,0.248265,-0.111367,0.052396,-1.569352,0.001647 0.994570 0.104052 -0.999296 -0.002263 0.037451 0.037483 -0.104041 0.993866,2.758e-06,3.020,
773,27997,valid,1,0,0,-0.064296,0.010994,0.240149,0.248851,-0.116065,0.051649,-1.569856,0.001262 0.994306 0.106553 -0.999160 -0.003112 0.040868 0.040967 -0.106515 0.993467,2.940e-06,3.116,"$CV1,234,27997,1,0,-64.3,11.0,240.1,-0.116065,0.051649,-1.569856*33"
774,28035,valid,1,0,0,-0.064212,0.011242,0.240715,0.249385,-0.111466,0.057986,-1.570660,0.000147 0.994188 0.107661 -0.999420 -0.003521 0.033878 0.034060 -0.107604 0.993610,3.043e-06,3.157,
775,28088,valid,1,0,0,-0.064034,0.011269,0.241026,0.249642,-0.112266,0.056556,-1.570762,0.000114 0.994231 0.107262 -0.999370 -0.003693 0.035289 0.035482 -0.107198 0.993604,3.065e-06,3.170,
776,28124,valid,1,0,0,-0.063864,0.011153,0.240912,0.249482,-0.110879,0.057373,-1.568914,0.001901 0.994268 0.106897 -0.999420 -0.001744 0.033999 0.033991 -0.106900 0.993689,3.273e-06,3.287,"$CV1,235,28124,1,0,-63.9,11.2,240.9,-0.110879,0.057373,-1.568914*35"
777,28178,valid,1,0,0,-0.063696,0.011138,0.240475,0.249017,-0.110393,0.060064,-1.569099,0.001607 0.994117 0.108295 -0.999487 -0.001867 0.031968 0.031982 -0.108291 0.993605,3.121e-06,3.207,
778,28222,valid,1,0,0,-0.063535,0.011031,0.239235,0.247774,-0.118765,0.058770,-1.568630,0.002291 0.993619 0.112766 -0.999271 -0.002022 0.038116 0.038100 -0.112771 0.992890,3.012e-06,3.154,
779,28276,valid,1,0,0,-0.063439,0.011034,0.237335,0.245915,-0.118310,0.062560,-1.567918,0.002846 0.993376 0.114878 -0.999370 -0.001238 0.035460 0.035367 -0.114906 0.992747,3.548e-06,3.461,"$CV1,236,28276,1,0,-63.4,11.0,237.3,-0.118310,0.062560,-1.567918*3A"
780,28318,valid,1,0,0,-0.063314,0.010999,0.234278,0.242931,-0.119232,0.065579,-1.568027,0.002633 0.993084 0.117373 -0.999417 -0.001383 0.034115 0.034041 -0.117395 0.992502,3.717e-06,3.589,
781,28360,valid,1,0,0,-0.063276,0.010904,0.229043,0.237873,-0.119827,0.060329,-1.569419,0.001467 0.993431 0.114428 -0.999283 -0.002873 0.037746 0.037826 -0.114401 0.992714,3.713e-06,3.650,
782,28400,valid,1,0,0,-0.063717,0.010513,0.222077,0.231276,-0.109071,0.040688,-1.570608,0.000696 0.995459 0.095185 -0.999053 -0.003450 0.043384 0.043515 -0.095125 0.994514,2.685e-06,3.185,"$CV1,237,28400,1,0,-63.7,10.5,222.1,-0.109071,0.040688,-1.570608*34"
783,28444,valid,1,0,0,-0.064195,0.009606,0.214681,0.224280,-0.083800,0.032710,-1.568310,0.002754 0.997248 0.074086 -0.999470 0.000342 0.032555 0.032440 -0.074136 0.996720,2.422e-06,3.063,
784,28487,valid,1,0,0,-0.064503,0.008446,0.208098,0.218029,-0.082480,0.012215,-1.564942,0.006395 0.998168 0.060159 -0.998986 0.003696 0.044875 0.044570 -0.060385 0.997180,2.129e-06,2.918,
785,28518,valid,1,0,0,-0.064837,0.007418,0.202212,0.212482,-0.079685,-0.005208,-1.563337,0.007999 0.998852 0.047236 -0.998515 0.005432 0.054209 0.053890 -0.047600 0.997412,1.571e-06,2.560,"$CV1,238,28518,1,0,-64.8,7.4,202.2,-0.079685,-0.005208,-1.563337*2D"
786,28558,valid,1,0,0,-0.064886,0.006516,0.196033,0.206596,-0.060883,-0.005721,-1.562046,0.009059 0.999348 0.034963 -0.999065 0.007567 0.042575 0.042283 -0.035316 0.998481,1.279e-06,2.475,
787,28601,valid,1,0,0,-0.064694,0.005962,0.190003,0.200803,-0.046105,-0.008020,-1.562726,0.008233 0.999675 0.024130 -0.999375 0.007395 0.034579 0.034389 -0.024400 0.999111,1.097e-06,2.407,
788,28629,valid,1,0,0,-0.064477,0.005454,0.184714,0.195720,-0.036854,-0.015844,-1.563098,0.007735 0.999882 0.013260 -0.999408 0.007285 0.033626 0.033526 -0.013512 0.999347,7.322e-07,2.025,"$CV1,239,28629,1,0,-64.5,5.5,184.7,-0.036854,-0.015844,-1.563098*27"
789,28665,valid,1,0,0,-0.064110,0.005048,0.179865,0.191016,-0.021208,-0.014042,-1.562116,0.008656 0.999953 0.004470 -0.999711 0.008553 0.022485 0.022446 -0.004664 0.999737,7.119e-07,2.001,
790,28696,valid,1,0,0,-0.063649,0.004824,0.176108,0.187320,-0.017763,-0.020267,-1.563733,0.006959 0.999974 -0.001680 -0.999682 0.006998 0.024226 0.024237 0.001511 0.999705,6.523e-07,1.895,
791,28732,valid,1,0,0,-0.063313,0.004407,0.173572,0.184811,-0.013540,-0.017546,-1.563410,0.007304 0.999970 -0.002625 -0.999777 0.007354 0.019799 0.019818 0.002480 0.999801,5.998e-07,1.848,"$CV1,240,28732,1,0,-63.3,4.4,173.6,-0.013540,-0.017546,-1.563410*2C"
792,28769,target_missing,0,,-1,,,,,,,,,,,
793,28799,target_missing,0,,-1,,,,,,,,,,,
794,28838,target_missing,0,,-1,,,,,,,,,,,"$CV1,241,28838,0,-1,0.0,0.0,0.0,0.000000,0.000000,0.000000*36"
795,28883,target_missing,0,,-1,,,,,,,,,,,
796,28916,target_missing,0,,-1,,,,,,,,,,,
797,28946,target_missing,0,,-1,,,,,,,,,,,"$CV1,242,28946,0,-1,0.0,0.0,0.0,0.000000,0.000000,0.000000*3D"
798,28980,target_missing,0,,-1,,,,,,,,,,,
799,29011,target_missing,0,,-1,,,,,,,,,,,
800,29055,target_missing,0,,-1,,,,,,,,,,,"$CV1,243,29055,0,-1,0.0,0.0,0.0,0.000000,0.000000,0.000000*36"
801,29104,target_missing,0,,-1,,,,,,,,,,,
802,29142,target_missing,0,,-1,,,,,,,,,,,
803,29189,target_missing,0,,-1,,,,,,,,,,,"$CV1,244,29189,0,-1,0.0,0.0,0.0,0.000000,0.000000,0.000000*31"
804,29224,target_missing,0,,-1,,,,,,,,,,,
805,29264,target_missing,0,,-1,,,,,,,,,,,
806,29307,target_missing,0,,-1,,,,,,,,,,,"$CV1,245,29307,0,-1,0.0,0.0,0.0,0.000000,0.000000,0.000000*34"
807,29343,target_missing,0,,-1,,,,,,,,,,,
808,29382,target_missing,0,,-1,,,,,,,,,,,
809,29429,target_missing,0,,-1,,,,,,,,,,,"$CV1,246,29429,0,-1,0.0,0.0,0.0,0.000000,0.000000,0.000000*3C"
810,29486,target_missing,0,,-1,,,,,,,,,,,
811,29526,valid,1,0,0,-0.057680,-0.007668,0.165162,0.175113,-0.000658,-0.031539,-1.539385,0.031083 0.999315 -0.020060 -0.999299 0.031489 0.020270 0.020887 0.019416 0.999593,9.318e-07,2.526,
812,29571,valid,1,0,0,-0.057453,-0.007712,0.166174,0.175995,0.004826,-0.025463,-1.541152,0.029432 0.999376 -0.019550 -0.999476 0.029687 0.012902 0.013474 0.019161 0.999726,7.837e-07,2.310,"$CV1,247,29571,1,0,-57.5,-7.7,166.2,0.004826,-0.025463,-1.541152*21"
813,29610,valid,1,0,0,-0.057050,-0.008196,0.166835,0.176510,0.005043,-0.026745,-1.541689,0.028873 0.999373 -0.020514 -0.999483 0.029155 0.013573 0.014162 0.020112 0.999697,7.339e-07,2.225,
814,29652,valid,1,0,0,-0.056574,-0.008968,0.167218,0.176757,0.001544,-0.033767,-1.542188,0.028236 0.999340 -0.022854 -0.999383 0.028700 0.020267 0.020910 0.022268 0.999533,6.539e-07,2.083,
815,29701,valid,1,0,0,-0.056009,-0.009780,0.167390,0.176782,0.004826,-0.039067,-1.543203,0.027098 0.999231 -0.028339 -0.999385 0.027711 0.021489 0.022257 0.027739 0.999367,5.795e-07,1.937,"$CV1,248,29701,1,0,-56.0,-9.8,167.4,0.004826,-0.039067,-1.543203*21"
816,29742,valid,1,0,0,-0.055310,-0.010806,0.167690,0.176906,0.010751,-0.043927,-1.543652,0.026527 0.999028 -0.035208 -0.999413 0.027267 0.020720 0.021660 0.034638 0.999165,5.941e-07,1.969,
817,29793,valid,1,0,0,-0.054672,-0.012118,0.168565,0.177623,0.015265,-0.046859,-1.544292,0.025811 0.998869 -0.039939 -0.999453 0.026612 0.019656 0.020697 0.039410 0.999009,5.470e-07,1.893,
818,29834,valid,1,0,0,-0.054154,-0.013636,0.170364,0.179283,0.023181,-0.039925,-1.544063,0.026260 0.998837 -0.040446 -0.999592 0.026691 0.010160 0.011228 0.040162 0.999130,3.894e-07,1.610,"$CV1,249,29834,1,0,-54.2,-13.6,170.4,0.023181,-0.039925,-1.544063*17"
819,29886,valid,1,0,0,-0.053605,-0.015500,0.172329,0.181138,0.028687,-0.030473,-1.540493,0.030066 0.998832 -0.037820 -0.999546 0.030110 0.000572 0.001710 0.037786 0.999284,3.463e-07,1.484,
820,29918,valid,1,0,0,-0.053158,-0.017332,0.174299,0.183047,0.013929,-0.018318,-1.538343,0.032355 0.999263 -0.020660 -0.999472 0.032413 0.002472 0.003140 0.020569 0.999784,1.931e-07,1.096,
821,29966,valid,1,0,0,-0.052693,-0.018421,0.175903,0.184547,0.000833,-0.005672,-1.538059,0.032721 0.999456 -0.004210 -0.999460 0.032734 0.003026 0.003162 0.004108 0.999987,1.065e-07,0.794,"$CV1,250,29966,1,0,-52.7,-18.4,175.9,0.000833,-0.005672,-1.538059*1A"
822,30013,valid,1,0,0,-0.052143,-0.018775,0.176685,0.185173,-0.003290,0.002543,-1.538083,0.032706 0.999458 0.003721 -0.999465 0.032704 0.000539 0.000417 -0.003737 0.999993,1.658e-07,0.995,
823,30048,valid,1,0,0,-0.051555,-0.018476,0.176880,0.185165,0.001924,-0.000697,-1.537835,0.032955 0.999455 -0.001663 -0.999457 0.032954 -0.000812 -0.000756 0.001689 0.999998,4.418e-07,1.649,
824,30114,valid,1,0,0,-0.051118,-0.017668,0.176566,0.184664,0.010728,-0.004420,-1.539687,0.031108 0.999470 -0.009620 -0.999508 0.031069 -0.004182 -0.003881 0.009746 0.999945,9.626e-07,2.419,"$CV1,251,30114,1,0,-51.1,-17.7,176.6,0.010728,-0.004420,-1.539687*1F"
825,30167,valid,1,0,0,-0.050777,-0.016865,0.175798,0.183760,0.008531,-0.013551,-1.543581,0.027159 0.999531 -0.014151 -0.999625 0.027204 0.003016 0.003399 0.014064 0.999895,9.107e-07,2.343,
826,30211,valid,1,0,0,-0.050338,-0.016225,0.174969,0.182788,0.009084,-0.017179,-1.546122,0.024584 0.999556 -0.016837 -0.999683 0.024671 0.004963 0.005376 0.016710 0.999846,8.365e-07,2.247,
827,30248,valid,1,0,0,-0.049792,-0.015827,0.174479,0.182133,0.008186,-0.020586,-1.548807,0.021856 0.999591 -0.018456 -0.999728 0.022002 0.007715 0.008118 0.018282 0.999800,8.600e-07,2.287,"$CV1,252,30248,1,0,-49.8,-15.8,174.5,0.008186,-0.020586,-1.548807*1A"
828,30306,valid,1,0,0,-0.049063,-0.015552,0.174153,0.181599,0.013509,-0.018989,-1.550548,0.020147 0.999581 -0.020778 -0.999790 0.020219 0.003288 0.003707 0.020707 0.999779,9.087e-07,2.381,
829,30351,valid,1,0,0,-0.048082,-0.015421,0.173936,0.181118,0.018473,-0.018829,-1.551731,0.018979 0.999536 -0.023808 -0.999820 0.018985 0.000001 0.000453 0.023803 0.999717,9.747e-07,2.497,"$CV1,253,30351,1,0,-48.1,-15.4,173.9,0.018473,-0.018829,-1.551731*12"
830,30402,valid,1,0,0,-0.046865,-0.015259,0.174046,0.180890,0.019599,-0.020344,-1.553067,0.017628 0.999520 -0.025490 -0.999844 0.017640 0.000251 0.000700 0.025482 0.999675,1.175e-06,2.774,
831,30473,valid,1,0,0,-0.045580,-0.015097,0.174624,0.181105,0.016957,-0.021612,-1.554033,0.016637 0.999558 -0.024631 -0.999857 0.016710 0.002765 0.003175 0.024582 0.999693,1.176e-06,2.773,"$CV1,254,30473,1,0,-45.6,-15.1,174.6,0.016957,-0.021612,-1.554033*1C"
832,30525,valid,1,0,0,-0.044438,-0.015158,0.175398,0.181574,0.020995,-0.016303,-1.552930,0.017818 0.999559 -0.023772 -0.999837 0.017747 -0.003205 -0.002782 0.023825 0.999712,9.888e-07,2.550,
833,30577,valid,1,0,0,-0.043542,-0.015380,0.176125,0.182078,0.019398,-0.011916,-1.551065,0.019717 0.999607 -0.019939 -0.999795 0.019621 -0.004972 -0.004579 0.020033 0.999789,9.902e-07,2.537,"$CV1,255,30577,1,0,-43.5,-15.4,176.1,0.019398,-0.011916,-1.551065*15"
834,30617,valid,1,0,0,-0.042964,-0.015334,0.176678,0.182472,0.011418,-0.013375,-1.551025,0.019724 0.999680 -0.015837 -0.999804 0.019744 0.001093 0.001406 0.015812 0.999874,9.350e-07,2.439,
835,30677,valid,1,0,0,-0.042676,-0.014946,0.177184,0.182862,0.008556,-0.008940,-1.552394,0.018382 0.999769 -0.011168 -0.999831 0.018385 0.000142 0.000347 0.011163 0.999938,8.751e-07,2.340,"$CV1,256,30677,1,0,-42.7,-14.9,177.2,0.008556,-0.008940,-1.552394*19"
836,30733,valid,1,0,0,-0.042586,-0.014412,0.177116,0.182733,0.008846,-0.005998,-1.554476,0.016315 0.999822 -0.009456 -0.999865 0.016297 -0.001894 -0.001739 0.009485 0.999953,9.490e-07,2.431,
837,30793,valid,1,0,0,-0.042594,-0.013789,0.176839,0.182418,0.008168,-0.008935,-1.557004,0.013772 0.999846 -0.010912 -0.999905 0.013777 0.000414 0.000564 0.010905 0.999940,8.963e-07,2.371,"$CV1,257,30793,1,0,-42.6,-13.8,176.8,0.008168,-0.008935,-1.557004*1B"
838,30847,valid,1,0,0,-0.042787,-0.013179,0.177030,0.182603,0.008288,-0.008913,-1.558620,0.012156 0.999866 -0.010971 -0.999926 0.012161 0.000332 0.000465 0.010966 0.999940,8.880e-07,2.358,
839,30897,valid,1,0,0,-0.043000,-0.012471,0.177679,0.183233,0.007749,-0.010989,-1.560534,0.010229 0.999876 -0.011956 -0.999945 0.010253 0.002004 0.002127 0.011935 0.999927,9.525e-07,2.432,"$CV1,258,30897,1,0,-43.0,-12.5,177.7,0.007749,-0.010989,-1.560534*1C"
840,30961,valid,1,0,0,-0.043104,-0.011644,0.178856,0.184344,0.008705,-0.008871,-1.562205,0.008573 0.999901 -0.011202 -0.999963 0.008574 0.000058 0.000154 0.011201 0.999937,1.037e-06,2.530,
841,30997,valid,1,0,0,-0.043120,-0.010522,0.180983,0.186346,0.007584,0.002891,-1.564851,0.005948 0.999978 -0.002970 -0.999960 0.005928 -0.006683 -0.006665 0.003010 0.999973,1.041e-06,2.491,
842,31037,valid,1,0,0,-0.042974,-0.009188,0.183537,0.188725,0.008493,0.015538,-1.567751,0.002974 0.999985 0.004510 -0.999878 0.003043 -0.015298 -0.015311 -0.004464 0.999873,1.115e-06,2.534,"$CV1,259,31037,1,0,-43.0,-9.2,183.5,0.008493,0.015538,-1.567751*09"
843,31082,valid,1,0,0,-0.042615,-0.007842,0.186385,0.191356,0.005300,0.020444,-1.571228,-0.000562 0.999953 0.009636 -0.999866 -0.000404 -0.016389 -0.016384 -0.009644 0.999819,1.126e-06,2.496,
844,31119,valid,1,0,0,-0.042179,-0.006317,0.189838,0.194570,0.003725,0.033232,-1.576412,-0.005964 0.999807 0.018700 -0.999707 -0.005523 -0.023560 -0.023452 -0.018835 0.999548,9.046e-07,2.192,
845,31195,valid,1,0,0,-0.041777,-0.005237,0.193631,0.198156,0.004022,0.051923,-1.579972,-0.010027 0.999491 0.030275 -0.999323 -0.008944 -0.035701 -0.035412 -0.030613 0.998904,8.221e-07,2.040,"$CV1,260,31195,1,0,-41.8,-5.2,193.6,0.004022,0.051923,-1.579972*0A"
846,31240,valid,1,0,0,-0.041452,-0.004625,0.197759,0.202110,-0.000471,0.062679,-1.582168,-0.012613 0.999125 0.039882 -0.999149 -0.011026 -0.039755 -0.039281 -0.040350 0.998413,7.039e-07,1.855,
847,31280,valid,1,0,0,-0.041077,-0.004126,0.202568,0.206732,-0.008059,0.069742,-1.582623,-0.013356 0.998701 0.049170 -0.999155 -0.011418 -0.039482 -0.038870 -0.049656 0.998010,6.098e-07,1.693,
848,31320,valid,1,0,0,-0.040714,-0.003582,0.208217,0.212190,-0.008367,0.087459,-1.582194,-0.013807 0.998071 0.060532 -0.998662 -0.010747 -0.050590 -0.049842 -0.061149 0.996883,6.900e-07,1.741,"$CV1,261,31320,1,0,-40.7,-3.6,208.2,-0.008367,0.087459,-1.582194*22"
849,31371,valid,1,0,0,-0.040354,-0.003285,0.213226,0.217036,-0.018079,0.091762,-1.581237,-0.013072 0.997498 0.069470 -0.998838 -0.009803 -0.047180 -0.046381 -0.070006 0.996468,7.603e-07,1.762,
850,31409,valid,1,0,0,-0.040032,-0.002549,0.218295,0.221950,-0.029646,0.103940,-1.582138,-0.014674 0.996318 0.084467 -0.998806 -0.010669 -0.047681 -0.046605 -0.085066 0.995285,7.224e-07,1.618,
851,31444,valid,1,0,0,-0.039845,-0.001832,0.223325,0.226859,-0.041708,0.122752,-1.582623,-0.016425 0.994450 0.103918 -0.998581 -0.011049 -0.052104 -0.050666 -0.104627 0.993220,9.725e-07,1.887,"$CV1,262,31444,1,0,-39.8,-1.8,223.3,-0.041708,0.122752,-1.582623*2C"
852,31489,valid,1,0,0,-0.039808,-0.001194,0.227174,0.230639,-0.047006,0.129368,-1.583732,-0.018014 0.993615 0.111379 -0.998518 -0.012157 -0.053042 -0.051349 -0.112170 0.992361,9.449e-07,1.857,
853,31524,valid,1,0,0,-0.039790,-0.000655,0.230063,0.233480,-0.050501,0.131145,-1.584456,-0.018850 0.993223 0.114683 -0.998562 -0.012946 -0.052014 -0.050177 -0.115498 0.992040,9.211e-07,1.818,
854,31571,valid,1,0,0,-0.039846,-0.000151,0.232997,0.236380,-0.058269,0.132787,-1.585300,-0.019753 0.992503 0.120616 -0.998738 -0.014016 -0.048226 -0.046174 -0.121416 0.991527,1.075e-06,1.938,"$CV1,263,31571,1,0,-39.8,-0.2,233.0,-0.058269,0.132787,-1.585300*23"
855,31615,valid,1,0,0,-0.039953,0.000204,0.235524,0.238889,-0.066298,0.131860,-1.585598,-0.019883 0.991940 0.125135 -0.998984 -0.014649 -0.042609 -0.040432 -0.125855 0.991224,1.080e-06,1.918,
856,31653,valid,1,0,0,-0.040009,0.000810,0.237281,0.240632,-0.055021,0.144057,-1.587228,-0.022684 0.991838 0.125470 -0.998221 -0.015547 -0.057568 -0.055147 -0.126553 0.990426,1.276e-06,2.068,
857,31700,valid,1,0,0,-0.039995,0.001275,0.239359,0.242681,-0.058374,0.142556,-1.589166,-0.024444 0.991654 0.126587 -0.998352 -0.017637 -0.054615 -0.051927 -0.127713 0.990451,1.172e-06,1.962,"$CV1,264,31700,1,0,-40.0,1.3,239.4,-0.058374,0.142556,-1.589166*0F"
858,31754,valid,1,0,0,-0.039814,0.001582,0.241945,0.245204,-0.063191,0.146475,-1.590278,-0.025853 0.990908 0.132032 -0.998354 -0.018830 -0.054170 -0.051192 -0.133216 0.989764,1.366e-06,2.094,
859,31798,valid,1,0,0,-0.039525,0.001758,0.243806,0.246996,-0.066302,0.147723,-1.590501,-0.026154 0.990531 0.134775 -0.998409 -0.019146 -0.053036 -0.049954 -0.135948 0.989456,1.216e-06,1.949,
860,31837,valid,1,0,0,-0.039183,0.001923,0.245312,0.248429,-0.063750,0.155497,-1.590887,-0.027305 0.990065 0.137937 -0.998036 -0.019217 -0.059627 -0.056384 -0.139294 0.988644,1.167e-06,1.890,"$CV1,265,31837,1,0,-39.2,1.9,245.3,-0.063750,0.155497,-1.590887*01"
861,31886,valid,1,0,0,-0.038826,0.001822,0.246916,0.249957,-0.073630,0.146346,-1.590352,-0.025787 0.990014 0.138594 -0.998681 -0.019355 -0.047565 -0.044408 -0.139637 0.989206,1.100e-06,1.811,
862,31925,valid,1,0,0,-0.038520,0.001549,0.247858,0.250839,-0.085053,0.133833,-1.587847,-0.022035 0.990159 0.138201 -0.999322 -0.017737 -0.032252 -0.029484 -0.138818 0.989879,9.771e-07,1.703,
863,31973,valid,1,0,0,-0.038272,0.001343,0.248399,0.251334,-0.090400,0.126824,-1.585779,-0.019319 0.990340 0.137311 -0.999575 -0.016132 -0.024283 -0.021834 -0.137722 0.990230,9.686e-07,1.713,"$CV1,266,31973,1,0,-38.3,1.3,248.4,-0.090400,0.126824,-1.585779*03"
864,32020,valid,1,0,0,-0.038039,0.001367,0.248864,0.251758,-0.096003,0.115741,-1.585279,-0.017884 0.990822 0.133982 -0.999776 -0.016200 -0.013647 -0.011351 -0.134196 0.990890,7.387e-07,1.493,
865,32055,valid,1,0,0,-0.037847,0.001345,0.249404,0.252263,-0.103207,0.104123,-1.585290,-0.016965 0.991196 0.131310 -0.999856 -0.016889 -0.001697 0.000536 -0.131320 0.991340,6.240e-07,1.384,
866,32104,valid,1,0,0,-0.037705,0.001149,0.249985,0.252815,-0.119181,0.090020,-1.583981,-0.014484 0.991056 0.132655 -0.999705 -0.016943 0.017425 0.019517 -0.132363 0.991009,5.983e-07,1.358,"$CV1,267,32104,1,0,-37.7,1.1,250.0,-0.119181,0.090020,-1.583981*0E"
867,32147,valid,1,0,0,-0.037671,0.001038,0.250030,0.252854,-0.131487,0.081529,-1.583171,-0.012946 0.990741 0.135149 -0.999383 -0.017235 0.030617 0.032662 -0.134669 0.990352,5.775e-07,1.336,
868,32182,valid,1,0,0,-0.037627,0.001236,0.249413,0.252238,-0.113416,0.096800,-1.584801,-0.015819 0.990960 0.133225 -0.999807 -0.017227 0.009419 0.011629 -0.133050 0.991041,6.597e-07,1.427,
869,32213,valid,1,0,0,-0.037661,0.001392,0.248242,0.251087,-0.090294,0.110022,-1.587146,-0.019434 0.991745 0.126745 -0.999747 -0.017842 -0.013681 -0.011306 -0.126978 0.991841,7.966e-07,1.569,"$CV1,268,32213,1,0,-37.7,1.4,248.2,-0.090294,0.110022,-1.587146*01"
870,32245,valid,1,0,0,-0.037640,0.001440,0.247351,0.250203,-0.078787,0.123625,-1.587684,-0.021140 0.991564 0.127881 -0.999408 -0.017485 -0.029632 -0.027146 -0.128432 0.991347,8.572e-07,1.622,
871,32279,valid,1,0,0,-0.037637,0.001243,0.246121,0.248985,-0.070345,0.130760,-1.586811,-0.020952 0.991684 0.126979 -0.999093 -0.016058 -0.039436 -0.037069 -0.127690 0.991121,8.709e-07,1.631,
872,32313,valid,1,0,0,-0.037638,0.001183,0.244371,0.247255,-0.059606,0.139469,-1.586978,-0.021980 0.991844 0.125552 -0.998539 -0.015578 -0.051747 -0.049369 -0.126506 0.990737,9.216e-07,1.695,"$CV1,269,32313,1,0,-37.6,1.2,244.4,-0.059606,0.139469,-1.586978*02"
873,32348,valid,1,0,0,-0.037664,0.001052,0.241687,0.244607,-0.053560,0.140787,-1.586692,-0.021872 0.992223 0.122534 -0.998297 -0.015045 -0.056366 -0.054084 -0.123558 0.990862,8.832e-07,1.683,
874,32384,valid,1,0,0,-0.037762,0.000744,0.238432,0.241405,-0.055709,0.125833,-1.587213,-0.021119 0.993190 0.114579 -0.998837 -0.015991 -0.045489 -0.043347 -0.115407 0.992372,7.504e-07,1.584,
875,32413,valid,1,0,0,-0.037815,0.000370,0.234735,0.237761,-0.058585,0.105387,-1.588213,-0.020603 0.994402 0.103631 -0.999377 -0.017511 -0.030654 -0.028667 -0.104198 0.994143,6.199e-07,1.468,
876,32447,valid,1,0,0,-0.037795,-0.000351,0.230941,0.234013,-0.053671,0.096927,-1.586247,-0.018153 0.995286 0.095266 -0.999481 -0.015526 -0.028235 -0.026623 -0.095729 0.995051,4.480e-07,1.264,"$CV1,270,32447,1,0,-37.8,-0.4,230.9,-0.053671,0.096927,-1.586247*28"
877,32488,valid,1,0,0,-0.037729,-0.001378,0.227096,0.230213,-0.044498,0.089452,-1.583716,-0.015268 0.996281 0.084799 -0.999493 -0.012838 -0.029125 -0.027928 -0.085200 0.995972,3.514e-07,1.115,
878,32536,valid,1,0,0,-0.037531,-0.002108,0.223278,0.226420,-0.036989,0.082001,-1.582879,-0.014084 0.997058 0.075350 -0.999506 -0.011922 -0.029066 -0.028082 -0.075722 0.996733,2.927e-07,1.034,
879,32585,valid,1,0,0,-0.037199,-0.002850,0.219372,0.222522,-0.026853,0.077662,-1.581595,-0.012641 0.997727 0.066185 -0.999412 -0.010496 -0.032650 -0.031881 -0.066559 0.997273,3.572e-07,1.191,"$CV1,271,32585,1,0,-37.2,-2.9,219.4,-0.026853,0.077662,-1.581595*27"
880,32632,valid,1,0,0,-0.036878,-0.003511,0.215578,0.218738,-0.020205,0.076208,-1.580866,-0.011870 0.998064 0.061046 -0.999308 -0.009689 -0.035902 -0.035241 -0.061430 0.997489,4.464e-07,1.363,
881,32679,valid,1,0,0,-0.036630,-0.004180,0.211573,0.214761,-0.016787,0.068527,-1.580126,-0.010790 0.998480 0.054041 -0.999410 -0.009006 -0.033141 -0.032604 -0.054366 0.997989,3.832e-07,1.279,
882,32721,valid,1,0,0,-0.036393,-0.004825,0.207311,0.210536,-0.014807,0.055752,-1.580131,-0.010299 0.998947 0.044714 -0.999614 -0.009131 -0.026238 -0.025802 -0.044967 0.998655,4.448e-07,1.408,"$CV1,272,32721,1,0,-36.4,-4.8,207.3,-0.014807,0.055752,-1.580131*29"
883,32770,valid,1,0,0,-0.036229,-0.005493,0.202643,0.205930,-0.011389,0.041043,-1.579794,-0.009519 0.999402 0.033242 -0.999780 -0.008890 -0.019003 -0.018697 -0.033416 0.999267,5.214e-07,1.578,
884,32813,valid,1,0,0,-0.036095,-0.006074,0.197763,0.201122,-0.010149,0.018821,-1.579890,-0.009197 0.999789 0.018394 -0.999943 -0.009095 -0.005598 -0.005429 -0.018444 0.999815,6.012e-07,1.764,
885,32850,valid,1,0,0,-0.035948,-0.006238,0.193422,0.196833,-0.002909,0.007727,-1.581317,-0.010539 0.999922 0.006745 -0.999940 -0.010518 -0.003099 -0.003028 -0.006777 0.999972,7.953e-07,2.099,"$CV1,273,32850,1,0,-35.9,-6.2,193.4,-0.002909,0.007727,-1.581317*24"
886,32899,valid,1,0,0,-0.035875,-0.006336,0.189721,0.193187,0.004723,-0.000072,-1.582787,-0.011988 0.999923 -0.003065 -0.999924 -0.011997 -0.002938 -0.002974 0.003029 0.999991,9.419e-07,2.348,
887,32933,valid,1,0,0,-0.035866,-0.006557,0.186643,0.190171,0.008377,-0.009434,-1.583358,-0.012583 0.999857 -0.011314 -0.999921 -0.012575 0.000743 0.000600 0.011323 0.999936,9.593e-07,2.424,
888,32979,valid,1,0,0,-0.035812,-0.006825,0.184131,0.187706,0.012600,-0.016741,-1.583342,-0.012619 0.999747 -0.018628 -0.999917 -0.012570 0.002749 0.002514 0.018662 0.999823,1.092e-06,2.636,"$CV1,274,32979,1,0,-35.8,-6.8,184.1,0.012600,-0.016741,-1.583342*24"
889,33015,valid,1,0,0,-0.035728,-0.007201,0.181716,0.185334,0.016196,-0.020440,-1.582945,-0.012258 0.999654 -0.023265 -0.999922 -0.012195 0.002839 0.002555 0.023298 0.999725,1.174e-06,2.777,
890,33073,valid,1,0,0,-0.035557,-0.007599,0.178986,0.182642,0.019215,-0.028464,-1.582237,-0.011664 0.999474 -0.030266 -0.999916 -0.011486 0.006053 0.005703 0.030334 0.999524,1.344e-06,3.027,
891,33108,valid,1,0,0,-0.035350,-0.007779,0.176773,0.180441,0.017459,-0.033654,-1.582690,-0.012224 0.999400 -0.032417 -0.999874 -0.011890 0.010487 0.010096 0.032541 0.999419,1.502e-06,3.246,"$CV1,275,33108,1,0,-35.3,-7.8,176.8,0.017459,-0.033654,-1.582690*26"
892,33151,valid,1,0,0,-0.035094,-0.008042,0.174844,0.178512,0.013644,-0.040081,-1.581734,-0.011428 0.999355 -0.034048 -0.999797 -0.010855 0.016991 0.016611 0.034236 0.999276,1.557e-06,3.336,
893,33191,valid,1,0,0,-0.034906,-0.008131,0.173244,0.176913,0.014832,-0.047103,-1.581880,-0.011765 0.999161 -0.039239 -0.999725 -0.010958 0.020729 0.020282 0.039472 0.999015,1.786e-06,3.607,
894,33227,valid,1,0,0,-0.034821,-0.007930,0.171918,0.175588,0.022045,-0.048975,-1.583325,-0.013243 0.998899 -0.045006 -0.999771 -0.012471 0.017398 0.016817 0.045226 0.998835,1.820e-06,3.696,"$CV1,276,33227,1,0,-34.8,-7.9,171.9,0.022045,-0.048975,-1.583325*23"
895,33270,valid,1,0,0,-0.034855,-0.007920,0.171066,0.174761,0.022741,-0.054817,-1.583636,-0.013742 0.998698 -0.049127 -0.999705 -0.012738 0.020700 0.020047 0.049397 0.998578,1.729e-06,3.635,
896,33307,valid,1,0,0,-0.034951,-0.008099,0.171129,0.174849,0.023527,-0.051100,-1.582559,-0.012539 0.998802 -0.047304 -0.999773 -0.011708 0.017804 0.017229 0.047516 0.998722,1.826e-06,3.731,
897,33352,valid,1,0,0,-0.035009,-0.008113,0.171652,0.175374,0.025603,-0.039843,-1.582302,-0.011949 0.999066 -0.041531 -0.999890 -0.011573 0.009292 0.008803 0.041638 0.999094,1.878e-06,3.768,"$CV1,277,33352,1,0,-35.0,-8.1,171.7,0.025603,-0.039843,-1.582302*24"
898,33404,valid,1,0,0,-0.034934,-0.008043,0.172077,0.175772,0.024118,-0.036481,-1.583222,-0.012794 0.999179 -0.038451 -0.999889 -0.012491 0.008098 0.007611 0.038551 0.999228,1.901e-06,3.770,
899,33468,valid,1,0,0,-0.034748,-0.008072,0.172248,0.175904,0.028413,-0.029245,-1.582785,-0.012187 0.999254 -0.036633 -0.999926 -0.012168 0.000752 0.000305 0.036639 0.999329,1.909e-06,3.788,"$CV1,278,33468,1,0,-34.7,-8.1,172.2,0.028413,-0.029245,-1.582785*2D"
900,33511,valid,1,0,0,-0.034524,-0.008100,0.172289,0.175901,0.030824,-0.031090,-1.582418,-0.011843 0.999156 -0.039340 -0.999930 -0.011836 0.000402 -0.000064 0.039342 0.999226,1.811e-06,3.700,
901,33548,valid,1,0,0,-0.034332,-0.008156,0.172657,0.176226,0.031545,-0.032579,-1.581897,-0.011348 0.999105 -0.040744 -0.999936 -0.011321 0.000888 0.000426 0.040751 0.999169,1.977e-06,3.859,
902,33605,valid,1,0,0,-0.034295,-0.008362,0.173369,0.176926,0.024792,-0.037757,-1.580574,-0.010175 0.999159 -0.039713 -0.999916 -0.009847 0.008439 0.008041 0.039796 0.999175,1.868e-06,3.721,"$CV1,279,33605,1,0,-34.3,-8.4,173.4,0.024792,-0.037757,-1.580574*22"
903,33649,valid,1,0,0,-0.034323,-0.008186,0.174476,0.178009,0.020842,-0.034803,-1.581215,-0.010763 0.999318 -0.035318 -0.999904 -0.010449 0.009060 0.008685 0.035412 0.999335,1.794e-06,3.606,
904,33687,valid,1,0,0,-0.034402,-0.007860,0.175989,0.179492,0.021363,-0.029831,-1.582794,-0.012238 0.999397 -0.032498 -0.999912 -0.012063 0.005578 0.005183 0.032563 0.999456,1.781e-06,3.560,
905,33722,valid,1,0,0,-0.034493,-0.007596,0.177777,0.181252,0.026851,-0.016844,-1.582689,-0.011919 0.999542 -0.027805 -0.999908 -0.012096 -0.006192 -0.006525 0.027729 0.999594,1.654e-06,3.405,"$CV1,280,33722,1,0,-34.5,-7.6,177.8,0.026851,-0.016844,-1.582689*2C"
906,33755,valid,1,0,0,-0.034619,-0.007418,0.179872,0.183323,0.024435,-0.010405,-1.582410,-0.011595 0.999686 -0.022194 -0.999892 -0.011793 -0.008787 -0.009046 0.022090 0.999715,1.496e-06,3.187,
907,33794,valid,1,0,0,-0.034749,-0.007095,0.182507,0.185921,0.023225,0.000576,-1.582671,-0.011827 0.999825 -0.014484 -0.999814 -0.012045 -0.015041 -0.015213 0.014304 0.999782,1.479e-06,3.109,
908,33830,valid,1,0,0,-0.034799,-0.006781,0.185566,0.188922,0.025129,0.013449,-1.582381,-0.011586 0.999904 -0.007566 -0.999631 -0.011768 -0.024474 -0.024561 0.007280 0.999672,1.306e-06,2.869,"$CV1,281,33830,1,0,-34.8,-6.8,185.6,0.025129,0.013449,-1.582381*01"
909,33871,valid,1,0,0,-0.034778,-0.006556,0.189272,0.192553,0.029801,0.034588,-1.580654,-0.010158 0.999944 0.002836 -0.999111 -0.010033 -0.040939 -0.040908 -0.003249 0.999158,1.439e-06,2.940,
910,33908,valid,1,0,0,-0.034708,-0.006330,0.193438,0.196629,0.020550,0.046458,-1.579989,-0.009838 0.999819 0.016264 -0.999048 -0.009137 -0.042666 -0.042510 -0.016669 0.998957,1.193e-06,2.586,
911,33940,valid,1,0,0,-0.034623,-0.005807,0.197596,0.200690,0.017166,0.064318,-1.581255,-0.011740 0.999491 0.029671 -0.998599 -0.010188 -0.051930 -0.051602 -0.030239 0.998210,9.401e-07,2.214,"$CV1,282,33940,1,0,-34.6,-5.8,197.6,0.017166,0.064318,-1.581255*08"
912,33986,valid,1,0,0,-0.034570,-0.005432,0.201210,0.204230,0.015998,0.076826,-1.581798,-0.012843 0.999184 0.038286 -0.998192 -0.010563 -0.059177 -0.058724 -0.038976 0.997513,9.220e-07,2.126,
913,34028,valid,1,0,0,-0.034537,-0.005048,0.204794,0.207747,0.008338,0.081331,-1.582355,-0.013641 0.998848 0.045999 -0.998301 -0.010999 -0.057224 -0.056653 -0.046701 0.997301,7.707e-07,1.894,
914,34073,valid,1,0,0,-0.034431,-0.004680,0.208549,0.211424,0.002094,0.092580,-1.582546,-0.014454 0.998266 0.057057 -0.998110 -0.010996 -0.060465 -0.059733 -0.057823 0.996538,7.564e-07,1.836,"$CV1,283,34073,1,0,-34.4,-4.7,208.5,0.002094,0.092580,-1.582546*0D"
915,34115,valid,1,0,0,-0.034410,-0.004488,0.211919,0.214742,-0.011395,0.097546,-1.582267,-0.014463 0.997525 0.068803 -0.998423 -0.010674 -0.055117 -0.054246 -0.069492 0.996107,6.506e-07,1.677,
916,34165,valid,1,0,0,-0.034504,-0.004127,0.214337,0.217136,-0.009301,0.107713,-1.583433,-0.016288 0.997140 0.073800 -0.997948 -0.011641 -0.062955 -0.061916 -0.074674 0.995284,6.397e-07,1.635,
917,34210,valid,1,0,0,-0.034731,-0.003880,0.215955,0.218764,-0.005210,0.109416,-1.584707,-0.017680 0.997233 0.072200 -0.997693 -0.012863 -0.066653 -0.065540 -0.073212 0.995161,5.604e-07,1.518,"$CV1,284,34210,1,0,-34.7,-3.9,216.0,-0.005210,0.109416,-1.584707*25"
918,34274,valid,1,0,0,-0.034927,-0.003900,0.217787,0.220604,-0.006822,0.110298,-1.583737,-0.016772 0.997130 0.073824 -0.997737 -0.011883 -0.066174 -0.065107 -0.074767 0.995073,5.713e-07,1.512,
919,34317,valid,1,0,0,-0.035030,-0.004095,0.220316,0.223121,-0.015972,0.113076,-1.582324,-0.015539 0.996555 0.081467 -0.998013 -0.010482 -0.062137 -0.061069 -0.082270 0.994737,4.968e-07,1.383,"$CV1,285,34317,1,0,-35.0,-4.1,220.3,-0.015972,0.113076,-1.582324*29"
920,34369,valid,1,0,0,-0.034986,-0.004260,0.223724,0.226483,-0.023709,0.119689,-1.581716,-0.015391 0.995771 0.090570 -0.998061 -0.009837 -0.061454 -0.060304 -0.091341 0.993992,5.009e-07,1.334,
921,34411,valid,1,0,0,-0.034773,-0.004342,0.226946,0.229635,-0.030059,0.125935,-1.581729,-0.015858 0.995008 0.098527 -0.998063 -0.009823 -0.061433 -0.060159 -0.099310 0.993236,5.203e-07,1.326,
922,34441,valid,1,0,0,-0.034403,-0.004281,0.229863,0.232463,-0.023501,0.142527,-1.581445,-0.017008 0.994355 0.104729 -0.997058 -0.009037 -0.076122 -0.074746 -0.105715 0.991583,6.403e-07,1.447,"$CV1,286,34441,1,0,-34.4,-4.3,229.9,-0.023501,0.142527,-1.581445*21"
923,34503,valid,1,0,0,-0.033982,-0.004225,0.232464,0.234973,-0.029050,0.148501,-1.581064,-0.017150 0.993559 0.112008 -0.997039 -0.008596 -0.076413 -0.074958 -0.112987 0.990765,7.107e-07,1.531,
924,34540,valid,1,0,0,-0.033646,-0.004081,0.234284,0.236723,-0.036005,0.152086,-1.580652,-0.017039 0.992785 0.118690 -0.997202 -0.008233 -0.074294 -0.072781 -0.119624 0.990148,6.987e-07,1.522,
925,34582,valid,1,0,0,-0.033407,-0.003700,0.235097,0.237487,-0.036013,0.156394,-1.581299,-0.018102 0.992446 0.121342 -0.996988 -0.008762 -0.077063 -0.075418 -0.122371 0.989615,7.954e-07,1.635,"$CV1,287,34582,1,0,-33.4,-3.7,235.1,-0.036013,0.156394,-1.581299*21"
926,34618,valid,1,0,0,-0.033361,-0.003377,0.235193,0.237571,-0.034882,0.152872,-1.582816,-0.019275 0.992785 0.118348 -0.997084 -0.010346 -0.075608 -0.073838 -0.119460 0.990090,7.377e-07,1.575,
927,34661,valid,1,0,0,-0.033354,-0.002978,0.234855,0.237230,-0.030020,0.156625,-1.584154,-0.021000 0.992849 0.117511 -0.996638 -0.011479 -0.081118 -0.079189 -0.118820 0.989753,8.351e-07,1.661,
928,34703,valid,1,0,0,-0.033374,-0.002849,0.234994,0.237369,-0.031041,0.150856,-1.584567,-0.020848 0.993198 0.114554 -0.996972 -0.012066 -0.076822 -0.074918 -0.115808 0.990442,7.476e-07,1.577,"$CV1,288,34703,1,0,-33.4,-2.8,235.0,-0.031041,0.150856,-1.584567*2A"
929,34768,valid,1,0,0,-0.033385,-0.002924,0.235250,0.237625,-0.036582,0.144785,-1.584494,-0.020178 0.993240 0.114312 -0.997509 -0.012270 -0.069468 -0.067595 -0.115429 0.991013,6.032e-07,1.425,
930,34804,valid,1,0,0,-0.033312,-0.002832,0.235716,0.238075,-0.032607,0.152945,-1.585223,-0.021692 0.992917 0.116814 -0.996935 -0.012697 -0.077201 -0.075171 -0.118131 0.990149,6.388e-07,1.463,"$CV1,289,34804,1,0,-33.3,-2.8,235.7,-0.032607,0.152945,-1.585223*23"
931,34848,valid,1,0,0,-0.033216,-0.002845,0.236141,0.238483,-0.030001,0.158018,-1.585620,-0.022596 0.992723 0.118280 -0.996542 -0.012902 -0.082088 -0.079965 -0.119726 0.989581,7.154e-07,1.548,
932,34890,valid,1,0,0,-0.033116,-0.003019,0.236348,0.238676,-0.029512,0.160296,-1.585093,-0.022302 0.992594 0.119412 -0.996405 -0.012304 -0.083820 -0.081730 -0.120852 0.989300,7.270e-07,1.553,
933,34933,valid,1,0,0,-0.033074,-0.003256,0.236371,0.238696,-0.031523,0.158548,-1.584255,-0.021282 0.992587 0.119657 -0.996614 -0.011555 -0.081404 -0.079418 -0.120984 0.989472,6.975e-07,1.524,"$CV1,290,34933,1,0,-33.1,-3.3,236.4,-0.031523,0.158548,-1.584255*2B"
934,34977,valid,1,0,0,-0.033049,-0.003428,0.236192,0.238518,-0.029780,0.161343,-1.584292,-0.021609 0.992505 0.120279 -0.996376 -0.011480 -0.084279 -0.082267 -0.121665 0.989156,7.971e-07,1.623,
935,35013,valid,1,0,0,-0.033054,-0.003685,0.235922,0.238255,-0.023398,0.169092,-1.583688,-0.021843 0.992405 0.121057 -0.995593 -0.010546 -0.093187 -0.091203 -0.122559 0.988262,7.641e-07,1.594,
936,35058,valid,1,0,0,-0.033124,-0.004262,0.235802,0.238156,-0.022524,0.170295,-1.582556,-0.020849 0.992395 0.121319 -0.995486 -0.009368 -0.094447 -0.092592 -0.122740 0.988110,6.450e-07,1.469,"$CV1,291,35058,1,0,-33.1,-4.3,235.8,-0.022524,0.170295,-1.582556*2D"
937,35103,valid,1,0,0,-0.033174,-0.004830,0.235693,0.238065,-0.015548,0.185510,-1.581192,-0.021217 0.991753 0.126397 -0.994077 -0.007449 -0.108422 -0.106586 -0.127949 0.986037,6.349e-07,1.459,
938,35139,valid,1,0,0,-0.033153,-0.005190,0.235736,0.238112,-0.009076,0.208135,-1.581986,-0.024813 0.990373 0.136179 -0.991894 -0.007409 -0.126850 -0.124620 -0.138223 0.982530,7.754e-07,1.619,
939,35179,valid,1,0,0,-0.033233,-0.005325,0.234964,0.237362,0.013093,0.236314,-1.584951,-0.031654 0.989779 0.139052 -0.987293 -0.009288 -0.158640 -0.155727 -0.142307 0.977496,8.351e-07,1.686,"$CV1,292,35179,1,0,-33.2,-5.3,235.0,0.013093,0.236314,-1.584951*04"
940,35216,valid,1,0,0,-0.033530,-0.005831,0.233521,0.235988,0.050727,0.263240,-1.585881,-0.036543 0.990671 0.131286 -0.979959 -0.009781 -0.198959 -0.195818 -0.135925 0.971174,6.596e-07,1.498,
941,35252,valid,1,0,0,-0.033952,-0.006891,0.231385,0.233964,0.084619,0.292570,-1.581509,-0.036891 0.991105 0.127870 -0.971257 -0.005450 -0.237969 -0.235155 -0.132973 0.962819,7.830e-07,1.646,
942,35295,valid,1,0,0,-0.034238,-0.007662,0.228935,0.231608,0.100315,0.302470,-1.579313,-0.036302 0.991607 0.124089 -0.967286 -0.003668 -0.253663 -0.251079 -0.129238 0.959300,8.514e-07,1.749,"$CV1,293,35295,1,0,-34.2,-7.7,228.9,0.100315,0.302470,-1.579313*03"
943,35333,valid,1,0,0,-0.034400,-0.008310,0.226804,0.229548,0.108624,0.301663,-1.577882,-0.034591 0.992352 0.118497 -0.966079 -0.002840 -0.258232 -0.255920 -0.123410 0.958788,6.037e-07,1.485,
944,35385,valid,1,0,0,-0.034333,-0.008281,0.224048,0.226814,0.132419,0.321672,-1.577079,-0.037157 0.992626 0.115378 -0.958521 -0.002752 -0.285010 -0.282591 -0.121183 0.951555,7.683e-07,1.696,
945,35435,valid,1,0,0,-0.034017,-0.007485,0.221741,0.224460,0.152370,0.332445,-1.582135,-0.043757 0.993169 0.108168 -0.952712 -0.008893 -0.303745 -0.300709 -0.116344 0.946593,8.212e-07,1.769,"$CV1,294,35435,1,0,-34.0,-7.5,221.7,0.152370,0.332445,-1.582135*0C"
946,35494,valid,1,0,0,-0.033599,-0.006306,0.219990,0.222630,0.171790,0.343903,-1.588281,-0.051551 0.993511 0.101383 -0.946463 -0.016210 -0.322406 -0.318670 -0.112576 0.941157,8.888e-07,1.866,
947,35535,valid,1,0,0,-0.033212,-0.005366,0.218786,0.221357,0.186580,0.353237,-1.593244,-0.057878 0.993657 0.096418 -0.941298 -0.022142 -0.336851 -0.332579 -0.110254 0.936608,8.030e-07,1.783,"$CV1,295,35535,1,0,-33.2,-5.4,218.8,0.186580,0.353237,-1.593244*0E"
948,35579,valid,1,0,0,-0.032956,-0.004834,0.217342,0.219880,0.204915,0.369874,-1.594774,-0.062356 0.993623 0.093946 -0.933536 -0.024772 -0.357626 -0.353018 -0.110002 0.929128,7.774e-07,1.751,
949,35613,valid,1,0,0,-0.032855,-0.004613,0.215774,0.218310,0.225857,0.387473,-1.593842,-0.064656 0.993775 0.090724 -0.924514 -0.025432 -0.380298 -0.375624 -0.108465 0.920403,8.868e-07,1.873,
950,35671,valid,1,0,0,-0.032616,-0.004138,0.213755,0.216269,0.242030,0.395890,-1.597666,-0.069627 0.994007 0.084271 -0.918349 -0.030877 -0.394564 -0.389598 -0.104862 0.914996,1.026e-06,2.038,"$CV1,296,35671,1,0,-32.6,-4.1,213.8,0.242030,0.395890,-1.597666*0C"
951,35727,valid,1,0,0,-0.032232,-0.003422,0.212437,0.214896,0.250322,0.392512,-1.605168,-0.075664 0.994280 0.075384 -0.916870 -0.039658 -0.397211 -0.391950 -0.099172 0.914626,8.966e-07,1.918,
952,35774,valid,1,0,0,-0.031996,-0.003105,0.211564,0.213992,0.264989,0.406462,-1.606961,-0.080009 0.994092 0.073349 -0.909415 -0.042669 -0.413695 -0.408121 -0.099804 0.907456,8.984e-07,1.947,"$CV1,297,35774,1,0,-32.0,-3.1,211.6,0.264989,0.406462,-1.606961*04"
953,35809,valid,1,0,0,-0.031837,-0.003066,0.210605,0.213020,0.281142,0.429597,-1.607105,-0.085071 0.993491 0.075752 -0.898777 -0.043700 -0.436222 -0.430072 -0.105194 0.896645,1.309e-06,2.414,
954,35860,valid,1,0,0,-0.031651,-0.002844,0.210309,0.212697,0.293483,0.441786,-1.610183,-0.090478 0.993165 0.073737 -0.891734 -0.047825 -0.450025 -0.443423 -0.106471 0.889966,1.551e-06,2.662,
955,35903,valid,1,0,0,-0.031650,-0.002824,0.209868,0.212260,0.301573,0.451190,-1.610839,-0.093120 0.992940 0.073470 -0.886638 -0.049126 -0.459848 -0.452992 -0.107963 0.884953,1.905e-06,2.963,"$CV1,298,35903,1,0,-31.7,-2.8,209.9,0.301573,0.451190,-1.610839*05"
956,35939,valid,1,0,0,-0.031733,-0.002874,0.209334,0.211745,0.308863,0.451016,-1.611154,-0.092947 0.993309 0.068540 -0.884529 -0.050771 -0.463713 -0.457131 -0.103726 0.883330,1.670e-06,2.795,
957,35986,valid,1,0,0,-0.031783,-0.002541,0.208851,0.211271,0.310794,0.451019,-1.612811,-0.094406 0.993285 0.066874 -0.883887 -0.052720 -0.464719 -0.458073 -0.102981 0.882929,1.657e-06,2.838,
958,36017,valid,1,0,0,-0.031718,-0.001889,0.208115,0.210527,0.312891,0.451494,-1.617422,-0.098782 0.993008 0.064633 -0.882917 -0.057500 -0.465995 -0.459021 -0.103097 0.882423,1.781e-06,2.934,"$CV1,299,36017,1,0,-31.7,-1.9,208.1,0.312891,0.451494,-1.617422*03"
959,36064,valid,1,0,0,-0.031783,-0.001569,0.207688,0.210112,0.313669,0.450007,-1.618975,-0.099816 0.993014 0.062932 -0.883053 -0.059261 -0.465517 -0.458536 -0.102038 0.882799,1.726e-06,2.883,
960,36100,valid,1,0,0,-0.031890,-0.001357,0.207212,0.209656,0.316572,0.448555,-1.619148,-0.099421 0.993223 0.060198 -0.882613 -0.060090 -0.466244 -0.459467 -0.099486 0.882605,1.679e-06,2.850,
961,36135,valid,1,0,0,-0.031862,-0.000977,0.207009,0.209449,0.317179,0.448867,-1.621976,-0.102149 0.993001 0.059277 -0.882197 -0.062893 -0.466661 -0.459667 -0.099963 0.882448,1.949e-06,3.042,"$CV1,300,36135,1,0,-31.9,-1.0,207.0,0.317179,0.448867,-1.621976*01"
962,36180,valid,1,0,0,-0.031909,-0.000770,0.207078,0.209524,0.316815,0.450305,-1.621740,-0.102326 0.992918 0.060356 -0.881890 -0.062478 -0.467298 -0.460217 -0.101044 0.882037,1.874e-06,3.024,
963,36217,valid,1,0,0,-0.031928,-0.000736,0.206983,0.209432,0.317001,0.451774,-1.621228,-0.102217 0.992880 0.061159 -0.881422 -0.061899 -0.468256 -0.461136 -0.101771 0.881474,1.912e-06,3.049,
964,36269,valid,1,0,0,-0.031872,-0.000685,0.206918,0.209360,0.316655,0.447485,-1.622041,-0.101881 0.993054 0.058852 -0.882761 -0.062973 -0.465583 -0.458643 -0.099386 0.883045,1.798e-06,2.940,"$CV1,301,36269,1,0,-31.9,-0.7,206.9,0.316655,0.447485,-1.622041*0D"
965,36316,valid,1,0,0,-0.031831,-0.000667,0.206688,0.209126,0.319187,0.447489,-1.621347,-0.101067 0.993224 0.057366 -0.882042 -0.062783 -0.466970 -0.460204 -0.097795 0.882410,1.764e-06,2.933,
966,36359,valid,1,0,0,-0.031706,-0.000641,0.206587,0.209007,0.321655,0.448718,-1.621588,-0.101466 0.993241 0.056360 -0.880926 -0.063380 -0.468992 -0.462250 -0.097236 0.881402,1.739e-06,2.920,
967,36396,valid,1,0,0,-0.031573,-0.000464,0.206351,0.208753,0.324958,0.453764,-1.621551,-0.102555 0.993096 0.056950 -0.878417 -0.063551 -0.473651 -0.466762 -0.098601 0.878869,1.923e-06,3.089,"$CV1,302,36396,1,0,-31.6,-0.5,206.4,0.324958,0.453764,-1.621551*02"
968,36434,valid,1,0,0,-0.031557,-0.000482,0.206289,0.208690,0.325667,0.448960,-1.620896,-0.100623 0.993456 0.054035 -0.879684 -0.063464 -0.471305 -0.464792 -0.094958 0.880313,1.707e-06,2.941,
969,36480,valid,1,0,0,-0.031591,-0.000581,0.205869,0.208280,0.324113,0.446858,-1.620477,-0.099771 0.993543 0.054011 -0.880802 -0.062938 -0.469283 -0.462853 -0.094393 0.881395,1.594e-06,2.824,
970,36512,valid,1,0,0,-0.031625,-0.000614,0.205855,0.208271,0.321661,0.444430,-1.620132,-0.098962 0.993604 0.054375 -0.882276 -0.062340 -0.466586 -0.460212 -0.094148 0.882803,1.694e-06,2.889,"$CV1,303,36512,1,0,-31.6,-0.6,205.9,0.321661,0.444430,-1.620132*00"
971,36571,valid,1,0,0,-0.031670,-0.000460,0.205526,0.207952,0.323525,0.443096,-1.620864,-0.099195 0.993695 0.052247 -0.882082 -0.063509 -0.466796 -0.460535 -0.092390 0.882820,1.695e-06,2.893,
972,36611,valid,1,0,0,-0.031782,-0.000197,0.205118,0.207566,0.323229,0.440957,-1.621646,-0.099402 0.993735 0.051081 -0.882767 -0.064380 -0.465380 -0.459176 -0.091353 0.883636,1.855e-06,3.044,
973,36668,valid,1,0,0,-0.031882,0.000387,0.204832,0.207298,0.305528,0.425723,-1.626234,-0.100973 0.993464 0.053229 -0.892112 -0.066730 -0.446859 -0.440387 -0.092607 0.893019,1.769e-06,2.940,"$CV1,304,36668,1,0,-31.9,0.4,204.8,0.305528,0.425723,-1.626234*24"
974,36711,valid,1,0,0,-0.031834,0.001570,0.204896,0.207360,0.260808,0.386702,-1.638881,-0.106236 0.992638 0.058173 -0.913942 -0.074433 -0.398960 -0.391693 -0.095551 0.915121,1.303e-06,2.402,
975,36745,valid,1,0,0,-0.031789,0.002041,0.205762,0.208213,0.200366,0.333754,-1.648312,-0.106840 0.992061 0.066330 -0.939721 -0.078958 -0.332701 -0.324822 -0.097877 0.940697,8.332e-07,1.917,
976,36795,valid,1,0,0,-0.032076,0.001458,0.206616,0.209096,0.148040,0.296853,-1.646025,-0.099496 0.991818 0.079984 -0.957274 -0.073475 -0.279692 -0.271527 -0.104395 0.956752,5.610e-07,1.562,"$CV1,305,36795,1,0,-32.1,1.5,206.6,0.148040,0.296853,-1.646025*23"
977,36843,valid,1,0,0,-0.032037,0.001289,0.207542,0.210004,0.094718,0.246636,-1.649925,-0.096446 0.991677 0.085295 -0.973270 -0.076015 -0.216720 -0.208432 -0.103917 0.972501,7.501e-07,1.714,
978,36891,valid,1,0,0,-0.031968,0.001300,0.208886,0.211322,0.049762,0.199269,-1.652170,-0.092975 0.991885 0.086712 -0.984058 -0.078281 -0.159690 -0.151607 -0.100177 0.983351,5.757e-07,1.564,
979,36923,valid,1,0,0,-0.031823,0.001560,0.210296,0.212696,0.024801,0.178848,-1.652515,-0.091182 0.991672 0.090950 -0.988168 -0.078792 -0.131586 -0.123324 -0.101872 0.987124,7.347e-07,1.750,"$CV1,306,36923,1,0,-31.8,1.6,210.3,0.024801,0.178848,-1.652515*24"
980,36976,valid,1,0,0,-0.031568,0.002206,0.211577,0.213930,-0.000508,0.144643,-1.657574,-0.092942 0.991873 0.086888 -0.991931 -0.084683 -0.094348 -0.086223 -0.094955 0.991740,6.794e-07,1.681,
981,37013,valid,1,0,0,-0.031636,0.002185,0.213446,0.215789,-0.027292,0.117125,-1.656048,-0.089198 0.992108 0.088118 -0.994635 -0.084071 -0.060280 -0.052396 -0.093022 0.994284,4.756e-07,1.372,
982,37047,valid,1,0,0,-0.031756,0.001806,0.215420,0.217756,-0.069969,0.077181,-1.653593,-0.084032 0.992190 0.092180 -0.996463 -0.083612 -0.008414 -0.000641 -0.092561 0.995707,5.603e-07,1.491,"$CV1,307,37047,1,0,-31.8,1.8,215.4,-0.069969,0.077181,-1.653593*05"
983,37088,valid,1,0,0,-0.031879,0.001445,0.217057,0.219390,-0.113527,0.034838,-1.650883,-0.079151 0.992311 0.095151 -0.995442 -0.083772 0.045584 0.053204 -0.091109 0.994419,6.375e-07,1.613,
984,37135,valid,1,0,0,-0.031975,0.001167,0.218733,0.221061,-0.145001,0.009345,-1.647986,-0.075163 0.992122 0.100226 -0.993194 -0.083451 0.081244 0.088968 -0.093437 0.991642,7.151e-07,1.737,
985,37167,valid,1,0,0,-0.031935,0.001088,0.220441,0.222745,-0.170844,-0.008768,-1.645714,-0.072133 0.991745 0.106016 -0.990559 -0.083656 0.108605 0.116577 -0.097181 0.988416,1.059e-06,2.098,"$CV1,308,37167,1,0,-31.9,1.1,220.4,-0.170844,-0.008768,-1.645714*2E"
986,37207,valid,1,0,0,-0.031737,0.001558,0.221783,0.224047,-0.193414,-0.028363,-1.646820,-0.072681 0.991391 0.108909 -0.987053 -0.087155 0.134650 0.142983 -0.097712 0.984890,1.370e-06,2.379,
987,37240,valid,1,0,0,-0.031444,0.002041,0.222988,0.225204,-0.229529,-0.049506,-1.646505,-0.071433 0.990250 0.119588 -0.981277 -0.091268 0.169605 0.178866 -0.105234 0.978229,1.739e-06,2.670,
988,37279,valid,1,0,0,-0.031276,0.002223,0.223903,0.226088,-0.271772,-0.074462,-1.643471,-0.067378 0.988997 0.131698 -0.973036 -0.094320 0.210487 0.220592 -0.113964 0.968685,1.955e-06,2.828,"$CV1,309,37279,1,0,-31.3,2.2,223.9,-0.271772,-0.074462,-1.643471*2B"
989,37330,valid,1,0,0,-0.030949,0.002796,0.224706,0.226845,-0.296805,-0.091438,-1.643403,-0.066830 0.988218 0.137690 -0.966844 -0.098227 0.235720 0.246468 -0.117371 0.962017,2.553e-06,3.220,
990,37372,valid,1,0,0,-0.030544,0.003803,0.224751,0.226849,-0.335412,-0.115688,-1.644816,-0.067449 0.986643 0.148279 -0.956173 -0.106364 0.272800 0.284927 -0.123381 0.950575,3.133e-06,3.607,
991,37404,valid,1,0,0,-0.030232,0.004654,0.224944,0.227014,-0.378239,-0.137851,-1.643319,-0.064804 0.984580 0.162491 -0.943749 -0.113379 0.310617 0.324251 -0.133222 0.936543,3.346e-06,3.767,"$CV1,310,37404,1,0,-30.2,4.7,224.9,-0.378239,-0.137851,-1.643319*2A"
992,37438,valid,1,0,0,-0.029952,0.005712,0.225029,0.227086,-0.397223,-0.154398,-1.645077,-0.066590 0.984012 0.165187 -0.936091 -0.118920 0.331046 0.345397 -0.132586 0.929043,4.002e-06,4.132,
993,37484,valid,1,0,0,-0.029571,0.007255,0.224747,0.226800,-0.424262,-0.172526,-1.649397,-0.070481 0.982470 0.172586 -0.925490 -0.128956 0.356145 0.372158 -0.134625 0.918354,4.583e-06,4.465,
994,37523,valid,1,0,0,-0.029366,0.008452,0.224698,0.226766,-0.464318,-0.193895,-1.649720,-0.069759 0.980090 0.185894 -0.910280 -0.138770 0.390043 0.408074 -0.142007 0.901837,4.451e-06,4.446,"$CV1,311,37523,1,0,-29.4,8.5,224.7,-0.464318,-0.193895,-1.649720*2B"
995,37559,valid,1,0,0,-0.029276,0.009053,0.224853,0.226931,-0.483856,-0.198198,-1.648447,-0.067284 0.978365 0.195640 -0.904107 -0.142717 0.402768 0.421975 -0.149780 0.894149,4.855e-06,4.666,
996,37597,valid,1,0,0,-0.029205,0.009880,0.225060,0.227161,-0.474941,-0.200465,-1.653777,-0.073509 0.979103 0.189613 -0.905445 -0.145221 0.398850 0.418051 -0.142365 0.897199,5.714e-06,5.044,
997,37631,valid,1,0,0,-0.029022,0.010701,0.224482,0.226603,-0.494540,-0.219931,-1.656049,-0.076298 0.978531 0.191457 -0.894641 -0.151962 0.420149 0.440223 -0.139229 0.887028,5.833e-06,5.135,"$CV1,312,37631,1,0,-29.0,10.7,224.5,-0.494540,-0.219931,-1.656049*19"
998,37673,valid,1,0,0,-0.029041,0.010740,0.224196,0.226324,-0.528654,-0.240013,-1.649668,-0.069555 0.977206 0.200576 -0.879539 -0.154946 0.449893 0.470716 -0.145121 0.870268,5.356e-06,4.962,
999,37706,valid,1,0,0,-0.029045,0.010648,0.223889,0.226016,-0.552888,-0.250609,-1.644700,-0.063849 0.975843 0.208934 -0.869330 -0.157203 0.468564 0.490090 -0.151716 0.858367,4.977e-06,4.821,
1000,37742,valid,1,0,0,-0.029080,0.010479,0.224316,0.226436,-0.537936,-0.245218,-1.646677,-0.066492 0.976935 0.202920 -0.875421 -0.154701 0.457936 0.478766 -0.147191 0.865516,5.707e-06,5.134,"$CV1,313,37742,1,0,-29.1,10.5,224.3,-0.537936,-0.245218,-1.646677*1E"
1001,37804,valid,1,0,0,-0.029075,0.010491,0.224503,0.226620,-0.516815,-0.237663,-1.650630,-0.071317 0.978292 0.194574 -0.883661 -0.152450 0.442609 0.462663 -0.140372 0.875350,6.260e-06,5.347,
1002,37839,valid,1,0,0,-0.029032,0.010425,0.224574,0.226683,-0.518566,-0.236331,-1.649656,-0.070027 0.978051 0.196244 -0.883615 -0.152116 0.442816 0.462948 -0.142395 0.874873,5.361e-06,4.950,
1003,37889,valid,1,0,0,-0.029023,0.010186,0.224659,0.226755,-0.519514,-0.229429,-1.647082,-0.066523 0.977486 0.200239 -0.885554 -0.150309 0.439548 0.459749 -0.148082 0.875615,5.020e-06,4.789,"$CV1,314,37889,1,0,-29.0,10.2,224.7,-0.519514,-0.229429,-1.647082*10"
1004,37942,valid,1,0,0,-0.028892,0.010479,0.224857,0.226947,-0.511369,-0.225222,-1.650497,-0.070039 0.977673 0.198117 -0.888848 -0.151317 0.432495 0.452817 -0.145804 0.879601,5.862e-06,5.162,
1005,37986,valid,1,0,0,-0.028826,0.010530,0.225016,0.227099,-0.518603,-0.230365,-1.651089,-0.070590 0.977266 0.199918 -0.885223 -0.153752 0.439022 0.459779 -0.145982 0.875952,5.694e-06,5.085,
1006,38016,valid,1,0,0,-0.028994,0.009838,0.224947,0.227021,-0.527113,-0.231930,-1.645050,-0.064162 0.977025 0.203235 -0.882751 -0.150551 0.445067 0.465439 -0.150850 0.872130,5.527e-06,5.022,"$CV1,315,38016,1,0,-29.0,9.8,224.9,-0.527113,-0.231930,-1.645050*23"
1007,38056,valid,1,0,0,-0.029091,0.009625,0.224454,0.226536,-0.529301,-0.239177,-1.644621,-0.064530 0.977579 0.200437 -0.879993 -0.150462 0.450526 0.470583 -0.147310 0.869972,5.891e-06,5.199,
1008,38091,valid,1,0,0,-0.029102,0.009488,0.223806,0.225890,-0.540555,-0.246665,-1.641713,-0.061678 0.977289 0.202735 -0.874563 -0.150800 0.460867 0.480973 -0.148879 0.864002,5.219e-06,4.927,
1009,38130,valid,1,0,0,-0.029197,0.009218,0.224080,0.226162,-0.529814,-0.243718,-1.642110,-0.062710 0.978258 0.197685 -0.878674 -0.148047 0.453888 0.473286 -0.145237 0.868854,5.157e-06,4.880,"$CV1,316,38130,1,0,-29.2,9.2,224.1,-0.529814,-0.243718,-1.642110*26"
1010,38186,valid,1,0,0,-0.029158,0.009356,0.224002,0.226086,-0.515461,-0.239639,-1.645932,-0.067209 0.979157 0.191661 -0.883856 -0.147553 0.443877 0.462906 -0.139568 0.875351,5.760e-06,5.140,
1011,38223,valid,1,0,0,-0.029031,0.009530,0.223975,0.226050,-0.521106,-0.238005,-1.646598,-0.067073 0.978247 0.196301 -0.882620 -0.149921 0.445540 0.465278 -0.143376 0.873476,5.622e-06,5.085,
1012,38271,valid,1,0,0,-0.028981,0.009206,0.224340,0.226392,-0.523734,-0.234379,-1.644049,-0.063866 0.977812 0.199510 -0.883106 -0.148488 0.445056 0.464806 -0.147764 0.872995,5.445e-06,4.999,"$CV1,317,38271,1,0,-29.0,9.2,224.3,-0.523734,-0.234379,-1.644049*2E"
1013,38320,valid,1,0,0,-0.028933,0.008916,0.224423,0.226456,-0.514665,-0.231253,-1.643847,-0.064126 0.978606 0.195495 -0.886688 -0.145760 0.438792 0.457900 -0.145205 0.877065,5.741e-06,5.121,
1014,38375,valid,1,0,0,-0.028885,0.008797,0.223983,0.226010,-0.519045,-0.234839,-1.642415,-0.062815 0.978599 0.195953 -0.884474 -0.145540 0.443310 0.462342 -0.145469 0.874688,5.928e-06,5.223,"$CV1,318,38375,1,0,-28.9,8.8,224.0,-0.519045,-0.234839,-1.642415*28"
1015,38425,valid,1,0,0,-0.028955,0.008589,0.223512,0.225543,-0.531163,-0.242036,-1.639413,-0.059749 0.978189 0.198938 -0.878969 -0.146015 0.453975 0.473122 -0.147736 0.868522,5.555e-06,5.081,
1016,38480,valid,1,0,0,-0.029038,0.008419,0.223588,0.225623,-0.530311,-0.242028,-1.638567,-0.059020 0.978377 0.198231 -0.879287 -0.144967 0.453695 0.472621 -0.147525 0.868830,5.414e-06,5.013,"$CV1,319,38480,1,0,-29.0,8.4,223.6,-0.530311,-0.242028,-1.638567*28"
1017,38526,valid,1,0,0,-0.029134,0.008515,0.223777,0.225826,-0.516173,-0.240046,-1.642808,-0.064194 0.979439 0.191257 -0.883765 -0.144812 0.444960 0.463507 -0.140462 0.874889,5.870e-06,5.185,
1018,38591,valid,1,0,0,-0.029243,0.008494,0.223814,0.225876,-0.516977,-0.234933,-1.642010,-0.062639 0.978899 0.194508 -0.885082 -0.144545 0.442421 0.461200 -0.144443 0.875460,5.328e-06,4.953,"$CV1,320,38591,1,0,-29.2,8.5,223.8,-0.516977,-0.234933,-1.642010*2A"
1019,38630,valid,1,0,0,-0.029521,0.008223,0.223774,0.225862,-0.501176,-0.227823,-1.643199,-0.064322 0.979915 0.188757 -0.891599 -0.141391 0.430187 0.448235 -0.140625 0.882785,4.747e-06,4.649,
1020,38678,valid,1,0,0,-0.029664,0.007955,0.223326,0.225428,-0.476298,-0.215007,-1.645388,-0.067045 0.981258 0.180659 -0.901888 -0.137043 0.409654 0.426734 -0.135469 0.894173,4.637e-06,4.590,
1021,38711,valid,1,0,0,-0.029940,0.007559,0.222614,0.224745,-0.436920,-0.206890,-1.649414,-0.073316 0.984251 0.160858 -0.914031 -0.130837 0.383965 0.398964 -0.118878 0.909228,4.017e-06,4.224,"$CV1,321,38711,1,0,-29.9,7.6,222.6,-0.436920,-0.206890,-1.649414*2A"
1022,38756,valid,1,0,0,-0.030310,0.006579,0.221309,0.223472,-0.405226,-0.194417,-1.648354,-0.073322 0.986336 0.147527 -0.924947 -0.122573 0.359789 0.372956 -0.110074 0.921297,3.229e-06,3.805,
1023,38801,valid,1,0,0,-0.030789,0.005622,0.219426,0.221647,-0.347950,-0.181772,-1.649679,-0.077273 0.989986 0.118135 -0.940514 -0.111701 0.320867 0.330850 -0.086313 0.939728,2.543e-06,3.363,
1024,38840,valid,1,0,0,-0.031230,0.004525,0.216444,0.218732,-0.271686,-0.172840,-1.651202,-0.082296 0.993853 0.074047 -0.956976 -0.099549 0.272555 0.278251 -0.048431 0.959287,1.571e-06,2.667,"$CV1,322,38840,1,0,-31.2,4.5,216.4,-0.271686,-0.172840,-1.651202*26"
1025,38905,valid,1,0,0,-0.031504,0.003370,0.212188,0.214541,-0.190146,-0.166350,-1.650734,-0.084748 0.996099 0.024571 -0.971169 -0.088091 0.221519 0.222819 -0.005089 0.974847,6.561e-07,1.733,
1026,38939,valid,1,0,0,-0.031637,0.002433,0.208133,0.210537,-0.132848,-0.163667,-1.649448,-0.084968 0.996318 -0.011476 -0.979145 -0.081359 0.186160 0.184541 0.027054 0.982452,3.149e-07,1.231,
1027,38988,valid,1,0,0,-0.031811,0.001695,0.205092,0.207552,-0.084206,-0.154016,-1.648692,-0.084299 0.995729 -0.037638 -0.985472 -0.077722 0.151010 0.147440 0.049821 0.987815,2.200e-07,1.023,"$CV1,323,38988,1,0,-31.8,1.7,205.1,-0.084206,-0.154016,-1.648692*26"
1028,39040,valid,1,0,0,-0.032014,0.001129,0.202855,0.205369,-0.028913,-0.126674,-1.647389,-0.081287 0.995029 -0.057534 -0.992127 -0.075262 0.100094 0.095266 0.065217 0.993313,5.955e-07,1.780,
1029,39091,valid,1,0,0,-0.032401,0.000467,0.201284,0.203876,0.002357,-0.096141,-1.643983,-0.075922 0.995322 -0.059750 -0.995502 -0.072257 0.061279 0.056675 0.064133 0.996331,8.970e-07,2.248,"$CV1,324,39091,1,0,-32.4,0.5,201.3,0.002357,-0.096141,-1.643983*05"
1030,39131,valid,1,0,0,-0.032885,-0.000178,0.200676,0.203353,0.024410,-0.054195,-1.639910,-0.069896 0.996357 -0.048853 -0.997409 -0.068966 0.020480 0.017037 0.050158 0.998596,1.047e-06,2.443,
1031,39165,valid,1,0,0,-0.033096,-0.000063,0.200338,0.203053,0.077759,0.023961,-1.638182,-0.066946 0.997105 -0.036060 -0.995624 -0.069121 -0.062896 -0.065207 0.031692 0.997368,1.847e-06,3.232,
1032,39201,valid,1,0,0,-0.033003,0.000840,0.199905,0.202613,0.125375,0.095435,-1.640546,-0.070988 0.997192 -0.023839 -0.987702 -0.073610 -0.137938 -0.139305 0.013753 0.990154,2.171e-06,3.433,"$CV1,325,39201,1,0,-33.0,0.8,199.9,0.125375,0.095435,-1.640546*25"
1033,39229,valid,1,0,0,-0.032890,0.001868,0.200486,0.203175,0.155739,0.150986,-1.642823,-0.076584 0.997009 -0.010428 -0.978406 -0.077161 -0.191750 -0.191981 -0.004482 0.981388,1.428e-06,2.700,
1034,39265,valid,1,0,0,-0.033001,0.002423,0.200474,0.203187,0.191236,0.195281,-1.640602,-0.077846 0.996941 -0.006973 -0.967449 -0.077229 -0.240993 -0.240794 -0.012015 0.970502,8.021e-07,1.983,
1035,39300,valid,1,0,0,-0.033075,0.003207,0.199095,0.201849,0.222649,0.209389,-1.641240,-0.078962 0.996693 -0.019213 -0.959943 -0.081219 -0.268167 -0.268840 -0.002732 0.963181,6.212e-07,1.783,
1036,39334,valid,1,0,0,-0.032918,0.004359,0.196639,0.199422,0.245195,0.202316,-1.646531,-0.082297 0.995852 -0.038807 -0.956834 -0.089844 -0.276401 -0.278741 0.014384 0.960258,6.443e-07,1.814,"$CV1,326,39334,1,0,-32.9,4.4,196.6,0.245195,0.202316,-1.646531*24"
1037,39377,valid,1,0,0,-0.032565,0.005312,0.193731,0.196520,0.262752,0.182179,-1.648860,-0.081432 0.994722 -0.062426 -0.957100 -0.095520 -0.273560 -0.278079 0.037471 0.959827,6.517e-07,1.873,
1038,39412,valid,1,0,0,-0.032187,0.006091,0.191135,0.193922,0.256197,0.146089,-1.652342,-0.081649 0.993455 -0.079876 -0.964030 -0.099062 -0.246645 -0.252943 0.056864 0.965809,9.321e-07,2.345,
1039,39443,valid,1,0,0,-0.031538,0.006488,0.188109,0.190845,0.232739,0.078843,-1.659185,-0.084985 0.990822 -0.105111 -0.976391 -0.103841 -0.189415 -0.198591 0.086532 0.976255,1.751e-06,3.378,"$CV1,327,39443,1,0,-31.5,6.5,188.1,0.232739,0.078843,-1.659185*27"
1040,39500,valid,1,0,0,-0.031150,0.005576,0.185551,0.188231,0.186753,-0.029822,-1.662818,-0.088831 0.986162 -0.139974 -0.990547 -0.102211 -0.091482 -0.104523 0.130525 0.985920,2.999e-06,4.655,
1041,39533,valid,1,0,0,-0.031015,0.003812,0.183555,0.186196,0.132003,-0.147913,-1.661047,-0.095002 0.980100 -0.174296 -0.995476 -0.093249 0.018241 0.001625 0.175240 0.984524,3.993e-06,5.547,
1042,39577,valid,1,0,0,-0.030696,0.001952,0.182564,0.185137,0.091495,-0.257286,-1.655737,-0.103810 0.971741 -0.211995 -0.990251 -0.081077 0.113269 0.092880 0.221687 0.970684,3.029e-06,4.812,"$CV1,328,39577,1,0,-30.7,2.0,182.6,0.091495,-0.257286,-1.655737*0D"
1043,39611,valid,1,0,0,-0.030777,-0.000477,0.183553,0.186116,0.048352,-0.333390,-1.647139,-0.109296 0.967419 -0.228375 -0.980082 -0.066558 0.187106 0.165810 0.244276 0.955425,2.143e-06,3.958,
1044,39644,valid,1,0,0,-0.031068,-0.003003,0.184797,0.187415,0.030618,-0.373776,-1.633684,-0.104817 0.964740 -0.241432 -0.973744 -0.050230 0.222036 0.202080 0.258366 0.944675,1.542e-06,3.188,
1045,39685,valid,1,0,0,-0.030698,-0.004410,0.185128,0.187708,0.037795,-0.401554,-1.623346,-0.101165 0.959484 -0.262977 -0.971436 -0.038235 0.234203 0.214659 0.279158 0.935945,1.356e-06,2.842,"$CV1,329,39685,1,0,-30.7,-4.4,185.1,0.037795,-0.401554,-1.623346*2C"
1046,39734,valid,1,0,0,-0.030268,-0.005452,0.185750,0.188278,0.039830,-0.420867,-1.615200,-0.098024 0.956088 -0.276201 -0.969301 -0.028839 0.244178 0.225491 0.291657 0.929564,1.297e-06,2.752,
1047,39790,valid,1,0,0,-0.029856,-0.005927,0.186173,0.188645,0.040465,-0.430457,-1.610776,-0.096198 0.954405 -0.282589 -0.968142 -0.023777 0.249269 0.231184 0.297566 0.926287,1.620e-06,3.059,"$CV1,330,39790,1,0,-29.9,-5.9,186.2,0.040465,-0.430457,-1.610776*20"
1048,39845,valid,1,0,0,-0.028916,-0.005512,0.185179,0.187504,0.057869,-0.436864,-1.608601,-0.095603 0.949953 -0.297403 -0.969891 -0.021667 0.242573 0.223989 0.311639 0.923423,1.441e-06,2.900,
1049,39885,valid,1,0,0,-0.027905,-0.005212,0.183292,0.185478,0.077936,-0.449906,-1.606922,-0.097181 0.943324 -0.317325 -0.970956 -0.019819 0.238438 0.218635 0.331280 0.917852,1.465e-06,2.958,
1050,39924,valid,1,0,0,-0.026843,-0.004966,0.180676,0.182726,0.092115,-0.468707,-1.605895,-0.101106 0.936267 -0.336425 -0.970241 -0.018009 0.241469 0.220021 0.350827 0.910226,1.668e-06,3.194,"$CV1,331,39924,1,0,-26.8,-5.0,180.7,0.092115,-0.468707,-1.605895*24"
1051,39966,valid,1,0,0,-0.025868,-0.005058,0.177904,0.179846,0.105412,-0.485997,-1.603157,-0.103144 0.929429 -0.354291 -0.969706 -0.014666 0.243835 0.221431 0.368708 0.902786,1.542e-06,3.116,
1052,39999,target_missing,0,,-1,,,,,,,,,,,
1053,40027,target_missing,0,,-1,,,,,,,,,,,"$CV1,332,40027,0,-1,0.0,0.0,0.0,0.000000,0.000000,0.000000*3B"
1054,40072,valid,1,0,0,-0.024370,-0.005997,0.173109,0.174919,0.116083,-0.541199,-1.600081,-0.116737 0.913402 -0.389960 -0.962582 -0.007371 0.270892 0.244559 0.406991 0.880085,2.807e-06,4.212,
1055,40107,valid,1,0,0,-0.023712,-0.005953,0.172078,0.173806,0.134746,-0.550765,-1.598883,-0.118218 0.906042 -0.406341 -0.964079 -0.006706 0.265531 0.237857 0.423135 0.874289,3.384e-06,4.645,
1056,40140,target_missing,0,,-1,,,,,,,,,,,"$CV1,333,40140,0,-1,0.0,0.0,0.0,0.000000,0.000000,0.000000*3A"
1057,40187,target_missing,0,,-1,,,,,,,,,,,
1058,40225,target_missing,0,,-1,,,,,,,,,,,
1059,40262,target_missing,0,,-1,,,,,,,,,,,"$CV1,334,40262,0,-1,0.0,0.0,0.0,0.000000,0.000000,0.000000*3E"
1060,40306,target_missing,0,,-1,,,,,,,,,,,
1061,40345,target_missing,0,,-1,,,,,,,,,,,
1062,40391,valid,1,0,0,-0.020179,-0.004590,0.169152,0.170413,0.159357,-0.579071,-1.601984,-0.129727 0.891259 -0.434543 -0.963114 -0.009061 0.268941 0.235759 0.453404 0.859560,4.089e-06,4.968,"$CV1,335,40391,1,0,-20.2,-4.6,169.2,0.159357,-0.579071,-1.601984*23"
1063,40430,target_missing,0,,-1,,,,,,,,,,,
1064,40466,target_missing,0,,-1,,,,,,,,,,,
1065,40500,target_missing,0,,-1,,,,,,,,,,,"$CV1,336,40500,0,-1,0.0,0.0,0.0,0.000000,0.000000,0.000000*3F"
1066,40535,target_missing,0,,-1,,,,,,,,,,,
1067,40572,target_missing,0,,-1,,,,,,,,,,,
1068,40603,target_missing,0,,-1,,,,,,,,,,,"$CV1,337,40603,0,-1,0.0,0.0,0.0,0.000000,0.000000,0.000000*3E"
1069,40639,target_missing,0,,-1,,,,,,,,,,,
1070,40681,target_missing,0,,-1,,,,,,,,,,,
1071,40709,target_missing,0,,-1,,,,,,,,,,,"$CV1,338,40709,0,-1,0.0,0.0,0.0,0.000000,0.000000,0.000000*3A"
1072,40750,target_missing,0,,-1,,,,,,,,,,,
1073,40791,target_missing,0,,-1,,,,,,,,,,,
1074,40826,target_missing,0,,-1,,,,,,,,,,,"$CV1,339,40826,0,-1,0.0,0.0,0.0,0.000000,0.000000,0.000000*39"
1075,40885,target_missing,0,,-1,,,,,,,,,,,
1076,40923,target_missing,0,,-1,,,,,,,,,,,
1077,40956,valid,1,0,0,-0.027842,0.012580,0.192893,0.195298,0.098137,-0.085726,-1.705838,-0.135804 0.984063 -0.114796 -0.990613 -0.136693 0.000134 -0.015560 0.113737 0.993389,3.791e-06,5.015,"$CV1,340,40956,1,0,-27.8,12.6,192.9,0.098137,-0.085726,-1.705838*30"
1078,40989,valid,1,0,0,-0.028464,0.013114,0.196617,0.199099,0.101372,0.022082,-1.708363,-0.136250 0.989167 -0.054638 -0.987424 -0.140061 -0.073329 -0.080187 0.043960 0.995810,2.792e-06,4.061,
1079,41019,valid,1,0,0,-0.028654,0.013229,0.199907,0.202383,0.088344,0.082206,-1.708775,-0.138719 0.990268 -0.011232 -0.984617 -0.139126 -0.105706 -0.106240 -0.003604 0.994334,1.771e-06,3.071,
1080,41050,valid,1,0,0,-0.028436,0.013644,0.202848,0.205285,0.057202,0.120233,-1.710708,-0.143305 0.989184 0.031293 -0.983836 -0.138957 -0.112946 -0.107376 -0.046973 0.993108,1.177e-06,2.355,
1081,41088,valid,1,0,0,-0.028202,0.013945,0.205271,0.207668,0.020274,0.144170,-1.713025,-0.147700 0.986591 0.069449 -0.984321 -0.139788 -0.107575 -0.096425 -0.084249 0.991768,6.733e-07,1.750,"$CV1,341,41088,1,0,-28.2,13.9,205.3,0.020274,0.144170,-1.713025*16"
1082,41118,valid,1,0,0,-0.028039,0.013686,0.206377,0.208723,-0.008810,0.151418,-1.713175,-0.148498 0.984537 0.092924 -0.985573 -0.139626 -0.095657 -0.081203 -0.105788 0.991068,3.658e-07,1.280,
1083,41156,valid,1,0,0,-0.028157,0.012500,0.206670,0.208953,-0.033078,0.158618,-1.705747,-0.141720 0.983369 0.113584 -0.987451 -0.132357 -0.086149 -0.069683 -0.124368 0.989786,1.447e-07,0.773,
1084,41199,valid,1,0,0,-0.028098,0.011072,0.206181,0.208381,-0.052172,0.160951,-1.698251,-0.134383 0.982631 0.127978 -0.989177 -0.125346 -0.076266 -0.058899 -0.136841 0.988840,2.711e-07,1.044,"$CV1,342,41199,1,0,-28.1,11.1,206.2,-0.052172,0.160951,-1.698251*3C"
1085,41236,valid,1,0,0,-0.027711,0.009815,0.206105,0.208191,-0.093765,0.150796,-1.693029,-0.127709 0.980436 0.149782 -0.991475 -0.122265 -0.045048 -0.025853 -0.154258 0.987692,3.998e-07,1.263,
1086,41266,valid,1,0,0,-0.027267,0.008457,0.206685,0.208647,-0.136781,0.152784,-1.685017,-0.119001 0.976556 0.179381 -0.992894 -0.117190 -0.020700 0.000807 -0.180570 0.983562,4.227e-07,1.366,
1087,41308,valid,1,0,0,-0.026612,0.007447,0.206800,0.208638,-0.165547,0.165449,-1.679837,-0.114222 0.971961 0.205535 -0.993383 -0.114235 -0.011845 0.011967 -0.205528 0.978578,7.252e-07,1.811,"$CV1,343,41308,1,0,-26.6,7.4,206.8,-0.165547,0.165449,-1.679837*05"
1088,41353,valid,1,0,0,-0.025890,0.006929,0.206236,0.207970,-0.175379,0.186120,-1.679569,-0.115761 0.967748 0.223747 -0.993256 -0.114244 -0.019760 0.006440 -0.224526 0.974447,1.014e-06,2.164,
1089,41395,valid,1,0,0,-0.025080,0.007007,0.204901,0.206549,-0.181074,0.209987,-1.682194,-0.120907 0.962998 0.240866 -0.992659 -0.116497 -0.032520 -0.003256 -0.243030 0.970013,1.602e-06,2.737,
1090,41436,valid,1,0,0,-0.024371,0.007584,0.202742,0.204343,-0.201726,0.203490,-1.687229,-0.124286 0.960178 0.250223 -0.992137 -0.124008 -0.016942 0.014763 -0.250361 0.968040,1.377e-06,2.570,"$CV1,344,41436,1,0,-24.4,7.6,202.7,-0.201726,0.203490,-1.687229*06"
1091,41479,valid,1,0,0,-0.023892,0.008246,0.200624,0.202210,-0.216742,0.194791,-1.692459,-0.127789 0.958526 0.254749 -0.991337 -0.131300 -0.003251 0.030332 -0.252957 0.967002,1.267e-06,2.507,
1092,41533,valid,1,0,0,-0.023975,0.008065,0.198785,0.200388,-0.218974,0.190374,-1.691365,-0.126128 0.959014 0.253738 -0.991424 -0.130678 0.001090 0.034204 -0.251425 0.967272,1.033e-06,2.278,
1093,41579,valid,1,0,0,-0.024160,0.007472,0.196986,0.198603,-0.219740,0.185745,-1.688019,-0.122306 0.960036 0.251737 -0.991804 -0.127670 0.005023 0.036962 -0.249059 0.967783,9.866e-07,2.256,"$CV1,345,41579,1,0,-24.2,7.5,197.0,-0.219740,0.185745,-1.688019*01"
1094,41623,valid,1,0,0,-0.024140,0.007038,0.195643,0.197252,-0.234313,0.180659,-1.686119,-0.119248 0.958689 0.258256 -0.991640 -0.127914 0.016954 0.049288 -0.254075 0.965928,1.014e-06,2.310,
1095,41675,valid,1,0,0,-0.023859,0.006842,0.194812,0.196387,-0.252471,0.175028,-1.686266,-0.117943 0.956545 0.266666 -0.990922 -0.130820 0.030988 0.064526 -0.260591 0.963291,1.013e-06,2.323,
1096,41719,valid,1,0,0,-0.023407,0.006689,0.194806,0.196321,-0.258155,0.181033,-1.687077,-0.119075 0.954429 0.273655 -0.990760 -0.132240 0.030109 0.064926 -0.267541 0.961356,1.104e-06,2.431,"$CV1,346,41719,1,0,-23.4,6.7,194.8,-0.258155,0.181033,-1.687077*0D"
1097,41784,valid,1,0,0,-0.023028,0.006125,0.195018,0.196468,-0.264452,0.189476,-1.684941,-0.117568 0.952047 0.282462 -0.991003 -0.130798 0.028377 0.063962 -0.276585 0.958859,1.250e-06,2.581,
1098,41825,valid,1,0,0,-0.022562,0.005723,0.195804,0.197183,-0.269661,0.200025,-1.684943,-0.118491 0.949148 0.291682 -0.991058 -0.131197 0.024322 0.061353 -0.286191 0.956206,1.481e-06,2.796,"$CV1,347,41825,1,0,-22.6,5.7,195.8,-0.269661,0.200025,-1.684943*0F"
1099,41860,valid,1,0,0,-0.022098,0.005166,0.196515,0.197821,-0.298076,0.195911,-1.680777,-0.112364 0.944920 0.307411 -0.990291 -0.131969 0.043681 0.081844 -0.299518 0.950574,1.483e-06,2.804,
1100,41907,valid,1,0,0,-0.021658,0.004577,0.197497,0.198733,-0.319467,0.199291,-1.675403,-0.106215 0.940487 0.322806 -0.989968 -0.130441 0.054301 0.093176 -0.313800 0.944906,1.660e-06,2.951,
1101,41946,valid,1,0,0,-0.021302,0.003937,0.198599,0.199777,-0.336389,0.201574,-1.669751,-0.099888 0.937015 0.334702 -0.989746 -0.128088 0.063211 0.102101 -0.324956 0.940202,1.684e-06,2.965,"$CV1,348,41946,1,0,-21.3,3.9,198.6,-0.336389,0.201574,-1.669751*0F"
1102,41996,valid,1,0,0,-0.020950,0.003422,0.199414,0.200540,-0.348414,0.211407,-1.664922,-0.095571 0.932722 0.347702 -0.990021 -0.125405 0.064279 0.103558 -0.338089 0.935399,2.094e-06,3.311,
1103,42033,valid,1,0,0,-0.020623,0.003236,0.199884,0.200971,-0.360073,0.217751,-1.662808,-0.093515 0.928860 0.358433 -0.989833 -0.125491 0.066956 0.107173 -0.348528 0.931151,2.247e-06,3.438,
1104,42079,valid,1,0,0,-0.020544,0.003192,0.200325,0.201401,-0.355873,0.223276,-1.663599,-0.095287 0.928493 0.358917 -0.990272 -0.125141 0.060828 0.101394 -0.349629 0.931385,2.317e-06,3.479,"$CV1,349,42079,1,0,-20.5,3.2,200.3,-0.355873,0.223276,-1.663599*01"
1105,42112,valid,1,0,0,-0.020537,0.003074,0.200688,0.201759,-0.349006,0.229051,-1.664255,-0.097156 0.928693 0.357897 -0.990848 -0.124113 0.053076 0.093711 -0.349465 0.932251,2.408e-06,3.535,
1106,42151,valid,1,0,0,-0.020588,0.002671,0.200972,0.202041,-0.350259,0.227639,-1.662211,-0.094893 0.928915 0.357929 -0.990944 -0.122457 0.055091 0.095006 -0.349460 0.932122,2.190e-06,3.367,
1107,42195,valid,1,0,0,-0.020730,0.002130,0.201067,0.202144,-0.344124,0.230816,-1.659179,-0.092775 0.929867 0.356006 -0.991730 -0.118144 0.050141 0.088684 -0.348410 0.933137,2.296e-06,3.441,"$CV1,350,42195,1,0,-20.7,2.1,201.1,-0.344124,0.230816,-1.659179*0F"
1108,42232,valid,1,0,0,-0.020822,0.001941,0.200897,0.201983,-0.345322,0.227575,-1.658203,-0.091309 0.930413 0.354957 -0.991640 -0.117587 0.053130 0.091171 -0.347139 0.933372,2.152e-06,3.341,
1109,42269,valid,1,0,0,-0.020842,0.002049,0.201105,0.202192,-0.340636,0.228192,-1.659277,-0.092746 0.931242 0.352401 -0.991799 -0.117661 0.049902 0.087935 -0.344882 0.934518,2.153e-06,3.329,
1110,42305,valid,1,0,0,-0.020951,0.001817,0.201342,0.202437,-0.334750,0.232944,-1.657862,-0.092392 0.931628 0.351474 -0.992412 -0.114917 0.043729 0.081130 -0.344767 0.935176,2.203e-06,3.357,"$CV1,351,42305,1,0,-21.0,1.8,201.3,-0.334750,0.232944,-1.657862*00"
1111,42342,valid,1,0,0,-0.021104,0.001709,0.201361,0.202471,-0.332183,0.237604,-1.657199,-0.092554 0.931218 0.352516 -0.992752 -0.113561 0.039337 0.076663 -0.346320 0.934979,2.222e-06,3.377,
1112,42387,valid,1,0,0,-0.021188,0.002037,0.201283,0.202406,-0.324870,0.241790,-1.660167,-0.096497 0.931669 0.350258 -0.992871 -0.114837 0.031923 0.069964 -0.344681 0.936109,2.319e-06,3.445,
1113,42426,valid,1,0,0,-0.021335,0.002167,0.200960,0.202101,-0.318559,0.239609,-1.660962,-0.097354 0.933493 0.345129 -0.992977 -0.114525 0.029664 0.067217 -0.339817 0.938086,2.177e-06,3.333,"$CV1,352,42426,1,0,-21.3,2.2,201.0,-0.318559,0.239609,-1.660962*01"
1114,42469,valid,1,0,0,-0.021636,0.002098,0.200638,0.201812,-0.306102,0.241065,-1.661191,-0.098532 0.935889 0.338235 -0.993427 -0.112406 0.021628 0.058261 -0.333881 0.940813,2.125e-06,3.282,
1115,42509,valid,1,0,0,-0.021787,0.002017,0.200327,0.201518,-0.304239,0.238222,-1.660380,-0.097450 0.936978 0.335523 -0.993517 -0.111418 0.022586 0.058546 -0.331147 0.941761,2.082e-06,3.261,
1116,42550,valid,1,0,0,-0.021816,0.002001,0.200346,0.201540,-0.308262,0.233984,-1.659375,-0.095644 0.937109 0.335677 -0.993391 -0.111358 0.027833 0.063463 -0.330796 0.941566,1.912e-06,3.123,"$CV1,353,42550,1,0,-21.8,2.0,200.3,-0.308262,0.233984,-1.659375*03"
1117,42608,valid,1,0,0,-0.021921,0.001852,0.200653,0.201855,-0.306375,0.235356,-1.658577,-0.095166 0.937291 0.335304 -0.993572 -0.110180 0.025997 0.061310 -0.330675 0.941751,1.927e-06,3.127,
1118,42654,valid,1,0,0,-0.021998,0.001795,0.200726,0.201936,-0.295907,0.242966,-1.660297,-0.098521 0.937760 0.333015 -0.993861 -0.109652 0.014746 0.050344 -0.329518 0.942806,2.016e-06,3.195,"$CV1,354,42654,1,0,-22.0,1.8,200.7,-0.295907,0.242966,-1.660297*07"
1119,42711,valid,1,0,0,-0.022021,0.001835,0.200797,0.202010,-0.284226,0.248487,-1.663254,-0.102857 0.938810 0.328719 -0.993893 -0.110281 0.003968 0.039977 -0.326303 0.944420,2.153e-06,3.286,
1120,42752,valid,1,0,0,-0.022116,0.001507,0.201269,0.202486,-0.280044,0.248651,-1.663237,-0.103092 0.939660 0.326208 -0.993978 -0.109566 0.001481 0.037133 -0.324091 0.945297,1.977e-06,3.133,
1121,42789,valid,1,0,0,-0.022122,0.000906,0.201630,0.202842,-0.284309,0.246127,-1.659419,-0.098766 0.939633 0.327619 -0.994275 -0.106674 0.006206 0.040780 -0.325131 0.944789,1.835e-06,3.018,"$CV1,355,42789,1,0,-22.1,0.9,201.6,-0.284309,0.246127,-1.659419*01"
1122,42820,valid,1,0,0,-0.022122,0.000504,0.201950,0.203159,-0.283863,0.248486,-1.657238,-0.097006 0.939419 0.328759 -0.994528 -0.104363 0.004761 0.038783 -0.326498 0.944402,1.963e-06,3.117,
1123,42852,valid,1,0,0,-0.022094,0.000480,0.202288,0.203491,-0.282216,0.250748,-1.657977,-0.098149 0.939226 0.328970 -0.994501 -0.104699 0.002210 0.036518 -0.326944 0.944338,2.082e-06,3.208,
1124,42885,valid,1,0,0,-0.022000,0.000588,0.202748,0.203939,-0.281905,0.254179,-1.659255,-0.099922 0.938454 0.330636 -0.994395 -0.105724 -0.000438 0.034545 -0.328826 0.943758,2.176e-06,3.272,
1125,42917,valid,1,0,0,-0.022008,0.000664,0.203191,0.204381,-0.279070,0.255651,-1.660212,-0.101230 0.938660 0.329650 -0.994349 -0.106117 -0.003185 0.031992 -0.328110 0.944098,2.214e-06,3.291,"$CV1,356,42917,1,0,-22.0,0.7,203.2,-0.279070,0.255651,-1.660212*0E"
1126,42948,valid,1,0,0,-0.022147,0.000555,0.203733,0.204934,-0.275718,0.254501,-1.660627,-0.101641 0.939576 0.326904 -0.994353 -0.106032 -0.004411 0.030518 -0.325506 0.945047,2.180e-06,3.249,
1127,42988,valid,1,0,0,-0.022383,0.000203,0.204085,0.205308,-0.264768,0.254726,-1.661056,-0.102666 0.941776 0.320185 -0.994444 -0.104703 -0.010897 0.023262 -0.319525 0.947292,2.119e-06,3.183,
1128,43026,valid,1,0,0,-0.022693,-0.000667,0.204543,0.205799,-0.258773,0.251601,-1.659265,-0.100754 0.943801 0.314782 -0.994693 -0.102185 -0.012000 0.020840 -0.314321 0.949088,1.931e-06,3.023,"$CV1,357,43026,1,0,-22.7,-0.7,204.5,-0.258773,0.251601,-1.659265*23"
1129,43068,valid,1,0,0,-0.022990,-0.001801,0.205415,0.206705,-0.256370,0.247066,-1.658467,-0.099428 0.945270 0.310772 -0.994807 -0.101260 -0.010277 0.021754 -0.310180 0.950429,1.823e-06,2.923,
1130,43104,valid,1,0,0,-0.023510,-0.003956,0.206963,0.208331,-0.242318,0.245664,-1.657205,-0.098665 0.948429 0.301243 -0.995034 -0.098026 -0.017276 0.013144 -0.301451 0.953391,1.864e-06,2.991,
1131,43141,valid,1,0,0,-0.024478,-0.007864,0.209528,0.211099,-0.220720,0.244458,-1.652759,-0.095098 0.953131 0.287224 -0.995467 -0.090766 -0.028393 -0.000992 -0.288622 0.957443,2.241e-06,3.283,"$CV1,358,43141,1,0,-24.5,-7.9,209.5,-0.220720,0.244458,-1.652759*2E"
1132,43190,valid,1,0,0,-0.025766,-0.013089,0.212294,0.214252,-0.205907,0.233269,-1.647057,-0.088519 0.958274 0.271799 -0.996062 -0.083793 -0.028972 -0.004989 -0.273293 0.961918,2.952e-06,3.667,
1133,43232,valid,1,0,0,-0.027246,-0.019962,0.214875,0.217513,-0.196948,0.213514,-1.638896,-0.078195 0.963741 0.255124 -0.996938 -0.075511 -0.020313 -0.000312 -0.255931 0.966695,3.410e-06,3.815,
1134,43293,valid,1,0,0,-0.029171,-0.029848,0.219317,0.223253,-0.157329,0.193723,-1.626261,-0.064608 0.973590 0.218969 -0.997785 -0.059537 -0.029685 -0.015865 -0.220402 0.975280,4.511e-06,4.164,"$CV1,359,43293,1,0,-29.2,-29.8,219.3,-0.157329,0.193723,-1.626261*16"
1135,43339,valid,1,0,0,-0.029894,-0.041870,0.235157,0.240719,0.143264,-0.007306,-1.596242,-0.023628 0.995060 -0.096426 -0.995901 -0.031851 -0.084660 -0.087313 0.094030 0.991733,3.730e-06,3.857,
1136,43383,target_missing,0,,-1,,,,,,,,,,,
1137,43417,target_missing,0,,-1,,,,,,,,,,,"$CV1,360,43417,0,-1,0.0,0.0,0.0,0.000000,0.000000,0.000000*38"
1138,43455,target_missing,0,,-1,,,,,,,,,,,
1139,43499,target_missing,0,,-1,,,,,,,,,,,
1140,43534,target_missing,0,,-1,,,,,,,,,,,"$CV1,361,43534,0,-1,0.0,0.0,0.0,0.000000,0.000000,0.000000*39"
1141,43570,target_missing,0,,-1,,,,,,,,,,,
1142,43610,target_missing,0,,-1,,,,,,,,,,,
1143,43655,target_missing,0,,-1,,,,,,,,,,,"$CV1,362,43655,0,-1,0.0,0.0,0.0,0.000000,0.000000,0.000000*3E"
1144,43699,target_missing,0,,-1,,,,,,,,,,,
1145,43731,target_missing,0,,-1,,,,,,,,,,,
1146,43778,target_missing,0,,-1,,,,,,,,,,,"$CV1,363,43778,0,-1,0.0,0.0,0.0,0.000000,0.000000,0.000000*31"
1147,43828,target_missing,0,,-1,,,,,,,,,,,
1148,43877,target_missing,0,,-1,,,,,,,,,,,
1149,43913,target_missing,0,,-1,,,,,,,,,,,"$CV1,364,43913,0,-1,0.0,0.0,0.0,0.000000,0.000000,0.000000*35"
1150,43959,target_missing,0,,-1,,,,,,,,,,,
1151,43999,target_missing,0,,-1,,,,,,,,,,,
1152,44039,target_missing,0,,-1,,,,,,,,,,,"$CV1,365,44039,0,-1,0.0,0.0,0.0,0.000000,0.000000,0.000000*32"
1153,44091,target_missing,0,,-1,,,,,,,,,,,
1154,44153,target_missing,0,,-1,,,,,,,,,,,"$CV1,366,44153,0,-1,0.0,0.0,0.0,0.000000,0.000000,0.000000*3C"
1155,44204,target_missing,0,,-1,,,,,,,,,,,
1156,44244,target_missing,0,,-1,,,,,,,,,,,
1157,44301,target_missing,0,,-1,,,,,,,,,,,"$CV1,367,44301,0,-1,0.0,0.0,0.0,0.000000,0.000000,0.000000*38"
1158,44338,target_missing,0,,-1,,,,,,,,,,,
1159,44381,target_missing,0,,-1,,,,,,,,,,,
1160,44411,target_missing,0,,-1,,,,,,,,,,,"$CV1,368,44411,0,-1,0.0,0.0,0.0,0.000000,0.000000,0.000000*31"
1161,44456,target_missing,0,,-1,,,,,,,,,,,
1162,44496,target_missing,0,,-1,,,,,,,,,,,
1163,44527,target_missing,0,,-1,,,,,,,,,,,"$CV1,369,44527,0,-1,0.0,0.0,0.0,0.000000,0.000000,0.000000*34"
1164,44569,target_missing,0,,-1,,,,,,,,,,,
1165,44603,valid,1,0,0,-0.025566,-0.045092,0.234070,0.239741,-0.151731,-0.029183,-1.531830,0.040598 0.996277 0.076051 -0.992658 0.031536 0.116775 0.113942 -0.080233 0.990242,1.044e-06,1.929,
1166,44636,valid,1,0,0,-0.024277,-0.033141,0.221657,0.225432,-0.136260,0.070905,-1.570722,0.000091 0.991317 0.131491 -0.999133 -0.005385 0.041290 0.041639 -0.131381 0.990457,2.140e-06,2.860,"$CV1,370,44636,1,0,-24.3,-33.1,221.7,-0.136260,0.070905,-1.570722*1F"
1167,44686,valid,1,0,0,-0.023081,-0.024480,0.218576,0.221151,-0.065418,0.058940,-1.602567,-0.032463 0.996362 0.078791 -0.999458 -0.032786 0.002814 0.005387 -0.078657 0.996887,3.462e-07,1.188,
1168,44722,valid,1,0,0,-0.021705,-0.018653,0.215161,0.217056,-0.038585,0.031451,-1.627548,-0.056887 0.997396 0.044330 -0.998364 -0.057087 0.003241 0.005763 -0.044073 0.999012,3.268e-08,0.392,
1169,44772,valid,1,0,0,-0.020995,-0.016100,0.212353,0.213995,0.015066,0.052273,-1.632335,-0.062313 0.997811 0.022149 -0.997184 -0.061316 -0.043191 -0.041738 -0.024778 0.998821,2.469e-07,1.075,"$CV1,371,44772,1,0,-21.0,-16.1,212.4,0.015066,0.052273,-1.632335*39"
1170,44818,valid,1,0,0,-0.020514,-0.014542,0.209967,0.211467,0.028157,0.066451,-1.635658,-0.066088 0.997567 0.022176 -0.996079 -0.064647 -0.060400 -0.058819 -0.026081 0.997928,2.379e-06,3.396,
1171,44856,valid,1,0,0,-0.019829,-0.013413,0.206683,0.208065,0.049813,0.078988,-1.638660,-0.069478 0.997462 0.015570 -0.994335 -0.067984 -0.081706 -0.080440 -0.021159 0.996535,3.369e-06,4.157,
1172,44902,valid,1,0,0,-0.019152,-0.013025,0.203586,0.204899,0.048287,0.077483,-1.639204,-0.069962 0.997427 0.015629 -0.994454 -0.068503 -0.079801 -0.078525 -0.021125 0.996688,3.195e-06,4.143,"$CV1,372,44902,1,0,-19.2,-13.0,203.6,0.048287,0.077483,-1.639204*3F"
1173,44932,valid,1,0,0,-0.018691,-0.013306,0.200799,0.202106,0.044602,0.082247,-1.636487,-0.067519 0.997496 0.021038 -0.994579 -0.065620 -0.080663 -0.079081 -0.026370 0.996519,4.057e-06,4.749,
1174,44964,valid,1,0,0,-0.018278,-0.014045,0.197284,0.198626,0.044051,0.073264,-1.634592,-0.065209 0.997743 0.016013 -0.995175 -0.063846 -0.074502 -0.073312 -0.020794 0.997092,4.977e-06,5.389,
1175,45015,valid,1,0,0,-0.017941,-0.014538,0.193284,0.194658,0.057269,0.072611,-1.635635,-0.066096 0.997789 0.006967 -0.994481 -0.065303 -0.082112 -0.081476 -0.012356 0.996599,8.403e-06,7.158,"$CV1,373,45015,1,0,-17.9,-14.5,193.3,0.057269,0.072611,-1.635635*30"
1176,45045,valid,1,0,0,-0.017737,-0.015188,0.188609,0.190049,0.102716,0.093327,-1.635347,-0.066179 0.997757 -0.010026 -0.990139 -0.066910 -0.123078 -0.123472 0.001782 0.992346,1.569e-05,10.016,
1177,45077,valid,1,0,0,-0.018143,-0.017501,0.181526,0.183268,0.119385,0.098693,-1.628553,-0.059389 0.998087 -0.017176 -0.988709 -0.061184 -0.136789 -0.137578 0.008858 0.990451,5.044e-05,18.609,
1178,45105,target_missing,0,,-1,,,,,,,,,,,
1179,45138,target_missing,0,,-1,,,,,,,,,,,"$CV1,374,45138,0,-1,0.0,0.0,0.0,0.000000,0.000000,0.000000*33"
1180,45179,target_missing,0,,-1,,,,,,,,,,,
1181,45208,target_missing,0,,-1,,,,,,,,,,,
1182,45240,target_missing,0,,-1,,,,,,,,,,,"$CV1,375,45240,0,-1,0.0,0.0,0.0,0.000000,0.000000,0.000000*3E"
1183,45279,target_missing,0,,-1,,,,,,,,,,,
1184,45310,target_missing,0,,-1,,,,,,,,,,,
1185,45343,target_missing,0,,-1,,,,,,,,,,,"$CV1,376,45343,0,-1,0.0,0.0,0.0,0.000000,0.000000,0.000000*3F"
1186,45382,target_missing,0,,-1,,,,,,,,,,,
1187,45409,valid,1,0,0,-0.016773,-0.014218,0.191081,0.192342,0.137053,0.052722,-1.636889,-0.065142 0.996241 -0.057094 -0.990502 -0.071498 -0.117444 -0.121085 0.048901 0.991437,2.820e-06,4.408,
1188,45444,valid,1,0,0,-0.015794,-0.008419,0.190433,0.191272,0.130327,0.121250,-1.655209,-0.087115 0.996118 -0.012628 -0.983645 -0.088017 -0.157151 -0.157653 -0.001269 0.987494,3.745e-06,5.016,"$CV1,377,45444,1,0,-15.8,-8.4,190.4,0.130327,0.121250,-1.655209*0F"
1189,45487,valid,1,0,0,-0.014555,-0.004149,0.190833,0.191432,0.131782,0.118080,-1.676054,-0.107509 0.994058 -0.017047 -0.981849 -0.108852 -0.155319 -0.156252 0.000039 0.987717,2.883e-06,4.363,
1190,45516,valid,1,0,0,-0.014211,-0.001888,0.192022,0.192557,0.131541,0.158310,-1.682004,-0.116669 0.993152 0.006147 -0.976857 -0.113633 -0.181210 -0.179271 -0.027146 0.983425,3.132e-06,4.478,
1191,45547,valid,1,0,0,-0.014179,-0.001509,0.194069,0.194592,0.106705,0.134771,-1.683327,-0.116530 0.993149 0.008738 -0.981888 -0.113877 -0.151421 -0.149388 -0.026224 0.988431,2.590e-06,4.038,"$CV1,378,45547,1,0,-14.2,-1.5,194.1,0.106705,0.134771,-1.683327*05"
1192,45583,valid,1,0,0,-0.014408,-0.002300,0.194996,0.195541,0.082109,0.117873,-1.679531,-0.111970 0.993593 0.015371 -0.986000 -0.109165 -0.126047 -0.123561 -0.029269 0.991905,2.569e-06,4.019,
1193,45612,valid,1,0,0,-0.014503,-0.003230,0.196317,0.196878,0.037721,0.072594,-1.676171,-0.106604 0.994136 0.018152 -0.991983 -0.105092 -0.070185 -0.067865 -0.025489 0.997369,2.396e-06,3.868,
1194,45643,valid,1,0,0,-0.014263,-0.003325,0.197262,0.197805,0.006916,0.049458,-1.674981,-0.104717 0.994193 0.024794 -0.993924 -0.103774 -0.036695 -0.033909 -0.028486 0.999019,2.060e-06,3.536,
1195,45693,valid,1,0,0,-0.013830,-0.002808,0.198021,0.198523,0.002192,0.052189,-1.675755,-0.105574 0.993973 0.029510 -0.993884 -0.104505 -0.035698 -0.032399 -0.033098 0.998927,1.921e-06,3.382,"$CV1,379,45693,1,0,-13.8,-2.8,198.0,0.002192,0.052189,-1.675755*05"
1196,45728,valid,1,0,0,-0.013134,-0.001546,0.198955,0.199394,0.010256,0.074325,-1.681122,-0.111724 0.993046 0.037122 -0.992447 -0.109596 -0.055112 -0.050660 -0.042999 0.997790,2.153e-06,3.559,
1197,45775,valid,1,0,0,-0.012425,-0.000415,0.200021,0.200407,0.012121,0.085849,-1.686090,-0.117193 0.992200 0.042487 -0.991384 -0.114362 -0.063866 -0.058509 -0.049606 0.997054,2.139e-06,3.528,
1198,45832,valid,1,0,0,-0.011905,0.000075,0.200652,0.201005,0.010608,0.090198,-1.687742,-0.119060 0.991822 0.045972 -0.991073 -0.115917 -0.065868 -0.060000 -0.053404 0.996769,2.132e-06,3.512,"$CV1,380,45832,1,0,-11.9,0.1,200.7,0.010608,0.090198,-1.687742*24"
1199,45872,valid,1,0,0,-0.011700,-0.000136,0.200865,0.201206,-0.004313,0.070136,-1.685583,-0.115982 0.992270 0.044143 -0.992507 -0.114060 -0.043816 -0.038442 -0.048894 0.998064,1.667e-06,3.115,
1200,45926,valid,1,0,0,-0.011630,-0.000024,0.200767,0.201104,-0.008537,0.064466,-1.685051,-0.115224 0.992382 0.043617 -0.992813 -0.113622 -0.037575 -0.032333 -0.047633 0.998341,1.624e-06,3.064,
1201,45972,valid,1,0,0,-0.011728,0.000296,0.200457,0.200800,-0.007840,0.067626,-1.686025,-0.116314 0.992193 0.044988 -0.992609 -0.114545 -0.040088 -0.034622 -0.049318 0.998183,1.783e-06,3.201,"$CV1,381,45972,1,0,-11.7,0.3,200.5,-0.007840,0.067626,-1.686025*0A"
1202,46008,valid,1,0,0,-0.011810,0.000756,0.200592,0.200941,-0.001480,0.079485,-1.687349,-0.118147 0.991850 0.047703 -0.991942 -0.115672 -0.051685 -0.045746 -0.053425 0.997523,1.741e-06,3.155,
1203,46036,valid,1,0,0,-0.011935,0.001113,0.200645,0.201003,0.000262,0.083148,-1.689213,-0.120171 0.991561 0.048634 -0.991544 -0.117464 -0.055158 -0.048980 -0.054851 0.997292,1.880e-06,3.284,
1204,46074,valid,1,0,0,-0.012015,0.001050,0.200350,0.200712,-0.002183,0.073804,-1.687852,-0.118390 0.991955 0.044821 -0.992081 -0.116258 -0.047527 -0.041934 -0.050093 0.997864,1.665e-06,3.100,"$CV1,382,46074,1,0,-12.0,1.0,200.3,-0.002183,0.073804,-1.687852*04"
1205,46120,valid,1,0,0,-0.012050,0.000858,0.200137,0.200501,-0.007754,0.066430,-1.686128,-0.116370 0.992221 0.044225 -0.992625 -0.114663 -0.039351 -0.033974 -0.048478 0.998246,1.811e-06,3.236,
1206,46149,valid,1,0,0,-0.012063,0.000761,0.199799,0.200164,-0.016116,0.051218,-1.685293,-0.114994 0.992527 0.040827 -0.993174 -0.114067 -0.024361 -0.019522 -0.043349 0.998869,1.670e-06,3.113,
1207,46183,valid,1,0,0,-0.011994,0.000938,0.199442,0.199804,-0.018722,0.047136,-1.686260,-0.115827 0.992458 0.040131 -0.993150 -0.115093 -0.020143 -0.015373 -0.042189 0.998991,1.946e-06,3.368,"$CV1,383,46183,1,0,-12.0,0.9,199.4,-0.018722,0.047136,-1.686260*03"
1208,46217,valid,1,0,0,-0.011909,0.001223,0.198883,0.199243,-0.018317,0.043331,-1.687583,-0.117041 0.992415 0.037606 -0.993037 -0.116436 -0.017887 -0.013373 -0.039438 0.999133,2.019e-06,3.446,
1209,46246,valid,1,0,0,-0.011904,0.001511,0.198234,0.198597,-0.016780,0.038962,-1.688904,-0.118252 0.992401 0.034005 -0.992914 -0.117767 -0.015921 -0.011795 -0.035646 0.999295,1.888e-06,3.346,
1210,46286,valid,1,0,0,-0.011944,0.001717,0.197847,0.198215,-0.017519,0.034257,-1.690249,-0.119483 0.992330 0.031715 -0.992800 -0.119143 -0.012392 -0.008519 -0.032968 0.999420,1.927e-06,3.393,"$CV1,384,46286,1,0,-11.9,1.7,197.8,-0.017519,0.034257,-1.690249*0C"
1211,46320,valid,1,0,0,-0.011968,0.001775,0.197935,0.198304,-0.018490,0.032892,-1.690342,-0.119546 0.992327 0.031556 -0.992804 -0.119256 -0.010920 -0.007073 -0.032634 0.999442,1.904e-06,3.374,
1212,46361,valid,1,0,0,-0.011972,0.001601,0.198285,0.198653,-0.019497,0.034801,-1.688902,-0.118150 0.992435 0.033358 -0.992967 -0.117824 -0.011571 -0.007553 -0.034490 0.999376,1.761e-06,3.245,
1213,46399,valid,1,0,0,-0.012033,0.001198,0.198735,0.199102,-0.022986,0.036944,-1.686897,-0.116191 0.992540 0.036947 -0.993205 -0.115863 -0.010905 -0.006543 -0.037963 0.999258,1.684e-06,3.157,"$CV1,385,46399,1,0,-12.0,1.2,198.7,-0.022986,0.036944,-1.686897*04"
1214,46432,valid,1,0,0,-0.012002,0.000893,0.198640,0.199004,-0.025473,0.033494,-1.686219,-0.115434 0.992642 0.036568 -0.993311 -0.115248 -0.007146 -0.002880 -0.037148 0.999306,1.871e-06,3.328,
1215,46464,valid,1,0,0,-0.011910,0.000751,0.198520,0.198878,-0.023126,0.032168,-1.685748,-0.114951 0.992781 0.034240 -0.993364 -0.114755 -0.007644 -0.003660 -0.034891 0.999384,1.773e-06,3.243,
1216,46498,valid,1,0,0,-0.011791,0.000561,0.198076,0.198427,-0.020224,0.030621,-1.684285,-0.113482 0.993043 0.031424 -0.993529 -0.113275 -0.008310 -0.004693 -0.032164 0.999472,1.828e-06,3.302,
1217,46530,valid,1,0,0,-0.011809,0.000451,0.197813,0.198166,-0.019386,0.031112,-1.683866,-0.113078 0.993097 0.031164 -0.993571 -0.112846 -0.009123 -0.005543 -0.031995 0.999473,1.892e-06,3.366,"$CV1,386,46530,1,0,-11.8,0.5,197.8,-0.019386,0.031112,-1.683866*0A"
1218,46562,valid,1,0,0,-0.011825,0.000481,0.197840,0.198194,-0.021240,0.028387,-1.684423,-0.113576 0.993052 0.030777 -0.993526 -0.113437 -0.006236 -0.002701 -0.031286 0.999507,1.949e-06,3.415,
1219,46601,valid,1,0,0,-0.011905,0.000380,0.198017,0.198375,-0.027384,0.020274,-1.684186,-0.113195 0.993118 0.030055 -0.993554 -0.113328 0.002752 0.006139 -0.029550 0.999544,1.816e-06,3.294,
1220,46628,valid,1,0,0,-0.011896,0.000430,0.198393,0.198750,-0.022078,0.027802,-1.683920,-0.113063 0.993104 0.030990 -0.993586 -0.112951 -0.005348 -0.001811 -0.031396 0.999505,1.927e-06,3.386,
1221,46660,valid,1,0,0,-0.011842,0.000553,0.198668,0.199022,-0.020638,0.029692,-1.684683,-0.113859 0.993009 0.031147 -0.993489 -0.113680 -0.007458 -0.003865 -0.031793 0.999487,1.916e-06,3.375,"$CV1,387,46660,1,0,-11.8,0.6,198.7,-0.020638,0.029692,-1.684683*00"
1222,46697,valid,1,0,0,-0.011824,0.000622,0.198618,0.198971,-0.018329,0.031480,-1.685150,-0.114364 0.992965 0.030671 -0.993418 -0.114107 -0.010007 -0.006437 -0.031613 0.999479,2.009e-06,3.460,
1223,46731,valid,1,0,0,-0.011669,0.000730,0.198380,0.198725,-0.015166,0.033019,-1.685540,-0.114791 0.992952 0.029482 -0.993345 -0.114453 -0.012894 -0.009428 -0.030766 0.999482,2.002e-06,3.456,
1224,46781,valid,1,0,0,-0.011599,0.000760,0.198313,0.198653,-0.016438,0.032533,-1.686530,-0.115761 0.992823 0.030027 -0.993243 -0.115452 -0.011836 -0.008284 -0.031194 0.999479,2.081e-06,3.529,"$CV1,388,46781,1,0,-11.6,0.8,198.3,-0.016438,0.032533,-1.686530*09"
1225,46823,valid,1,0,0,-0.011501,0.000572,0.198257,0.198591,-0.020543,0.025686,-1.685893,-0.114996 0.992951 0.028715 -0.993365 -0.114903 -0.004882 -0.001548 -0.029086 0.999576,1.853e-06,3.337,
1226,46886,valid,1,0,0,-0.011473,0.000324,0.198382,0.198713,-0.017884,0.027834,-1.684351,-0.113508 0.993136 0.028234 -0.993526 -0.113329 -0.007849 -0.004596 -0.028943 0.999571,1.807e-06,3.297,"$CV1,389,46886,1,0,-11.5,0.3,198.4,-0.017884,0.027834,-1.684351*08"
1227,46931,valid,1,0,0,-0.011445,0.000032,0.198585,0.198914,-0.015696,0.032401,-1.683076,-0.112330 0.993233 0.029494 -0.993632 -0.112015 -0.012141 -0.008755 -0.030670 0.999491,1.970e-06,3.432,
1228,46966,valid,1,0,0,-0.011358,-0.000069,0.198585,0.198909,-0.016715,0.033306,-1.681818,-0.111094 0.993335 0.030714 -0.993772 -0.110769 -0.012121 -0.008638 -0.031869 0.999455,1.913e-06,3.377,
1229,47002,valid,1,0,0,-0.011286,0.000175,0.198573,0.198894,-0.014096,0.037102,-1.683590,-0.112941 0.993112 0.031204 -0.993522 -0.112479 -0.016198 -0.012577 -0.032831 0.999382,2.024e-06,3.469,"$CV1,390,47002,1,0,-11.3,0.2,198.6,-0.014096,0.037102,-1.683590*09"
1230,47033,valid,1,0,0,-0.011255,0.000360,0.198621,0.198940,-0.013629,0.037421,-1.685087,-0.114436 0.992945 0.031064 -0.993345 -0.113960 -0.016704 -0.013046 -0.032769 0.999378,1.874e-06,3.347,
1231,47068,valid,1,0,0,-0.011291,0.000230,0.198648,0.198969,-0.012997,0.037470,-1.684403,-0.113760 0.993034 0.030684 -0.993416 -0.113275 -0.017100 -0.013505 -0.032428 0.999383,2.185e-06,3.616,
1232,47102,valid,1,0,0,-0.011273,0.000146,0.198687,0.199007,-0.015412,0.032586,-1.683878,-0.113131 0.993145 0.029407 -0.993539 -0.112807 -0.012441 -0.009038 -0.030624 0.999490,2.167e-06,3.597,"$CV1,391,47102,1,0,-11.3,0.1,198.7,-0.015412,0.032586,-1.683878*04"
1233,47136,valid,1,0,0,-0.011271,0.000111,0.198836,0.199156,-0.015019,0.034400,-1.683854,-0.113144 0.993119 0.030218 -0.993524 -0.112769 -0.013872 -0.010369 -0.031592 0.999447,2.045e-06,3.493,
1234,47169,valid,1,0,0,-0.011232,0.000049,0.198761,0.199078,-0.013554,0.035168,-1.683335,-0.112649 0.993191 0.029708 -0.993565 -0.112235 -0.015237 -0.011798 -0.031233 0.999442,2.004e-06,3.455,
1235,47204,valid,1,0,0,-0.011138,0.000050,0.198656,0.198968,-0.011747,0.037667,-1.684169,-0.113535 0.993082 0.029977 -0.993429 -0.113032 -0.017964 -0.014452 -0.031820 0.999389,2.020e-06,3.473,"$CV1,392,47204,1,0,-11.1,0.1,198.7,-0.011747,0.037667,-1.684169*00"
1236,47240,valid,1,0,0,-0.011076,-0.000313,0.198374,0.198683,-0.013771,0.033802,-1.682359,-0.111650 0.993323 0.029057 -0.993688 -0.111276 -0.014194 -0.010866 -0.030459 0.999477,1.972e-06,3.445,
1237,47279,valid,1,0,0,-0.011007,-0.000703,0.198230,0.198537,-0.015740,0.030976,-1.681104,-0.110343 0.993479 0.028701 -0.993862 -0.110064 -0.011148 -0.007917 -0.029755 0.999526,2.121e-06,3.575,
1238,47316,valid,1,0,0,-0.010906,-0.000926,0.198321,0.198622,-0.019585,0.030422,-1.680229,-0.109451 0.993511 0.030920 -0.993979 -0.109238 -0.008498 -0.005065 -0.031664 0.999486,2.084e-06,3.539,"$CV1,393,47316,1,0,-10.9,-0.9,198.3,-0.019585,0.030422,-1.680229*28"
1239,47352,valid,1,0,0,-0.010809,-0.001081,0.198327,0.198625,-0.014023,0.035448,-1.679772,-0.109113 0.993570 0.030226 -0.993960 -0.108696 -0.015099 -0.011717 -0.031691 0.999429,2.075e-06,3.538,
1240,47393,valid,1,0,0,-0.010876,-0.001516,0.198207,0.198511,-0.008633,0.037007,-1.678557,-0.107951 0.993773 0.027608 -0.994024 -0.107442 -0.019304 -0.016217 -0.029527 0.999432,1.972e-06,3.458,
1241,47428,valid,1,0,0,-0.011098,-0.002263,0.198134,0.198458,-0.003124,0.038790,-1.676485,-0.105938 0.994057 0.025061 -0.994152 -0.105350 -0.023723 -0.020942 -0.027428 0.999404,1.703e-06,3.227,"$CV1,394,47428,1,0,-11.1,-2.3,198.1,-0.003124,0.038790,-1.676485*29"
1242,47459,valid,1,0,0,-0.011753,-0.003802,0.198281,0.198665,0.001359,0.039360,-1.672335,-0.101825 0.994548 0.022512 -0.994505 -0.101216 -0.026726 -0.024302 -0.025110 0.999389,1.471e-06,3.013,
1243,47493,valid,1,0,0,-0.012876,-0.006220,0.198505,0.199019,0.008906,0.038343,-1.665792,-0.095284 0.995304 0.017054 -0.995035 -0.094735 -0.030519 -0.028760 -0.019877 0.999389,1.093e-06,2.602,
1244,47525,valid,1,0,0,-0.014533,-0.009200,0.198848,0.199591,0.020893,0.038392,-1.658116,-0.087610 0.996111 0.009359 -0.995477 -0.087200 -0.037717 -0.036754 -0.012621 0.999245,6.590e-07,2.015,
1245,47567,valid,1,0,0,-0.017103,-0.012982,0.199245,0.200399,0.034184,0.044506,-1.648421,-0.078036 0.996940 0.004561 -0.995734 -0.077714 -0.049746 -0.049239 -0.008423 0.998751,5.939e-07,1.890,"$CV1,395,47567,1,0,-17.1,-13.0,199.2,0.034184,0.044506,-1.648421*33"
1246,47617,valid,1,0,0,-0.020242,-0.017393,0.199098,0.200879,0.050537,0.055796,-1.633943,-0.063818 0.997961 0.001175 -0.995716 -0.063595 -0.067117 -0.066905 -0.005454 0.997744,2.499e-07,1.220,
1247,47651,valid,1,0,0,-0.023501,-0.021140,0.197628,0.200140,0.047559,0.046866,-1.622453,-0.052101 0.998640 -0.001993 -0.996860 -0.052128 -0.059613 -0.059635 -0.001119 0.998220,1.409e-08,0.286,
1248,47692,valid,1,0,0,-0.026621,-0.023593,0.194627,0.197851,0.057828,0.042426,-1.619368,-0.048801 0.998745 -0.011287 -0.996784 -0.049418 -0.063089 -0.063568 0.008172 0.997944,3.165e-07,1.340,"$CV1,396,47692,1,0,-26.6,-23.6,194.6,0.057828,0.042426,-1.619368*31"
1249,47722,valid,1,0,0,-0.028408,-0.024445,0.193149,0.196751,0.146522,-0.012596,-1.618361,-0.045636 0.993696 -0.102403 -0.995169 -0.054143 -0.081895 -0.086923 0.098171 0.991366,2.276e-06,3.872,
1250,47755,valid,1,0,0,-0.030396,-0.025238,0.192507,0.196519,0.140474,-0.051434,-1.618649,-0.046847 0.991381 -0.122352 -0.997148 -0.053667 -0.053056 -0.059165 0.119518 0.991068,2.414e-06,3.962,
1251,47797,valid,1,0,0,-0.031396,-0.025990,0.192560,0.196827,0.121950,-0.070882,-1.618442,-0.047817 0.991332 -0.122370 -0.998234 -0.051749 -0.029154 -0.035234 0.120760 0.992056,4.729e-06,5.400,"$CV1,397,47797,1,0,-31.4,-26.0,192.6,0.121950,-0.070882,-1.618442*1B"
1252,47841,valid,1,0,0,-0.031317,-0.026633,0.193050,0.197379,0.103096,-0.082715,-1.617211,-0.047538 0.991933 -0.117514 -0.998746 -0.049051 -0.010014 -0.015697 0.116891 0.993021,5.467e-06,5.711,
1253,47884,valid,1,0,0,-0.030417,-0.026881,0.194384,0.198577,0.109972,-0.067735,-1.615178,-0.044683 0.992618 -0.112756 -0.998573 -0.047683 -0.024053 -0.029252 0.111520 0.993332,5.818e-06,5.894,
1254,47917,valid,1,0,0,-0.028994,-0.026958,0.195501,0.199469,0.113747,-0.049902,-1.612786,-0.041573 0.993686 -0.104206 -0.998228 -0.045753 -0.038046 -0.042574 0.102440 0.993828,4.437e-06,5.161,"$CV1,398,47917,1,0,-29.0,-27.0,195.5,0.113747,-0.049902,-1.612786*11"
1255,47957,valid,1,0,0,-0.027368,-0.026775,0.196691,0.200383,0.129426,-0.026643,-1.611696,-0.039589 0.994208 -0.099919 -0.996967 -0.046007 -0.062770 -0.067003 0.097131 0.993014,3.231e-06,4.471,
1256,47994,valid,1,0,0,-0.025894,-0.026945,0.197754,0.201254,0.127769,-0.018479,-1.610523,-0.038343 0.994853 -0.093790 -0.996743 -0.044741 -0.067088 -0.070939 0.090912 0.993329,2.769e-06,4.155,
1257,48036,valid,1,0,0,-0.024490,-0.027140,0.198889,0.202221,0.125442,-0.009589,-1.608251,-0.036052 0.995578 -0.086747 -0.996541 -0.042318 -0.071514 -0.074869 0.083869 0.993660,2.448e-06,3.890,"$CV1,399,48036,1,0,-24.5,-27.1,198.9,0.125442,-0.009589,-1.608251*11"
1258,48083,valid,1,0,0,-0.023267,-0.027142,0.199328,0.202508,0.119711,-0.005109,-1.607525,-0.035435 0.996143 -0.080274 -0.996633 -0.041166 -0.070909 -0.073940 0.077491 0.994247,2.388e-06,3.806,
1259,48120,valid,1,0,0,-0.022476,-0.027052,0.199391,0.202469,0.105019,0.001584,-1.607962,-0.036162 0.997118 -0.066692 -0.996985 -0.040581 -0.066140 -0.068656 0.064099 0.995579,2.094e-06,3.524,
1260,48171,valid,1,0,0,-0.021959,-0.026658,0.199175,0.202148,0.085403,0.017993,-1.610564,-0.039196 0.998264 -0.043953 -0.997033 -0.041988 -0.064511 -0.066244 0.041294 0.996949,1.848e-06,3.274,"$CV1,400,48171,1,0,-22.0,-26.7,199.2,0.085403,0.017993,-1.610564*39"
1261,48212,valid,1,0,0,-0.021547,-0.025950,0.198822,0.201663,0.069470,0.039198,-1.613171,-0.042399 0.998888 -0.020618 -0.996708 -0.043716 -0.068283 -0.069109 0.017655 0.997453,1.580e-06,3.005,
1262,48256,valid,1,0,0,-0.021042,-0.024834,0.198371,0.201024,0.061128,0.050249,-1.617235,-0.046860 0.998865 -0.008533 -0.996408 -0.047344 -0.070204 -0.070529 0.005213 0.997496,1.763e-06,3.171,
1263,48299,valid,1,0,0,-0.020262,-0.022974,0.197988,0.200344,0.054867,0.042295,-1.624854,-0.054304 0.998478 -0.009611 -0.996626 -0.054791 -0.061110 -0.061544 0.006260 0.998085,2.052e-06,3.434,"$CV1,401,48299,1,0,-20.3,-23.0,198.0,0.054867,0.042295,-1.624854*3B"
1264,48344,valid,1,0,0,-0.019383,-0.020817,0.197672,0.199708,0.051981,0.038757,-1.632766,-0.062139 0.998016 -0.010124 -0.996412 -0.062616 -0.056945 -0.057466 0.006549 0.998326,2.065e-06,3.467,
1265,48387,valid,1,0,0,-0.018439,-0.018749,0.197392,0.199136,0.051163,0.040304,-1.639939,-0.069337 0.997554 -0.008845 -0.995915 -0.069731 -0.057361 -0.057838 0.004832 0.998314,2.441e-06,3.792,
1266,48439,valid,1,0,0,-0.017664,-0.017256,0.197550,0.199087,0.050282,0.044854,-1.644854,-0.074363 0.997215 -0.005649 -0.995425 -0.074568 -0.059732 -0.059987 0.001181 0.998198,2.492e-06,3.856,"$CV1,402,48439,1,0,-17.7,-17.3,197.5,0.050282,0.044854,-1.644854*38"
1267,48484,valid,1,0,0,-0.016776,-0.016162,0.197541,0.198910,0.046088,0.039891,-1.647005,-0.076417 0.997058 -0.005973 -0.995600 -0.076628 -0.053936 -0.054235 0.001825 0.998527,2.678e-06,4.005,
1268,48525,valid,1,0,0,-0.015815,-0.015142,0.197406,0.198616,0.033621,0.031847,-1.647576,-0.076904 0.997035 -0.002703 -0.996186 -0.076950 -0.041145 -0.041231 -0.000471 0.999150,2.656e-06,3.976,
1269,48559,valid,1,0,0,-0.014809,-0.013654,0.197503,0.198528,0.026737,0.033062,-1.650258,-0.079640 0.996821 0.002479 -0.996120 -0.079490 -0.037765 -0.037448 -0.005477 0.999284,2.672e-06,3.988,"$CV1,403,48559,1,0,-14.8,-13.7,197.5,0.026737,0.033062,-1.650258*36"
1270,48602,valid,1,0,0,-0.013761,-0.011522,0.197349,0.198163,0.020510,0.030934,-1.656001,-0.085350 0.996338 0.005169 -0.995836 -0.085138 -0.032604 -0.032045 -0.007931 0.999455,2.654e-06,3.980,
1271,48633,valid,1,0,0,-0.012719,-0.009287,0.197201,0.197829,0.013269,0.027363,-1.664246,-0.093521 0.995588 0.007651 -0.995301 -0.093295 -0.025911 -0.025083 -0.010038 0.999635,3.511e-06,4.597,
1272,48670,valid,1,0,0,-0.011874,-0.007546,0.197267,0.197768,0.015719,0.035039,-1.667537,-0.096932 0.995235 0.010572 -0.994800 -0.096546 -0.032418 -0.031243 -0.013659 0.999418,2.670e-06,4.025,"$CV1,404,48670,1,0,-11.9,-7.5,197.3,0.015719,0.035039,-1.667537*02"
1273,48707,valid,1,0,0,-0.011387,-0.006521,0.197504,0.197939,0.012667,0.035142,-1.669950,-0.099344 0.994973 0.012599 -0.994623 -0.098921 -0.030670 -0.029269 -0.015578 0.999450,2.792e-06,4.127,
1274,48740,valid,1,0,0,-0.011063,-0.005985,0.197966,0.198366,0.008369,0.034301,-1.670092,-0.099476 0.994928 0.014925 -0.994702 -0.099040 -0.027557 -0.025939 -0.017587 0.999509,2.415e-06,3.827,
1275,48785,valid,1,0,0,-0.011004,-0.005767,0.198364,0.198752,0.008309,0.036404,-1.669956,-0.099385 0.994917 0.016218 -0.994678 -0.098890 -0.028904 -0.027153 -0.019005 0.999451,2.282e-06,3.711,"$CV1,405,48785,1,0,-11.0,-5.8,198.4,0.008309,0.036404,-1.669956*03"
1276,48817,valid,1,0,0,-0.010909,-0.005496,0.198269,0.198645,0.006145,0.032070,-1.671286,-0.100623 0.994811 0.015042 -0.994656 -0.100233 -0.024769 -0.023133 -0.017454 0.999580,2.322e-06,3.748,
1277,48866,valid,1,0,0,-0.010740,-0.004999,0.198110,0.198464,0.010409,0.037438,-1.673781,-0.103209 0.994541 0.015385 -0.994234 -0.102700 -0.030847 -0.029099 -0.018480 0.999406,2.467e-06,3.872,
1278,48910,valid,1,0,0,-0.010427,-0.004524,0.197888,0.198214,0.005170,0.030567,-1.676534,-0.105815 0.994277 0.014718 -0.994153 -0.105458 -0.023221 -0.021536 -0.017089 0.999622,2.603e-06,3.980,"$CV1,406,48910,1,0,-10.4,-4.5,197.9,0.005170,0.030567,-1.676534*0C"
1279,48951,valid,1,0,0,-0.009845,-0.003773,0.197252,0.197534,0.011686,0.034436,-1.678551,-0.107884 0.994083 0.012681 -0.993766 -0.107472 -0.029639 -0.028101 -0.015800 0.999480,2.756e-06,4.113,
1280,48991,valid,1,0,0,-0.009228,-0.002854,0.196482,0.196719,0.008032,0.028104,-1.680797,-0.110006 0.993866 0.011313 -0.993689 -0.109722 -0.023304 -0.021920 -0.013806 0.999664,3.092e-06,4.383,
1281,49023,valid,1,0,0,-0.008567,-0.001578,0.195898,0.196092,0.005256,0.024256,-1.683828,-0.112962 0.993540 0.010838 -0.993440 -0.112742 -0.019130 -0.017785 -0.012928 0.999758,2.763e-06,4.153,"$CV1,407,49023,1,0,-8.6,-1.6,195.9,0.005256,0.024256,-1.683828*37"
1282,49065,valid,1,0,0,-0.008057,-0.000147,0.195422,0.195588,0.003207,0.025258,-1.687984,-0.117106 0.993038 0.012737 -0.992974 -0.116860 -0.018598 -0.016980 -0.014826 0.999746,3.059e-06,4.387,
1283,49100,valid,1,0,0,-0.007712,0.001141,0.195049,0.195204,0.001038,0.026199,-1.690654,-0.119772 0.992693 0.014696 -0.992671 -0.119503 -0.017958 -0.016071 -0.016739 0.999731,3.081e-06,4.409,
1284,49131,valid,1,0,0,-0.007609,0.002350,0.195049,0.195211,-0.002575,0.025911,-1.694266,-0.123352 0.992219 0.016882 -0.992272 -0.123092 -0.015667 -0.013468 -0.018684 0.999735,2.897e-06,4.280,"$CV1,408,49131,1,0,-7.6,2.4,195.0,-0.002575,0.025911,-1.694266*33"
1285,49164,valid,1,0,0,-0.007555,0.003452,0.195258,0.195435,0.000548,0.035087,-1.696275,-0.125510 0.991888 0.020154 -0.991873 -0.125029 -0.023591 -0.020880 -0.022951 0.999519,2.783e-06,4.188,
1286,49201,valid,1,0,0,-0.007714,0.004073,0.195530,0.195724,-0.000956,0.039024,-1.698041,-0.127346 0.991582 0.023423 -0.991611 -0.126751 -0.025337 -0.022155 -0.026453 0.999405,2.764e-06,4.171,
1287,49231,valid,1,0,0,-0.007887,0.004293,0.195581,0.195787,0.004267,0.044206,-1.697411,-0.126845 0.991656 0.022993 -0.991509 -0.126089 -0.031819 -0.028655 -0.026834 0.999229,2.265e-06,3.778,"$CV1,409,49231,1,0,-7.9,4.3,195.6,0.004267,0.044206,-1.697411*19"
1288,49281,valid,1,0,0,-0.008212,0.003878,0.195357,0.195568,0.009223,0.046538,-1.695279,-0.124786 0.991959 0.021111 -0.991623 -0.123973 -0.036250 -0.033341 -0.025458 0.999120,2.304e-06,3.824,
1289,49318,valid,1,0,0,-0.008585,0.003145,0.194957,0.195172,0.019659,0.054331,-1.692129,-0.121863 0.992368 0.018829 -0.991532 -0.120859 -0.047508 -0.044869 -0.024459 0.998693,2.246e-06,3.794,
1290,49350,valid,1,0,0,-0.009163,0.001914,0.194554,0.194779,0.049538,0.093311,-1.683777,-0.115067 0.993109 0.022230 -0.989484 -0.112615 -0.090770 -0.087641 -0.032441 0.995624,2.239e-06,3.784,"$CV1,410,49350,1,0,-9.2,1.9,194.6,0.049538,0.093311,-1.683777*13"
1291,49386,valid,1,0,0,-0.010110,0.000017,0.193371,0.193636,0.102846,0.149568,-1.670428,-0.105090 0.994241 0.020985 -0.982154 -0.100457 -0.159004 -0.155980 -0.037320 0.987055,2.017e-06,3.556,
1292,49417,valid,1,0,0,-0.010733,-0.001108,0.191086,0.191390,0.187991,0.216897,-1.655779,-0.095572 0.995404 0.006005 -0.963366 -0.090974 -0.252288 -0.250582 -0.029896 0.967634,7.803e-07,2.172,
1293,49450,valid,1,0,0,-0.011204,-0.001208,0.188645,0.188982,0.252594,0.267729,-1.648903,-0.093412 0.995610 -0.005844 -0.942615 -0.090326 -0.321432 -0.320549 -0.024517 0.946915,2.620e-07,1.298,
1294,49487,valid,1,0,0,-0.011145,-0.000265,0.186940,0.187272,0.295038,0.288553,-1.649633,-0.095315 0.995208 -0.021817 -0.928710 -0.096793 -0.357951 -0.358347 -0.013857 0.933486,4.794e-08,0.536,"$CV1,411,49487,1,0,-11.1,-0.3,186.9,0.295038,0.288553,-1.649633*06"
1295,49520,valid,1,0,0,-0.011267,0.000443,0.186128,0.186469,0.317800,0.304553,-1.650118,-0.097235 0.994876 -0.027700 -0.919442 -0.100447 -0.380180 -0.381015 -0.011498 0.924498,8.162e-10,0.074,
1296,49553,valid,1,0,0,-0.011432,0.001100,0.184891,0.185248,0.335997,0.327015,-1.648472,-0.098655 0.994766 -0.026595 -0.909286 -0.100971 -0.403738 -0.404310 -0.015648 0.914488,6.821e-08,0.658,
1297,49586,valid,1,0,0,-0.011202,0.001646,0.183645,0.183993,0.352682,0.319534,-1.651547,-0.099100 0.994175 -0.042360 -0.906632 -0.107755 -0.407931 -0.410120 -0.002021 0.912029,7.188e-08,0.692,
1298,49618,valid,1,0,0,-0.011237,0.001655,0.182801,0.183153,0.365459,0.323551,-1.650074,-0.097549 0.994064 -0.048167 -0.902264 -0.108758 -0.417242 -0.420004 0.002758 0.907518,1.845e-07,1.098,"$CV1,412,49618,1,0,-11.2,1.7,182.8,0.365459,0.323551,-1.650074*2D"
1299,49654,valid,1,0,0,-0.011244,0.001461,0.181726,0.182080,0.391111,0.338763,-1.644931,-0.093678 0.994064 -0.055320 -0.891315 -0.108493 -0.440213 -0.443602 0.008069 0.896188,2.114e-07,1.225,
1300,49704,valid,1,0,0,-0.011243,0.001486,0.181429,0.181783,0.410730,0.347384,-1.643338,-0.092366 0.993733 -0.062958 -0.883242 -0.110961 -0.455600 -0.459730 0.013525 0.887956,4.491e-07,1.817,
1301,49737,valid,1,0,0,-0.011359,0.001525,0.181155,0.181517,0.426843,0.363200,-1.639086,-0.090281 0.993877 -0.063696 -0.873938 -0.109731 -0.473489 -0.477579 0.012919 0.878494,9.154e-07,2.557,"$CV1,413,49737,1,0,-11.4,1.5,181.2,0.426843,0.363200,-1.639086*2F"
1302,49776,valid,1,0,0,-0.011244,0.001764,0.180707,0.181065,0.438308,0.366480,-1.640461,-0.091338 0.993380 -0.069668 -0.869290 -0.113666 -0.481056 -0.485790 0.016623 0.873918,9.703e-07,2.699,
1303,49813,valid,1,0,0,-0.011061,0.002020,0.180318,0.180668,0.434119,0.364476,-1.644675,-0.095279 0.993054 -0.069033 -0.870916 -0.116745 -0.477364 -0.482107 0.014639 0.875990,6.741e-07,2.235,
1304,49849,valid,1,0,0,-0.011117,0.001741,0.180333,0.180684,0.438800,0.363894,-1.639955,-0.090266 0.993362 -0.071301 -0.869976 -0.113496 -0.479855 -0.484762 0.018715 0.874446,8.694e-07,2.553,"$CV1,414,49849,1,0,-11.1,1.7,180.3,0.438800,0.363894,-1.639955*21"
1305,49887,valid,1,0,0,-0.011163,0.001745,0.180241,0.180595,0.434338,0.373497,-1.640316,-0.093039 0.993656 -0.063172 -0.868350 -0.112022 -0.483135 -0.487147 0.009905 0.873264,9.205e-07,2.637,
1306,49918,valid,1,0,0,-0.010840,0.002585,0.180713,0.181056,0.422605,0.364675,-1.649443,-0.100818 0.992939 -0.062513 -0.874038 -0.118412 -0.471208 -0.475283 0.007132 0.879804,1.081e-06,2.798,
1307,49949,valid,1,0,0,-0.010629,0.003349,0.181322,0.181664,0.377431,0.343242,-1.663527,-0.113420 0.992394 -0.047855 -0.892403 -0.122929 -0.434172 -0.436752 -0.006538 0.899558,5.443e-07,1.913,
1308,49988,valid,1,0,0,-0.010537,0.003730,0.182467,0.182809,0.297776,0.296895,-1.682342,-0.128294 0.991427 -0.024745 -0.923068 -0.128497 -0.362538 -0.362610 -0.023670 0.931641,5.804e-08,0.550,"$CV1,415,49988,1,0,-10.5,3.7,182.5,0.297776,0.296895,-1.682342*24"
1309,50019,valid,1,0,0,-0.010526,0.003324,0.184413,0.184743,0.192745,0.217876,-1.701339,-0.140212 0.990119 -0.002379 -0.957568 -0.136212 -0.253988 -0.251802 -0.033334 0.967204,1.145e-06,2.746,
1310,50056,valid,1,0,0,-0.010667,0.001423,0.187845,0.188153,0.092594,0.122626,-1.706646,-0.138933 0.990258 0.009359 -0.981423 -0.136419 -0.134901 -0.132310 -0.027927 0.990815,2.218e-06,3.883,
1311,50104,valid,1,0,0,-0.010971,-0.001540,0.191753,0.192073,-0.002340,0.010619,-1.701302,-0.130168 0.991462 0.007743 -0.991481 -0.130126 -0.005690 -0.004634 -0.008418 0.999954,1.956e-06,3.595,"$CV1,416,50104,1,0,-11.0,-1.5,191.8,-0.002340,0.010619,-1.701302*2F"
1312,50147,valid,1,0,0,-0.011282,-0.004249,0.195204,0.195576,-0.111703,-0.092969,-1.691872,-0.122086 0.992327 0.019555 -0.984209 -0.123584 0.126723 0.128167 -0.003775 0.991745,4.632e-07,1.583,
1313,50203,valid,1,0,0,-0.011947,-0.006760,0.197651,0.198127,-0.217009,-0.149097,-1.676000,-0.107014 0.992734 0.055023 -0.967432 -0.116736 0.224608 0.229400 -0.029194 0.972894,7.389e-07,1.966,
1314,50237,valid,1,0,0,-0.012140,-0.008027,0.198545,0.199078,-0.256142,-0.181533,-1.668815,-0.101308 0.992982 0.061020 -0.956637 -0.114070 0.268019 0.273099 -0.031222 0.961479,2.211e-06,3.277,"$CV1,417,50237,1,0,-12.1,-8.0,198.5,-0.256142,-0.181533,-1.668815*08"
1315,50291,valid,1,0,0,-0.012057,-0.008027,0.198190,0.198719,-0.292326,-0.221534,-1.668703,-0.104013 0.992665 0.061618 -0.942203 -0.118186 0.313505 0.318488 -0.025448 0.947585,3.378e-06,4.054,
1316,50329,valid,1,0,0,-0.012072,-0.008305,0.198182,0.198723,-0.343368,-0.254669,-1.663120,-0.100050 0.992137 0.075193 -0.924175 -0.120663 0.362409 0.368633 -0.033233 0.928981,4.242e-06,4.740,
1317,50376,valid,1,0,0,-0.012393,-0.008608,0.198444,0.199017,-0.391819,-0.277576,-1.653750,-0.091108 0.991575 0.092082 -0.907171 -0.120782 0.403053 0.410779 -0.046813 0.910532,5.473e-06,5.516,"$CV1,418,50376,1,0,-12.4,-8.6,198.4,-0.391819,-0.277576,-1.653750*01"
1318,50416,valid,1,0,0,-0.012510,-0.008145,0.198436,0.198997,-0.446937,-0.309738,-1.649238,-0.087848 0.990170 0.108842 -0.883211 -0.127954 0.451184 0.460675 -0.056495 0.885769,7.920e-06,6.768,
1319,50466,valid,1,0,0,-0.012519,-0.007360,0.198096,0.198628,-0.516355,-0.343949,-1.643045,-0.082042 0.987675 0.133294 -0.851282 -0.138996 0.505963 0.518255 -0.071961 0.852193,9.177e-06,7.381,
1320,50507,target_missing,0,,-1,,,,,,,,,,,"$CV1,419,50507,0,-1,0.0,0.0,0.0,0.000000,0.000000,0.000000*33"
1321,50541,target_missing,0,,-1,,,,,,,,,,,
1322,50579,target_missing,0,,-1,,,,,,,,,,,
1323,50609,target_missing,0,,-1,,,,,,,,,,,"$CV1,420,50609,0,-1,0.0,0.0,0.0,0.000000,0.000000,0.000000*34"
1324,50639,target_missing,0,,-1,,,,,,,,,,,
1325,50674,target_missing,0,,-1,,,,,,,,,,,
1326,50705,target_missing,0,,-1,,,,,,,,,,,
1327,50753,valid,1,0,0,-0.011553,-0.005308,0.200524,0.200926,-0.565273,-0.356981,-1.640739,-0.077464 0.984556 0.156999 -0.830326 -0.150875 0.536466 0.551868 -0.088803 0.829190,1.109e-05,8.091,"$CV1,421,50753,1,0,-11.6,-5.3,200.5,-0.565273,-0.356981,-1.640739*02"
1328,50808,valid,1,0,0,-0.011721,-0.005586,0.199793,0.200215,-0.516209,-0.339206,-1.650023,-0.087746 0.986611 0.137476 -0.852368 -0.145785 0.502210 0.515528 -0.073114 0.853748,8.977e-06,7.262,
1329,50850,valid,1,0,0,-0.011884,-0.006052,0.199190,0.199636,-0.447432,-0.304122,-1.658460,-0.095649 0.988835 0.114264 -0.883953 -0.137157 0.447007 0.457689 -0.058248 0.887202,5.712e-06,5.707,
1330,50895,valid,1,0,0,-0.011524,-0.005361,0.199221,0.199626,-0.349535,-0.253360,-1.674747,-0.110730 0.990464 0.081980 -0.921892 -0.133178 0.363838 0.371286 -0.035289 0.927848,3.448e-06,4.244,"$CV1,422,50895,1,0,-11.5,-5.4,199.2,-0.349535,-0.253360,-1.674747*06"
1331,50933,valid,1,0,0,-0.010915,-0.003301,0.201595,0.201917,-0.296672,-0.179557,-1.691687,-0.121332 0.988363 0.091743 -0.947083 -0.142943 0.287404 0.297173 -0.052017 0.953406,2.009e-06,3.065,
1332,50981,valid,1,0,0,-0.009714,-0.001183,0.207527,0.207758,-0.281980,-0.064467,-1.711212,-0.133220 0.979696 0.149828 -0.965646 -0.162341 0.202913 0.223116 -0.117649 0.967666,1.795e-06,2.881,
1333,51019,valid,1,0,0,-0.007840,0.000942,0.213780,0.213926,-0.275250,0.067449,-1.731424,-0.153528 0.963137 0.220900 -0.977403 -0.180888 0.109378 0.145304 -0.199115 0.969144,2.568e-06,3.441,"$CV1,423,51019,1,0,-7.8,0.9,213.8,-0.275250,0.067449,-1.731424*36"
1334,51064,valid,1,0,0,-0.005494,0.002381,0.218229,0.218311,-0.276940,0.187862,-1.747399,-0.177613 0.941073 0.287811 -0.980745 -0.193398 0.027134 0.081197 -0.277450 0.957303,4.170e-06,4.243,
1335,51107,valid,1,0,0,-0.003804,0.002228,0.218859,0.218904,-0.342813,0.224288,-1.744587,-0.174818 0.920594 0.349206 -0.978987 -0.200341 0.038053 0.104992 -0.335216 0.936273,3.361e-06,3.832,
1336,51178,valid,1,0,0,-0.003065,0.001705,0.217656,0.217684,-0.362466,0.235521,-1.739331,-0.169753 0.914367 0.367583 -0.979195 -0.198576 0.041761 0.111178 -0.352847 0.929053,2.237e-06,3.137,"$CV1,424,51178,1,0,-3.1,1.7,217.7,-0.362466,0.235521,-1.739331*3B"
1337,51228,valid,1,0,0,-0.003009,0.000445,0.215687,0.215709,-0.381605,0.249193,-1.728585,-0.159794 0.908147 0.386957 -0.980465 -0.191555 0.044675 0.114694 -0.372259 0.921015,2.560e-06,3.401,
1338,51274,valid,1,0,0,-0.003262,-0.000658,0.212852,0.212878,-0.364573,0.269584,-1.724770,-0.160371 0.907947 0.387186 -0.982792 -0.183307 0.022785 0.091662 -0.376869 0.921720,3.010e-06,3.723,
1339,51309,valid,1,0,0,-0.003550,-0.001493,0.209360,0.209395,-0.352604,0.290366,-1.724183,-0.163926 0.905855 0.390582 -0.983816 -0.179161 0.002615 0.072346 -0.383832 0.920564,3.102e-06,3.855,"$CV1,425,51309,1,0,-3.6,-1.5,209.4,-0.352604,0.290366,-1.724183*12"
1340,51354,valid,1,0,0,-0.003867,-0.001825,0.206215,0.206259,-0.330067,0.319461,-1.727798,-0.173897 0.903668 0.391337 -0.983853 -0.176516 -0.029583 0.042344 -0.390162 0.919772,3.864e-06,4.349,
1341,51403,valid,1,0,0,-0.004118,-0.001624,0.202985,0.203034,-0.329962,0.329112,-1.731508,-0.179177 0.900645 0.395896 -0.983089 -0.179389 -0.036829 0.037850 -0.395800 0.917556,3.942e-06,4.488,
1342,51430,valid,1,0,0,-0.004007,-0.000935,0.200738,0.200780,-0.350557,0.318523,-1.735371,-0.179518 0.897425 0.402991 -0.982042 -0.187639 -0.019609 0.058019 -0.399274 0.914994,3.539e-06,4.325,"$CV1,426,51430,1,0,-4.0,-0.9,200.7,-0.350557,0.318523,-1.735371*14"
1343,51471,valid,1,0,0,-0.003806,-0.000773,0.199534,0.199572,-0.366054,0.313080,-1.735068,-0.177130 0.894810 0.409805 -0.981607 -0.190754 -0.007769 0.071220 -0.403644 0.912140,2.771e-06,3.860,
1344,51518,valid,1,0,0,-0.003352,-0.000673,0.199299,0.199328,-0.348834,0.334685,-1.738096,-0.185135 0.893171 0.409843 -0.981498 -0.188794 -0.031926 0.048860 -0.408170 0.911597,3.232e-06,4.166,
1345,51576,valid,1,0,0,-0.002424,-0.000398,0.199784,0.199799,-0.340480,0.357026,-1.743277,-0.194876 0.888544 0.415347 -0.980286 -0.190521 -0.052360 0.032608 -0.417362 0.908155,3.855e-06,4.539,"$CV1,427,51576,1,0,-2.4,-0.4,199.8,-0.340480,0.357026,-1.743277*12"
1346,51606,valid,1,0,0,-0.001527,-0.000454,0.201060,0.201067,-0.331128,0.376960,-1.745265,-0.201392 0.885297 0.419155 -0.979373 -0.189162 -0.071032 0.016404 -0.424814 0.905132,4.092e-06,4.642,
1347,51642,valid,1,0,0,-0.001287,-0.001095,0.201681,0.201688,-0.324315,0.382803,-1.741340,-0.199358 0.886212 0.418192 -0.979894 -0.183754 -0.077727 0.007962 -0.425280 0.905027,4.332e-06,4.780,
1348,51689,valid,1,0,0,-0.001753,-0.001444,0.201067,0.201080,-0.298085,0.385262,-1.740771,-0.201063 0.892731 0.403243 -0.979515 -0.178554 -0.093105 -0.011117 -0.413703 0.910344,4.911e-06,5.059,"$CV1,428,51689,1,0,-1.8,-1.4,201.1,-0.298085,0.385262,-1.740771*13"
1349,51731,valid,1,0,0,-0.003343,-0.001716,0.198983,0.199019,-0.273029,0.362193,-1.739430,-0.196602 0.905379 0.376347 -0.980348 -0.175133 -0.090812 -0.016309 -0.386805 0.922017,3.924e-06,4.485,
1350,51770,valid,1,0,0,-0.005537,-0.001551,0.195109,0.195194,-0.227592,0.319514,-1.742413,-0.193866 0.925406 0.325637 -0.980737 -0.174733 -0.087314 -0.023901 -0.336292 0.941455,2.436e-06,3.609,
1351,51807,valid,1,0,0,-0.007124,-0.000351,0.190270,0.190404,-0.177186,0.269819,-1.752283,-0.197449 0.943435 0.266354 -0.979860 -0.181675 -0.082875 -0.029798 -0.277354 0.960306,1.868e-06,3.148,"$CV1,429,51807,1,0,-7.1,-0.4,190.3,-0.177186,0.269819,-1.752283*13"
1352,51870,valid,1,0,0,-0.007994,0.001237,0.185127,0.185303,-0.162959,0.164695,-1.765125,-0.197820 0.959593 0.200120 -0.980052 -0.197603 -0.021263 0.019141 -0.200334 0.979541,1.683e-06,3.090,
1353,51901,valid,1,0,0,-0.007881,0.002395,0.180582,0.180769,-0.136940,0.049750,-1.777925,-0.204341 0.971524 0.119946 -0.976711 -0.210537 0.041355 0.065431 -0.108702 0.991919,1.461e-06,3.056,
1354,51937,valid,1,0,0,-0.006505,0.003009,0.177944,0.178088,-0.106902,-0.049862,-1.788910,-0.215841 0.975369 0.045471 -0.971322 -0.219236 0.092028 0.099730 -0.024303 0.994718,2.345e-06,4.096,"$CV1,430,51937,1,0,-6.5,3.0,177.9,-0.106902,-0.049862,-1.788910*10"
1355,51997,valid,1,0,0,-0.004703,0.003136,0.177867,0.177957,-0.096320,-0.109533,-1.794995,-0.224577 0.974436 0.006250 -0.966446 -0.223547 0.126523 0.124685 0.022374 0.991944,3.003e-06,4.718,
1356,52035,valid,1,0,0,-0.002702,0.002992,0.179398,0.179443,-0.090016,-0.151397,-1.796861,-0.229465 0.973103 -0.020399 -0.962797 -0.223862 0.151350 0.142713 0.054369 0.988270,2.520e-06,4.264,
1357,52071,valid,1,0,0,-0.000968,0.002470,0.182864,0.182883,-0.082443,-0.165556,-1.795062,-0.229074 0.972840 -0.033275 -0.962516 -0.221279 0.156843 0.145220 0.067957 0.987063,2.192e-06,3.944,"$CV1,431,52071,1,0,-1.0,2.5,182.9,-0.082443,-0.165556,-1.795062*15"
1358,52106,valid,1,0,0,0.000306,0.001608,0.187346,0.187353,-0.080096,-0.161716,-1.789850,-0.223724 0.974085 -0.033248 -0.964270 -0.216246 0.153041 0.141885 0.066299 0.987660,2.229e-06,3.864,
1359,52145,valid,1,0,0,0.001195,0.000927,0.191116,0.191122,-0.078704,-0.155603,-1.784400,-0.217930 0.975461 -0.031343 -0.966163 -0.211090 0.148224 0.137970 0.062585 0.988457,1.200e-06,2.752,
1360,52189,valid,1,0,0,0.001676,0.000348,0.193687,0.193694,-0.102069,-0.163848,-1.781008,-0.214900 0.976427 -0.020203 -0.963724 -0.208661 0.166424 0.158285 0.055235 0.985847,9.615e-07,2.393,"$CV1,432,52189,1,0,1.7,0.3,193.7,-0.102069,-0.163848,-1.781008*38"
1361,52229,valid,1,0,0,0.001705,-0.000170,0.194289,0.194297,-0.121672,-0.181217,-1.776457,-0.211648 0.977203 -0.016697 -0.960447 -0.204795 0.188684 0.180963 0.055972 0.981896,9.181e-07,2.273,
1362,52263,valid,1,0,0,0.001594,-0.000365,0.193411,0.193418,-0.114958,-0.194520,-1.775368,-0.212127 0.976825 -0.028539 -0.959830 -0.202770 0.193934 0.183652 0.068532 0.980599,9.124e-07,2.230,
1363,52310,valid,1,0,0,0.001385,-0.000236,0.191698,0.191703,-0.103144,-0.210121,-1.778102,-0.216773 0.975200 -0.044658 -0.958748 -0.204054 0.197900 0.183879 0.085715 0.979204,8.196e-07,2.137,"$CV1,433,52310,1,0,1.4,-0.2,191.7,-0.103144,-0.210121,-1.778102*15"
1364,52363,valid,1,0,0,0.000939,-0.000256,0.189295,0.189298,-0.096204,-0.228142,-1.778422,-0.219380 0.973856 -0.058967 -0.957206 -0.203149 0.206124 0.188756 0.101663 0.976747,8.794e-07,2.217,
1365,52407,valid,1,0,0,0.000639,-0.000291,0.186305,0.186307,-0.093668,-0.258639,-1.780181,-0.225155 0.971303 -0.076655 -0.952958 -0.203150 0.224946 0.202918 0.123696 0.971351,1.053e-06,2.441,
1366,52447,valid,1,0,0,0.000581,-0.000383,0.182879,0.182880,-0.089593,-0.295479,-1.781443,-0.231956 0.967721 -0.098553 -0.947718 -0.202003 0.247033 0.219151 0.150702 0.963982,1.160e-06,2.553,"$CV1,434,52447,1,0,0.6,-0.4,182.9,-0.089593,-0.295479,-1.781443*10"
1367,52511,valid,1,0,0,0.000662,-0.000892,0.179940,0.179944,-0.086191,-0.327715,-1.780992,-0.236984 0.964371 -0.117587 -0.943062 -0.199275 0.266314 0.233394 0.174004 0.956687,1.098e-06,2.486,
1368,52541,target_missing,0,,-1,,,,,,,,,,,
1369,52591,target_missing,0,,-1,,,,,,,,,,,"$CV1,435,52591,0,-1,0.0,0.0,0.0,0.000000,0.000000,0.000000*30"
1370,52625,target_missing,0,,-1,,,,,,,,,,,
1371,52667,target_missing,0,,-1,,,,,,,,,,,
1372,52713,target_missing,0,,-1,,,,,,,,,,,"$CV1,436,52713,0,-1,0.0,0.0,0.0,0.000000,0.000000,0.000000*3B"
1373,52756,valid,1,0,0,-0.001315,-0.010417,0.181011,0.181315,-0.135288,-0.399049,-1.751933,-0.222115 0.966864 -0.125854 -0.925992 -0.168765 0.337724 0.305294 0.191553 0.932793,6.177e-07,1.821,
1374,52803,valid,1,0,0,-0.002624,-0.013259,0.187180,0.187668,-0.134442,-0.348024,-1.749778,-0.209715 0.972584 -0.100496 -0.937018 -0.170550 0.304812 0.279316 0.158091 0.947096,2.891e-07,1.317,
1375,52853,valid,1,0,0,-0.004201,-0.018269,0.193247,0.194154,-0.103369,-0.282679,-1.742693,-0.192325 0.977394 -0.087818 -0.955038 -0.165845 0.245758 0.225638 0.131135 0.965345,5.919e-07,1.658,"$CV1,437,52853,1,0,-4.2,-18.3,193.2,-0.103369,-0.282679,-1.742693*06"
1376,52906,valid,1,0,0,-0.006110,-0.026310,0.197990,0.199824,-0.067633,-0.228708,-1.732466,-0.175310 0.980956 -0.083616 -0.969049 -0.156939 0.190561 0.173809 0.114436 0.978108,1.820e-06,2.875,
1377,52940,valid,1,0,0,-0.006287,-0.034886,0.198737,0.201874,-0.008247,-0.357541,-1.697297,-0.163013 0.966561 -0.197958 -0.964281 -0.113623 0.239274 0.208780 0.229892 0.950558,1.432e-05,7.936,
1378,52989,valid,1,0,0,-0.008092,-0.041487,0.203891,0.208227,-0.153866,-0.405588,-1.673071,-0.147776 0.980165 -0.132056 -0.931827 -0.093237 0.350720 0.331451 0.174882 0.927123,5.428e-05,15.831,"$CV1,438,52989,1,0,-8.1,-41.5,203.9,-0.153866,-0.405588,-1.673071*07"
1379,53035,target_missing,0,,-1,,,,,,,,,,,
1380,53070,target_missing,0,,-1,,,,,,,,,,,
1381,53099,target_missing,0,,-1,,,,,,,,,,,"$CV1,439,53099,0,-1,0.0,0.0,0.0,0.000000,0.000000,0.000000*30"
1382,53126,target_missing,0,,-1,,,,,,,,,,,
1383,53163,target_missing,0,,-1,,,,,,,,,,,
1384,53194,target_missing,0,,-1,,,,,,,,,,,
1385,53224,target_missing,0,,-1,,,,,,,,,,,"$CV1,440,53224,0,-1,0.0,0.0,0.0,0.000000,0.000000,0.000000*3A"
1386,53268,target_missing,0,,-1,,,,,,,,,,,
1387,53298,target_missing,0,,-1,,,,,,,,,,,
1388,53325,target_missing,0,,-1,,,,,,,,,,,"$CV1,441,53325,0,-1,0.0,0.0,0.0,0.000000,0.000000,0.000000*3B"
1389,53359,target_missing,0,,-1,,,,,,,,,,,
1390,53391,target_missing,0,,-1,,,,,,,,,,,
1391,53427,target_missing,0,,-1,,,,,,,,,,,"$CV1,442,53427,0,-1,0.0,0.0,0.0,0.000000,0.000000,0.000000*3D"
1392,53460,target_missing,0,,-1,,,,,,,,,,,
1393,53493,target_missing,0,,-1,,,,,,,,,,,
1394,53522,target_missing,0,,-1,,,,,,,,,,,
1395,53561,target_missing,0,,-1,,,,,,,,,,,"$CV1,443,53561,0,-1,0.0,0.0,0.0,0.000000,0.000000,0.000000*3F"
1396,53605,target_missing,0,,-1,,,,,,,,,,,
1397,53658,target_missing,0,,-1,,,,,,,,,,,
1398,53694,target_missing,0,,-1,,,,,,,,,,,"$CV1,444,53694,0,-1,0.0,0.0,0.0,0.000000,0.000000,0.000000*31"
1399,53745,target_missing,0,,-1,,,,,,,,,,,
1400,53780,target_missing,0,,-1,,,,,,,,,,,
1401,53804,target_missing,0,,-1,,,,,,,,,,,"$CV1,445,53804,0,-1,0.0,0.0,0.0,0.000000,0.000000,0.000000*37"
1402,53829,target_missing,0,,-1,,,,,,,,,,,
1403,53863,target_missing,0,,-1,,,,,,,,,,,
1404,53893,target_missing,0,,-1,,,,,,,,,,,
1405,53930,target_missing,0,,-1,,,,,,,,,,,"$CV1,446,53930,0,-1,0.0,0.0,0.0,0.000000,0.000000,0.000000*32"
1406,53968,target_missing,0,,-1,,,,,,,,,,,
1407,53995,target_missing,0,,-1,,,,,,,,,,,
1408,54020,target_missing,0,,-1,,,,,,,,,,,
1409,54055,target_missing,0,,-1,,,,,,,,,,,"$CV1,447,54055,0,-1,0.0,0.0,0.0,0.000000,0.000000,0.000000*3E"
1410,54087,target_missing,0,,-1,,,,,,,,,,,
1411,54117,target_missing,0,,-1,,,,,,,,,,,
1412,54152,target_missing,0,,-1,,,,,,,,,,,
1413,54186,valid,1,0,0,-0.007670,-0.023799,0.198197,0.199768,0.103294,0.006108,-1.603373,-0.031622 0.997534 -0.062660 -0.997028 -0.035889 -0.068177 -0.070258 0.060318 0.995704,6.831e-06,6.349,"$CV1,448,54186,1,0,-7.7,-23.8,198.2,0.103294,0.006108,-1.603373*04"
1414,54226,valid,1,0,0,-0.005137,-0.013352,0.198433,0.198948,0.047050,0.025732,-1.638760,-0.067906 0.997579 -0.014996 -0.996616 -0.068523 -0.045391 -0.046309 0.011863 0.998857,3.985e-06,4.951,
1415,54282,valid,1,0,0,-0.003042,-0.006237,0.197467,0.197589,0.017567,0.016763,-1.661918,-0.091050 0.995845 -0.001488 -0.995613 -0.091061 -0.021529 -0.021575 -0.000479 0.999767,3.840e-06,4.894,
1416,54313,valid,1,0,0,-0.001766,-0.001994,0.196117,0.196135,0.003824,0.005141,-1.673811,-0.102839 0.994698 0.000536 -0.994682 -0.102835 -0.005660 -0.005575 -0.001115 0.999984,4.307e-06,5.222,"$CV1,449,54313,1,0,-1.8,-2.0,196.1,0.003824,0.005141,-1.673811*32"
1417,54347,valid,1,0,0,-0.000947,0.001105,0.195473,0.195479,0.012551,0.016543,-1.684614,-0.113638 0.993521 0.001459 -0.993358 -0.113592 -0.018336 -0.018052 -0.003533 0.999831,3.534e-06,4.771,
1418,54390,valid,1,0,0,-0.000535,0.002552,0.195263,0.195281,0.020996,0.032628,-1.691069,-0.120252 0.992730 0.005245 -0.992193 -0.120008 -0.033929 -0.033052 -0.009284 0.999410,3.239e-06,4.588,
1419,54424,valid,1,0,0,-0.000722,0.002102,0.195314,0.195327,0.026763,0.044912,-1.688974,-0.118425 0.992925 0.008681 -0.991983 -0.117916 -0.045445 -0.044100 -0.013993 0.998929,2.712e-06,4.208,"$CV1,450,54424,1,0,-0.7,2.1,195.3,0.026763,0.044912,-1.688974*1C"
1420,54471,valid,1,0,0,-0.001316,0.000218,0.195707,0.195711,0.020834,0.040840,-1.683079,-0.112497 0.993598 0.010339 -0.992930 -0.112012 -0.039274 -0.037864 -0.014684 0.999175,2.738e-06,4.231,
1421,54506,valid,1,0,0,-0.001911,-0.002324,0.195584,0.195607,0.006105,0.014181,-1.675166,-0.104236 0.994543 0.004395 -0.994475 -0.104171 -0.012971 -0.012443 -0.005722 0.999906,2.998e-06,4.437,
1422,54537,valid,1,0,0,-0.002199,-0.004027,0.194825,0.194879,0.001951,-0.004846,-1.669673,-0.098723 0.995106 -0.004172 -0.995114 -0.098715 0.002026 0.001604 0.004352 0.999989,2.514e-06,4.061,"$CV1,451,54537,1,0,-2.2,-4.0,194.8,0.001951,-0.004846,-1.669673*1D"
1423,54589,valid,1,0,0,-0.002468,-0.005060,0.194260,0.194342,0.012370,0.000357,-1.669176,-0.098207 0.995134 -0.007926 -0.995131 -0.098267 -0.007609 -0.008351 0.007140 0.999940,2.900e-06,4.380,
1424,54629,valid,1,0,0,-0.002744,-0.005876,0.194005,0.194113,0.030164,0.023499,-1.668045,-0.097173 0.995250 -0.005820 -0.994692 -0.097314 -0.033446 -0.033854 0.002539 0.999424,3.467e-06,4.805,
1425,54667,valid,1,0,0,-0.002917,-0.006519,0.193908,0.194040,0.034717,0.029739,-1.667695,-0.096896 0.995282 -0.005086 -0.994467 -0.097022 -0.040264 -0.040568 0.001157 0.999176,3.727e-06,4.978,"$CV1,452,54667,1,0,-2.9,-6.5,193.9,0.034717,0.029739,-1.667695*3B"
1426,54721,valid,1,0,0,-0.003117,-0.007274,0.193971,0.194133,0.028199,0.023168,-1.664407,-0.093559 0.995603 -0.004669 -0.995087 -0.093661 -0.032082 -0.032379 0.001644 0.999474,2.796e-06,4.310,
1427,54757,valid,1,0,0,-0.003349,-0.008337,0.194167,0.194375,0.024207,0.014785,-1.660865,-0.089956 0.995921 -0.007020 -0.995638 -0.090101 -0.024215 -0.024749 0.004811 0.999682,3.247e-06,4.626,
1428,54803,valid,1,0,0,-0.003460,-0.008793,0.194291,0.194521,0.022769,0.010011,-1.659863,-0.088930 0.995998 -0.008930 -0.995818 -0.089095 -0.020229 -0.020943 0.007094 0.999755,3.455e-06,4.751,"$CV1,453,54803,1,0,-3.5,-8.8,194.3,0.022769,0.010011,-1.659863*36"
1429,54841,valid,1,0,0,-0.003566,-0.008807,0.194575,0.194807,0.027790,0.019767,-1.661014,-0.090139 0.995909 -0.006387 -0.995475 -0.090290 -0.029630 -0.030085 0.003688 0.999541,3.414e-06,4.724,
1430,54885,valid,1,0,0,-0.003770,-0.009096,0.194793,0.195042,0.034530,0.028674,-1.659289,-0.088511 0.996060 -0.005439 -0.995278 -0.088657 -0.039525 -0.039851 0.001915 0.999204,2.958e-06,4.399,
1431,54914,valid,1,0,0,-0.004104,-0.009674,0.195218,0.195501,0.039535,0.036924,-1.657655,-0.087011 0.996200 -0.003735 -0.995046 -0.087089 -0.047946 -0.048089 -0.000455 0.998843,3.030e-06,4.447,"$CV1,454,54914,1,0,-4.1,-9.7,195.2,0.039535,0.036924,-1.657655*34"
1432,54963,valid,1,0,0,-0.004694,-0.010730,0.195734,0.196084,0.034014,0.029682,-1.654241,-0.083504 0.996498 -0.004398 -0.995699 -0.083613 -0.039916 -0.040144 0.001046 0.999193,2.576e-06,4.089,
1433,55006,valid,1,0,0,-0.005599,-0.012416,0.196444,0.196916,0.037839,0.032098,-1.648814,-0.078115 0.996930 -0.005334 -0.995967 -0.078274 -0.043847 -0.044130 0.001888 0.999024,2.375e-06,3.915,
1434,55050,valid,1,0,0,-0.006955,-0.014789,0.197373,0.198048,0.042298,0.037362,-1.640754,-0.070158 0.997524 -0.004873 -0.996268 -0.070314 -0.050055 -0.050274 0.001343 0.998735,1.764e-06,3.360,"$CV1,455,55050,1,0,-7.0,-14.8,197.4,0.042298,0.037362,-1.640754*0B"
1435,55091,valid,1,0,0,-0.008768,-0.017843,0.198153,0.199148,0.052045,0.046454,-1.630261,-0.059840 0.998193 -0.005391 -0.996267 -0.060059 -0.062012 -0.062223 0.001661 0.998061,1.331e-06,2.902,
1436,55130,valid,1,0,0,-0.011116,-0.021538,0.199270,0.200739,0.065629,0.062502,-1.617814,-0.047812 0.998849 -0.003917 -0.995569 -0.047972 -0.080874 -0.080968 0.000033 0.996717,1.201e-06,2.729,
1437,55173,valid,1,0,0,-0.014005,-0.025835,0.199724,0.201874,0.066499,0.064990,-1.602369,-0.032486 0.999470 -0.002312 -0.995999 -0.032566 -0.083214 -0.083245 -0.000401 0.996529,3.060e-07,1.348,"$CV1,456,55173,1,0,-14.0,-25.8,199.7,0.066499,0.064990,-1.602369*39"
1438,55214,valid,1,0,0,-0.016750,-0.029582,0.202865,0.205694,0.084565,0.011718,-1.588626,-0.017239 0.998756 -0.046782 -0.997958 -0.020066 -0.060647 -0.061511 0.045641 0.997062,3.669e-06,4.442,
1439,55260,valid,1,0,0,-0.020581,-0.033538,0.207399,0.211099,0.032092,-0.035326,-1.580593,-0.010101 0.999031 -0.042837 -0.999947 -0.010013 0.002271 0.001840 0.042858 0.999079,2.483e-05,10.896,
1440,55305,target_missing,0,,-1,,,,,,,,,,,"$CV1,457,55305,0,-1,0.0,0.0,0.0,0.000000,0.000000,0.000000*38"
1441,55333,target_missing,0,,-1,,,,,,,,,,,
1442,55372,target_missing,0,,-1,,,,,,,,,,,
1443,55404,target_missing,0,,-1,,,,,,,,,,,
1444,55436,target_missing,0,,-1,,,,,,,,,,,"$CV1,458,55436,0,-1,0.0,0.0,0.0,0.000000,0.000000,0.000000*30"
1445,55499,target_missing,0,,-1,,,,,,,,,,,
1446,55528,target_missing,0,,-1,,,,,,,,,,,
1447,55559,target_missing,0,,-1,,,,,,,,,,,"$CV1,459,55559,0,-1,0.0,0.0,0.0,0.000000,0.000000,0.000000*39"
1448,55596,target_missing,0,,-1,,,,,,,,,,,
1449,55626,target_missing,0,,-1,,,,,,,,,,,
1450,55662,target_missing,0,,-1,,,,,,,,,,,"$CV1,460,55662,0,-1,0.0,0.0,0.0,0.000000,0.000000,0.000000*38"
1451,55700,target_missing,0,,-1,,,,,,,,,,,
1452,55739,valid,1,0,0,-0.076940,-0.037405,0.222768,0.238630,-0.033572,0.076875,-1.541252,0.027720 0.997097 0.070912 -0.999205 0.029673 -0.026633 -0.028660 -0.070117 0.997127,7.827e-08,0.552,
1453,55804,valid,1,0,0,-0.076621,-0.034635,0.220375,0.235872,-0.186588,0.086863,-1.558368,0.013001 0.984824 0.173070 -0.997957 0.001953 0.063857 0.062550 -0.173546 0.982837,1.289e-06,2.424,"$CV1,461,55804,1,0,-76.6,-34.6,220.4,-0.186588,0.086863,-1.558368*15"
1454,55852,valid,1,0,0,-0.078964,-0.034097,0.225559,0.241402,-0.115484,-0.027101,-1.548277,0.023412 0.998191 0.055371 -0.995642 0.018280 0.091448 0.090270 -0.057270 0.994269,3.597e-07,1.188,
1455,55886,valid,1,0,0,-0.079901,-0.034676,0.225746,0.241967,-0.104885,-0.053669,-1.547809,0.022990 0.999237 0.031558 -0.994652 0.019682 0.101392 0.100694 -0.033720 0.994346,5.131e-07,1.414,
1456,55918,valid,1,0,0,-0.080318,-0.035565,0.222528,0.239237,-0.133769,-0.059677,-1.546645,0.024516 0.998648 0.045837 -0.992147 0.018680 0.123674 0.122651 -0.048509 0.991264,1.090e-08,0.203,"$CV1,462,55918,1,0,-80.3,-35.6,222.5,-0.133769,-0.059677,-1.546645*36"
1457,55948,valid,1,0,0,-0.080673,-0.036597,0.221570,0.238623,-0.135306,-0.042269,-1.544515,0.027248 0.997950 0.057906 -0.993289 0.020516 0.113822 0.112401 -0.060619 0.991812,2.791e-08,0.343,
1458,55990,valid,1,0,0,-0.081403,-0.037442,0.223744,0.241019,-0.114979,-0.052447,-1.543733,0.027287 0.998885 0.038512 -0.993968 0.023019 0.107224 0.106218 -0.041206 0.993489,2.370e-07,0.981,
1459,56024,valid,1,0,0,-0.081816,-0.038096,0.222454,0.240065,-0.128243,-0.054733,-1.542289,0.028921 0.998554 0.045309 -0.992830 0.023437 0.117211 0.115980 -0.048374 0.992073,2.056e-07,0.927,"$CV1,463,56024,1,0,-81.8,-38.1,222.5,-0.128243,-0.054733,-1.542289*39"
1460,56060,valid,1,0,0,-0.082814,-0.038238,0.222027,0.240034,-0.127404,-0.056549,-1.542334,0.028792 0.998634 0.043612 -0.992759 0.023478 0.117810 0.116625 -0.046688 0.992078,8.553e-08,0.607,
1461,56094,valid,1,0,0,-0.084087,-0.037792,0.221118,0.239566,-0.127216,-0.047177,-1.547143,0.024305 0.998464 0.049781 -0.993576 0.018620 0.111624 0.110525 -0.052175 0.992503,2.521e-07,1.052,
1462,56136,valid,1,0,0,-0.085614,-0.037391,0.220414,0.239395,-0.133073,-0.046544,-1.550697,0.020908 0.998319 0.054056 -0.993280 0.014585 0.114816 0.113834 -0.056094 0.991915,3.065e-07,1.176,"$CV1,464,56136,1,0,-85.6,-37.4,220.4,-0.133073,-0.046544,-1.550697*3D"
1463,56180,valid,1,0,0,-0.087364,-0.037255,0.219758,0.239404,-0.136757,-0.052711,-1.553437,0.018062 0.998454 0.052566 -0.992594 0.011590 0.120922 0.120126 -0.054361 0.991269,1.042e-07,0.692,
1464,56214,valid,1,0,0,-0.089079,-0.037140,0.219408,0.239696,-0.139664,-0.053308,-1.557016,0.014540 0.998424 0.054212 -0.992378 0.007774 0.122988 0.122372 -0.055587 0.990926,1.432e-07,0.812,
1465,56264,valid,1,0,0,-0.089000,-0.037217,0.219983,0.240206,-0.143950,-0.043524,-1.560227,0.011744 0.997923 0.063341 -0.992840 0.004106 0.119383 0.118875 -0.064290 0.990826,2.304e-07,1.027,"$CV1,465,56264,1,0,-89.0,-37.2,220.0,-0.143950,-0.043524,-1.560227*30"
1466,56317,valid,1,0,0,-0.088339,-0.037867,0.220442,0.240484,-0.154468,-0.036358,-1.559148,0.013274 0.997132 0.074505 -0.992576 0.004130 0.121560 0.120903 -0.075565 0.989784,2.468e-07,1.068,
1467,56358,valid,1,0,0,-0.087125,-0.038487,0.220603,0.240287,-0.167416,-0.026937,-1.559159,0.013810 0.995964 0.088686 -0.992306 0.002738 0.123779 0.123037 -0.089713 0.988339,3.078e-07,1.188,
1468,56391,valid,1,0,0,-0.086790,-0.038904,0.220678,0.240301,-0.172061,-0.022183,-1.559422,0.013758 0.995415 0.094658 -0.992319 0.001954 0.123686 0.122934 -0.095633 0.987796,3.706e-07,1.319,"$CV1,466,56391,1,0,-86.8,-38.9,220.7,-0.172061,-0.022183,-1.559422*32"
1469,56425,valid,1,0,0,-0.087988,-0.039497,0.221728,0.241796,-0.153074,-0.026014,-1.557111,0.015475 0.996664 0.080134 -0.993431 0.006238 0.114263 0.113382 -0.081376 0.990213,1.173e-06,2.219,
1470,56456,valid,1,0,0,-0.091129,-0.039828,0.222312,0.243544,-0.129995,-0.039866,-1.558162,0.013575 0.998296 0.056754 -0.994088 0.007359 0.108332 0.107730 -0.057889 0.992493,2.953e-06,3.469,
1471,56495,valid,1,0,0,-0.095165,-0.039790,0.221577,0.244410,-0.128224,-0.058990,-1.565443,0.005665 0.999024 0.043799 -0.992895 0.000413 0.118994 0.118860 -0.044162 0.991928,4.332e-06,4.223,"$CV1,467,56495,1,0,-95.2,-39.8,221.6,-0.128224,-0.058990,-1.565443*3B"
1472,56530,valid,1,0,0,-0.099822,-0.039727,0.222206,0.246816,-0.099010,-0.069594,-1.578449,-0.008325 0.999782 0.019167 -0.994215 -0.010329 0.106909 0.107083 -0.018167 0.994084,5.020e-06,4.533,
1473,56568,target_missing,0,,-1,,,,,,,,,,,
1474,56600,target_missing,0,,-1,,,,,,,,,,,"$CV1,468,56600,0,-1,0.0,0.0,0.0,0.000000,0.000000,0.000000*37"
1475,56629,target_missing,0,,-1,,,,,,,,,,,
1476,56661,target_missing,0,,-1,,,,,,,,,,,
1477,56688,target_missing,0,,-1,,,,,,,,,,,
1478,56718,target_missing,0,,-1,,,,,,,,,,,"$CV1,469,56718,0,-1,0.0,0.0,0.0,0.000000,0.000000,0.000000*3E"
1479,56755,target_missing,0,,-1,,,,,,,,,,,
1480,56793,target_missing,0,,-1,,,,,,,,,,,
1481,56822,target_missing,0,,-1,,,,,,,,,,,"$CV1,470,56822,0,-1,0.0,0.0,0.0,0.000000,0.000000,0.000000*30"
1482,56850,target_missing,0,,-1,,,,,,,,,,,
1483,56885,target_missing,0,,-1,,,,,,,,,,,
1484,56918,target_missing,0,,-1,,,,,,,,,,,
1485,56952,target_missing,0,,-1,,,,,,,,,,,"$CV1,471,56952,0,-1,0.0,0.0,0.0,0.000000,0.000000,0.000000*37"
1486,56991,target_missing,0,,-1,,,,,,,,,,,
1487,57038,target_missing,0,,-1,,,,,,,,,,,
1488,57077,target_missing,0,,-1,,,,,,,,,,,"$CV1,472,57077,0,-1,0.0,0.0,0.0,0.000000,0.000000,0.000000*3B"
1489,57105,target_missing,0,,-1,,,,,,,,,,,
1490,57136,target_missing,0,,-1,,,,,,,,,,,
1491,57171,target_missing,0,,-1,,,,,,,,,,,
1492,57205,target_missing,0,,-1,,,,,,,,,,,"$CV1,473,57205,0,-1,0.0,0.0,0.0,0.000000,0.000000,0.000000*3D"
1493,57244,target_missing,0,,-1,,,,,,,,,,,
1494,57280,target_missing,0,,-1,,,,,,,,,,,
1495,57312,target_missing,0,,-1,,,,,,,,,,,"$CV1,474,57312,0,-1,0.0,0.0,0.0,0.000000,0.000000,0.000000*3D"
1496,57344,target_missing,0,,-1,,,,,,,,,,,
1497,57377,target_missing,0,,-1,,,,,,,,,,,
1498,57422,target_missing,0,,-1,,,,,,,,,,,"$CV1,475,57422,0,-1,0.0,0.0,0.0,0.000000,0.000000,0.000000*38"
1499,57459,target_missing,0,,-1,,,,,,,,,,,
1500,57504,target_missing,0,,-1,,,,,,,,,,,
1501,57529,target_missing,0,,-1,,,,,,,,,,,"$CV1,476,57529,0,-1,0.0,0.0,0.0,0.000000,0.000000,0.000000*31"
1502,57554,target_missing,0,,-1,,,,,,,,,,,
1503,57583,target_missing,0,,-1,,,,,,,,,,,
1504,57608,target_missing,0,,-1,,,,,,,,,,,
1505,57631,target_missing,0,,-1,,,,,,,,,,,"$CV1,477,57631,0,-1,0.0,0.0,0.0,0.000000,0.000000,0.000000*3A"
1506,57656,target_missing,0,,-1,,,,,,,,,,,
1507,57678,target_missing,0,,-1,,,,,,,,,,,
1508,57702,target_missing,0,,-1,,,,,,,,,,,
1509,57726,target_missing,0,,-1,,,,,,,,,,,
1510,57742,target_missing,0,,-1,,,,,,,,,,,"$CV1,478,57742,0,-1,0.0,0.0,0.0,0.000000,0.000000,0.000000*30"
1511,57768,target_missing,0,,-1,,,,,,,,,,,
1512,57791,target_missing,0,,-1,,,,,,,,,,,
1513,57814,target_missing,0,,-1,,,,,,,,,,,
1514,57834,target_missing,0,,-1,,,,,,,,,,,
1515,57856,target_missing,0,,-1,,,,,,,,,,,"$CV1,479,57856,0,-1,0.0,0.0,0.0,0.000000,0.000000,0.000000*3B"
1516,57883,target_missing,0,,-1,,,,,,,,,,,
1517,57903,target_missing,0,,-1,,,,,,,,,,,
1518,57929,target_missing,0,,-1,,,,,,,,,,,
1519,57949,target_missing,0,,-1,,,,,,,,,,,
1520,57972,target_missing,0,,-1,,,,,,,,,,,"$CV1,480,57972,0,-1,0.0,0.0,0.0,0.000000,0.000000,0.000000*3A"
1521,57992,target_missing,0,,-1,,,,,,,,,,,
1522,58011,target_missing,0,,-1,,,,,,,,,,,
1523,58039,target_missing,0,,-1,,,,,,,,,,,
1524,58069,target_missing,0,,-1,,,,,,,,,,,
1525,58094,target_missing,0,,-1,,,,,,,,,,,"$CV1,481,58094,0,-1,0.0,0.0,0.0,0.000000,0.000000,0.000000*35"
1526,58112,target_missing,0,,-1,,,,,,,,,,,
1527,58129,target_missing,0,,-1,,,,,,,,,,,
1528,58147,target_missing,0,,-1,,,,,,,,,,,
1529,58168,target_missing,0,,-1,,,,,,,,,,,
1530,58192,target_missing,0,,-1,,,,,,,,,,,
1531,58208,target_missing,0,,-1,,,,,,,,,,,"$CV1,482,58208,0,-1,0.0,0.0,0.0,0.000000,0.000000,0.000000*31"
1532,58241,target_missing,0,,-1,,,,,,,,,,,
1533,58260,target_missing,0,,-1,,,,,,,,,,,
1534,58283,target_missing,0,,-1,,,,,,,,,,,
1535,58304,target_missing,0,,-1,,,,,,,,,,,
1536,58323,target_missing,0,,-1,,,,,,,,,,,"$CV1,483,58323,0,-1,0.0,0.0,0.0,0.000000,0.000000,0.000000*38"
1537,58354,target_missing,0,,-1,,,,,,,,,,,
1538,58387,target_missing,0,,-1,,,,,,,,,,,
1539,58406,target_missing,0,,-1,,,,,,,,,,,
1540,58429,target_missing,0,,-1,,,,,,,,,,,"$CV1,484,58429,0,-1,0.0,0.0,0.0,0.000000,0.000000,0.000000*32"
1541,58458,target_missing,0,,-1,,,,,,,,,,,
1542,58493,target_missing,0,,-1,,,,,,,,,,,
1543,58516,target_missing,0,,-1,,,,,,,,,,,
1544,58540,target_missing,0,,-1,,,,,,,,,,,"$CV1,485,58540,0,-1,0.0,0.0,0.0,0.000000,0.000000,0.000000*3D"
1545,58562,target_missing,0,,-1,,,,,,,,,,,
1546,58587,target_missing,0,,-1,,,,,,,,,,,
1547,58622,target_missing,0,,-1,,,,,,,,,,,
1548,58653,target_missing,0,,-1,,,,,,,,,,,"$CV1,486,58653,0,-1,0.0,0.0,0.0,0.000000,0.000000,0.000000*3F"
1549,58688,target_missing,0,,-1,,,,,,,,,,,
1550,58708,target_missing,0,,-1,,,,,,,,,,,
1551,58743,target_missing,0,,-1,,,,,,,,,,,
1552,58775,target_missing,0,,-1,,,,,,,,,,,"$CV1,487,58775,0,-1,0.0,0.0,0.0,0.000000,0.000000,0.000000*3B"
1553,58807,target_missing,0,,-1,,,,,,,,,,,
1554,58838,target_missing,0,,-1,,,,,,,,,,,
1555,58880,target_missing,0,,-1,,,,,,,,,,,"$CV1,488,58880,0,-1,0.0,0.0,0.0,0.000000,0.000000,0.000000*31"
1556,58911,target_missing,0,,-1,,,,,,,,,,,
1557,58934,target_missing,0,,-1,,,,,,,,,,,
1558,58961,target_missing,0,,-1,,,,,,,,,,,
1559,58991,target_missing,0,,-1,,,,,,,,,,,"$CV1,489,58991,0,-1,0.0,0.0,0.0,0.000000,0.000000,0.000000*31"
